x0,y0,z0,x1,y1,z1,x2,y2,z2,x3,y3,z3,x4,y4,z4,x5,y5,z5,x6,y6,z6,x7,y7,z7,x8,y8,z8,x9,y9,z9,x10,y10,z10,x11,y11,z11,x12,y12,z12,x13,y13,z13,x14,y14,z14,x15,y15,z15,x16,y16,z16,x17,y17,z17,x18,y18,z18,x19,y19,z19,x20,y20,z20,label
0.25378948,0.8979367,4.2583804e-07,0.32550156,0.8604465,-0.022500228,0.38756275,0.79557407,-0.02969403,0.43306297,0.74301314,-0.03635784,0.4695003,0.7149254,-0.042573847,0.33453664,0.661127,-0.0023301211,0.35075897,0.5755558,-0.012251853,0.35515448,0.5244224,-0.025157,0.35821792,0.47909486,-0.035626102,0.29522038,0.6499426,-0.003578989,0.30379635,0.5524005,-0.01118272,0.30775017,0.49281055,-0.024095094,0.30955997,0.44375104,-0.03444574,0.2577899,0.6572276,-0.008759803,0.26125473,0.5678425,-0.017949691,0.26674062,0.5140176,-0.028275385,0.27154347,0.46736053,-0.036097236,0.21806176,0.6793031,-0.01688145,0.21417594,0.60769916,-0.026426386,0.21551472,0.56269807,-0.030390102,0.21931669,0.5200602,-0.03289224,open_palm
0.25412104,0.89808244,4.221467e-07,0.32570413,0.8607855,-0.022537693,0.38781387,0.79556745,-0.029226828,0.43341342,0.74295056,-0.035397835,0.46998328,0.715185,-0.04106494,0.33505556,0.6609205,-0.00067064614,0.35124576,0.575317,-0.009715602,0.35542727,0.5243742,-0.022210171,0.35823017,0.4793071,-0.032486632,0.2958605,0.6499516,-0.001654451,0.30467847,0.5531096,-0.008460063,0.30838144,0.49342525,-0.02119694,0.30989778,0.44415805,-0.03155925,0.25844812,0.657175,-0.0067183743,0.2623218,0.5684262,-0.015504704,0.2679742,0.51537174,-0.026045721,0.27262628,0.46957162,-0.034099907,0.21858338,0.6785397,-0.014752975,0.21490031,0.6075259,-0.02409521,0.21610245,0.56290734,-0.028280677,0.21968378,0.5204634,-0.031079885,open_palm
0.25454924,0.8977423,4.157391e-07,0.32633424,0.8606733,-0.022501701,0.3885462,0.7963228,-0.029410819,0.433773,0.7439686,-0.035791922,0.47002304,0.71518517,-0.04169242,0.33499953,0.66198665,-0.0015095614,0.35107338,0.5763046,-0.011054348,0.35545033,0.5254559,-0.023713458,0.35857195,0.48034483,-0.034028288,0.2960223,0.65100527,-0.0025587785,0.30470046,0.5538968,-0.009917487,0.3086863,0.49439996,-0.022830201,0.31064135,0.445239,-0.03323415,0.25889477,0.65806484,-0.007610429,0.26247543,0.5693029,-0.01673572,0.268323,0.5160119,-0.027239718,0.27341673,0.4697914,-0.035209972,0.21942587,0.6793672,-0.015599573,0.21558912,0.6086607,-0.025078539,0.2167812,0.56431556,-0.029142022,0.22022791,0.5222868,-0.03179125,open_palm
0.2551207,0.8979467,4.197826e-07,0.32678998,0.86095744,-0.022694074,0.38878453,0.79663676,-0.029869236,0.43391326,0.7444142,-0.036454946,0.4702195,0.71590316,-0.04263719,0.33510032,0.6624774,-0.0026675437,0.35124987,0.5771618,-0.012611615,0.35584405,0.5262536,-0.025395103,0.35915232,0.48105425,-0.035793804,0.29605615,0.651687,-0.0038096132,0.30517286,0.5545284,-0.011607778,0.30937457,0.49497634,-0.02460629,0.31148255,0.44571868,-0.035025317,0.25887588,0.659114,-0.008895796,0.26279354,0.5698667,-0.018519875,0.26839295,0.5162523,-0.029144105,0.2732593,0.46979547,-0.0371234,0.2193402,0.6810714,-0.01689041,0.21545124,0.60983086,-0.026925148,0.21661565,0.5648542,-0.031279463,0.22017698,0.52216303,-0.034075517,open_palm
0.25527188,0.8979492,4.2548865e-07,0.32701537,0.8607725,-0.02293228,0.38903826,0.7960109,-0.030005468,0.4341848,0.74367744,-0.036476865,0.47078305,0.7164693,-0.042499546,0.33553594,0.66163105,-0.0018823665,0.35157305,0.5766119,-0.011519778,0.3558701,0.525821,-0.024344226,0.3589874,0.48060232,-0.0348521,0.29631713,0.6508082,-0.0027869786,0.30484563,0.55451083,-0.010281441,0.30877942,0.49513036,-0.023338769,0.3107833,0.44573167,-0.03385219,0.25899857,0.65822315,-0.0077200443,0.26245347,0.56972724,-0.017049884,0.26807043,0.516807,-0.027659973,0.27297628,0.47068202,-0.035652734,0.21949819,0.6800605,-0.015637811,0.21592866,0.60914046,-0.025368689,0.21734333,0.56477535,-0.029615894,0.22116637,0.52255833,-0.032355063,open_palm
0.2560234,0.897161,4.2526636e-07,0.3277213,0.86022305,-0.022632588,0.38977796,0.7956309,-0.029474342,0.43493244,0.7435245,-0.035780028,0.47158736,0.71647036,-0.041636128,0.3369596,0.6611843,-0.0014720799,0.35319078,0.57593143,-0.010795805,0.3574548,0.5250506,-0.023475857,0.36036372,0.47977805,-0.03391456,0.29775628,0.6501248,-0.0025203973,0.3060902,0.55338573,-0.009703176,0.3099239,0.49377573,-0.022718675,0.31162965,0.44472867,-0.033235986,0.2604065,0.657467,-0.00755394,0.26386645,0.56905717,-0.016557228,0.26960918,0.5162546,-0.027139459,0.27457532,0.4704488,-0.03515503,0.22074778,0.6792961,-0.015550855,0.21674292,0.60841787,-0.025087176,0.21800405,0.5640197,-0.029284602,0.22171853,0.52169776,-0.031991147,open_palm
0.2569728,0.8973806,4.1338856e-07,0.32928234,0.8607182,-0.022370417,0.39172307,0.79565024,-0.028834125,0.43700486,0.74385965,-0.034833074,0.47308046,0.7173049,-0.04041217,0.33811012,0.6611239,-0.0009407665,0.3539245,0.5761273,-0.010137599,0.3581097,0.525267,-0.022765776,0.3611185,0.4797666,-0.03326265,0.29921445,0.65029085,-0.0020600336,0.3078964,0.55447614,-0.00930861,0.31183672,0.49471918,-0.02247331,0.31375074,0.444965,-0.03315764,0.26219907,0.65744823,-0.007177795,0.26576018,0.5694953,-0.016388703,0.2714861,0.5169089,-0.027250104,0.27634352,0.47123265,-0.035443123,0.22282907,0.67884576,-0.015256189,0.21871367,0.6080927,-0.025002485,0.2194606,0.56344444,-0.029522985,0.22261107,0.52085716,-0.03252501,open_palm
0.25855827,0.8970279,4.1040607e-07,0.33074382,0.86069953,-0.022114696,0.39288518,0.7958759,-0.028734574,0.43813297,0.74449456,-0.034955382,0.47442335,0.7187688,-0.040830158,0.33929121,0.6622218,-0.0018861841,0.3554186,0.5772455,-0.011526764,0.3598566,0.52659595,-0.02417594,0.3631002,0.4814945,-0.034582507,0.30036768,0.65143305,-0.0032432182,0.3089304,0.5553448,-0.010964243,0.31292623,0.49584305,-0.024096338,0.31494865,0.44613183,-0.03466974,0.2634882,0.6585026,-0.008503379,0.2668078,0.57077783,-0.018052049,0.27284327,0.5185404,-0.028702585,0.2781214,0.4731421,-0.03666288,0.22426608,0.67979205,-0.016678132,0.22008172,0.6090403,-0.026584227,0.22114222,0.5645629,-0.030924972,0.22454405,0.5222419,-0.03373479,open_palm
0.2596314,0.8973373,4.1391047e-07,0.33203754,0.86106336,-0.022281224,0.39423192,0.79641336,-0.02886035,0.43928063,0.74483806,-0.03494138,0.47529197,0.71919554,-0.040647462,0.34081665,0.6626476,-0.0018047777,0.35694316,0.577813,-0.011372583,0.36127257,0.5270597,-0.024116175,0.3644371,0.48184767,-0.034626395,0.30179074,0.6516587,-0.0029685323,0.3103513,0.5556259,-0.010564211,0.3143625,0.49636605,-0.023759678,0.31638992,0.4473608,-0.034382474,0.26473376,0.6587038,-0.008023409,0.26812473,0.5704922,-0.01748736,0.27387798,0.5184542,-0.028166648,0.2788461,0.4734568,-0.036139052,0.22548147,0.6802152,-0.01599203,0.22156246,0.6091615,-0.025905222,0.22271875,0.56468105,-0.030295802,0.2263301,0.5224275,-0.033103645,open_palm
0.26096803,0.8966097,4.0995582e-07,0.33317596,0.8609302,-0.02218333,0.3953305,0.79682153,-0.028773108,0.44031057,0.74535346,-0.034919493,0.47642213,0.71965516,-0.040747274,0.34205553,0.66290575,-0.0019991028,0.35842055,0.57825935,-0.011667771,0.362852,0.5274996,-0.024394251,0.3659985,0.48228067,-0.0348838,0.30330068,0.65209705,-0.0032291296,0.31204543,0.55662614,-0.011037851,0.3158848,0.49712223,-0.024330163,0.31759635,0.44749653,-0.03506299,0.26649964,0.65904754,-0.00833886,0.26985416,0.571703,-0.01797176,0.27557048,0.5200438,-0.028710602,0.2803994,0.47525775,-0.036744304,0.22728945,0.6801076,-0.016359942,0.2233921,0.6095168,-0.026409926,0.2246548,0.5653296,-0.030937707,0.22828296,0.52327114,-0.033884507,open_palm
0.2620965,0.8962193,4.1592216e-07,0.33437985,0.86056554,-0.022287028,0.39650697,0.79679966,-0.02905326,0.44140872,0.7453225,-0.035301395,0.4776127,0.71979815,-0.041231018,0.3433824,0.663064,-0.0026362683,0.35983717,0.5783643,-0.012391627,0.36452413,0.52753925,-0.025112731,0.36786544,0.4825226,-0.035544436,0.3046006,0.6520861,-0.0038321146,0.31329927,0.55630004,-0.011567084,0.31738433,0.49705625,-0.024695396,0.3193756,0.44810584,-0.03529049,0.26779848,0.65902096,-0.008855297,0.27144694,0.5714138,-0.018297141,0.27754906,0.51962495,-0.028894909,0.28290367,0.47485387,-0.036864426,0.22857875,0.68041027,-0.016785845,0.224478,0.6099351,-0.026720135,0.22591415,0.5657893,-0.031146975,0.22977687,0.5238566,-0.033988666,open_palm
0.26352412,0.8966879,4.1530922e-07,0.3357666,0.8610045,-0.022408267,0.3981333,0.7969213,-0.028882787,0.44315845,0.7458227,-0.034802217,0.4791539,0.7204721,-0.04035655,0.34479672,0.66310656,-0.001873162,0.36134988,0.5785764,-0.011176809,0.3659705,0.5279542,-0.023775993,0.36932236,0.48276824,-0.034203216,0.3061485,0.652128,-0.0029098915,0.3149763,0.5566449,-0.010246793,0.31900597,0.49702257,-0.023431798,0.3209708,0.4475447,-0.03411084,0.26940012,0.6590504,-0.0078193005,0.27335465,0.5716145,-0.017017,0.27963924,0.51988906,-0.027767722,0.28503272,0.47507057,-0.03585171,0.23017108,0.6803687,-0.015663689,0.22629672,0.61003715,-0.025386244,0.22742549,0.5658309,-0.029780822,0.23089322,0.5238972,-0.032637034,open_palm
0.26527882,0.8974191,4.118365e-07,0.33697414,0.86160946,-0.022390978,0.3996881,0.7974953,-0.029086422,0.44534594,0.7469215,-0.035256106,0.48133376,0.72181594,-0.04107007,0.34675103,0.6640369,-0.0020970947,0.3631983,0.5797641,-0.011604559,0.36765045,0.5294159,-0.02430488,0.37101126,0.48458397,-0.034752164,0.30806586,0.6529102,-0.0032035832,0.3168564,0.55781585,-0.010709277,0.32080257,0.49830908,-0.023922764,0.3227798,0.4488675,-0.034598675,0.27125466,0.65971124,-0.008184937,0.27513617,0.5725272,-0.017396547,0.28155053,0.5209639,-0.028047526,0.28714758,0.4764177,-0.036068283,0.23195729,0.6808813,-0.016115429,0.22828573,0.6109441,-0.025740745,0.22967185,0.56691295,-0.030050527,0.23338482,0.5251773,-0.03285692,open_palm
0.26658034,0.89746165,4.109719e-07,0.33838204,0.8621761,-0.022341626,0.40085626,0.79943824,-0.029041063,0.44616094,0.7490664,-0.035198227,0.4820966,0.7224681,-0.04093588,0.34822416,0.6653396,-0.0020456987,0.36523643,0.58108693,-0.011645421,0.3701322,0.5307133,-0.024371311,0.3737221,0.48582044,-0.03478866,0.30975392,0.653766,-0.0031563668,0.31874824,0.55830216,-0.0106921755,0.32302466,0.49903697,-0.023862863,0.3251519,0.45005798,-0.03448796,0.27313387,0.66019315,-0.0081399,0.277131,0.572986,-0.017387569,0.2837366,0.5215076,-0.02791928,0.28937325,0.47703508,-0.03582145,0.2339187,0.6812784,-0.016055044,0.22992727,0.61111057,-0.025811246,0.23130855,0.56689906,-0.030113034,0.23488986,0.5249059,-0.032842744,open_palm
0.26810035,0.8981273,4.1236714e-07,0.34019718,0.8628011,-0.022167312,0.40295497,0.79910976,-0.028616257,0.44861168,0.74888897,-0.03458298,0.4844101,0.72328645,-0.040189758,0.3503858,0.6654487,-0.0014758845,0.3670021,0.581267,-0.010946715,0.3717999,0.5308343,-0.023684513,0.37548947,0.48603117,-0.03414026,0.31196457,0.6539537,-0.0026497387,0.32110834,0.55875516,-0.010060739,0.32559174,0.4993469,-0.023249518,0.3280195,0.45035112,-0.033906728,0.2752358,0.6603849,-0.0077294004,0.27946162,0.5728367,-0.016862566,0.2858327,0.52108645,-0.027493373,0.29130617,0.47636107,-0.03551465,0.23597226,0.6813207,-0.015750015,0.23233482,0.6111066,-0.025407026,0.23385695,0.56695426,-0.029787095,0.23768103,0.5249561,-0.032638643,open_palm
0.27045202,0.89795,4.1182844e-07,0.3424762,0.86298,-0.022031803,0.40504104,0.79917854,-0.028529331,0.45085064,0.7491576,-0.03464565,0.48714277,0.72423995,-0.04041476,0.35261536,0.6654996,-0.0017312398,0.36967403,0.5814364,-0.011469442,0.37487918,0.53099644,-0.024307836,0.3788588,0.486474,-0.03480758,0.31419966,0.6538714,-0.0031304674,0.3236057,0.5585444,-0.010888945,0.32833967,0.4990472,-0.024128484,0.33094314,0.4502677,-0.034761567,0.2775788,0.66016275,-0.008428981,0.281869,0.57225823,-0.017811812,0.28823468,0.52041525,-0.028414927,0.2936874,0.47573045,-0.036380365,0.2384203,0.6811798,-0.016667796,0.2347196,0.61077505,-0.026535153,0.23636812,0.566297,-0.030986654,0.2402718,0.52395535,-0.03385935,open_palm
0.2717851,0.89802897,4.1101026e-07,0.3442236,0.862965,-0.021861164,0.40699154,0.80001026,-0.028413258,0.45299748,0.7501787,-0.034594607,0.4892916,0.724659,-0.040436566,0.35468876,0.66582626,-0.0013956119,0.3716197,0.5817457,-0.011218422,0.37674564,0.53104544,-0.024097398,0.38068518,0.48626232,-0.03461184,0.3163776,0.6540586,-0.0028794557,0.3260353,0.55839103,-0.010667798,0.33078486,0.49878657,-0.023894973,0.33341897,0.44984066,-0.03448363,0.2796744,0.6602952,-0.008273889,0.28417206,0.5718956,-0.017777493,0.29033518,0.51933444,-0.0284431,0.2956428,0.47378832,-0.036418505,0.24057102,0.6812696,-0.016569002,0.23713547,0.6105473,-0.026519645,0.23880589,0.5657347,-0.030975744,0.2427462,0.52303153,-0.033832543,open_palm
0.27378085,0.898865,4.1045408e-07,0.34581208,0.8642536,-0.022543663,0.40919012,0.80167866,-0.029577145,0.45546418,0.7518886,-0.036090955,0.4915256,0.7249621,-0.042167075,0.35698044,0.66669244,-0.0023965512,0.37420738,0.58251846,-0.012650419,0.37943888,0.5318113,-0.02581711,0.38351423,0.487005,-0.036471363,0.31861162,0.654517,-0.0035690651,0.32849434,0.5588299,-0.011663758,0.3334477,0.49932748,-0.025071882,0.33617902,0.4505353,-0.035782717,0.28192398,0.6604361,-0.008662383,0.2865644,0.5722254,-0.01822429,0.29287043,0.5198985,-0.028819347,0.2981604,0.4747499,-0.036769804,0.24292788,0.6812369,-0.0167119,0.2399527,0.61102915,-0.02655661,0.24181652,0.5666089,-0.030862391,0.24574263,0.5246771,-0.033600874,open_palm
0.2750123,0.89891255,4.0963113e-07,0.34749225,0.8647833,-0.022277068,0.41054955,0.8026743,-0.029177735,0.45699382,0.752763,-0.035697315,0.4941707,0.7272732,-0.04185821,0.358481,0.66786146,-0.001849286,0.37606138,0.5835406,-0.011947431,0.38153487,0.53282213,-0.024924379,0.38573545,0.48805815,-0.03546954,0.32050478,0.655704,-0.0032568192,0.33074406,0.55976975,-0.011359086,0.33589655,0.5001075,-0.02467069,0.338745,0.45113707,-0.03529609,0.2841089,0.66135746,-0.008630222,0.28881004,0.5730169,-0.018344285,0.29546618,0.5208014,-0.028889384,0.30108565,0.47580242,-0.03672166,0.24509722,0.68161595,-0.016952,0.24170637,0.610798,-0.027009312,0.24354321,0.5656967,-0.031438094,0.24752958,0.5228578,-0.034243446,open_palm
0.27696288,0.8993755,4.1391493e-07,0.34882373,0.8646022,-0.022516374,0.41187447,0.8024139,-0.029640952,0.45812953,0.75311947,-0.036360182,0.4953277,0.7277005,-0.04269576,0.36005884,0.66795707,-0.0020414356,0.37773463,0.58380044,-0.0122287525,0.3834212,0.53320444,-0.025359247,0.38803852,0.48849463,-0.036046993,0.3220316,0.6559715,-0.0034421473,0.33196688,0.56016946,-0.011730738,0.33723864,0.5004982,-0.025365282,0.34052056,0.45145783,-0.036240965,0.28559086,0.6618001,-0.008816984,0.2906831,0.57359815,-0.018700527,0.2978282,0.5212172,-0.02958675,0.30411598,0.4759398,-0.03770732,0.24654505,0.68215114,-0.017145086,0.24360666,0.61169297,-0.027338788,0.2458707,0.5669941,-0.03194347,0.25039637,0.52443194,-0.034914885,open_palm
0.27885807,0.89992934,4.2615272e-07,0.3499021,0.86443204,-0.022861427,0.41241923,0.8021532,-0.030475125,0.45907834,0.7534188,-0.03762052,0.4967201,0.7282331,-0.04448449,0.3612512,0.6684423,-0.0031401943,0.3789134,0.5843875,-0.013864316,0.38497025,0.5336258,-0.027297774,0.39018086,0.4886089,-0.03824107,0.32350454,0.65590256,-0.0047196024,0.3338375,0.5603218,-0.013564735,0.33987212,0.5002519,-0.027458567,0.34419906,0.45110637,-0.038603082,0.2870866,0.66159576,-0.010357028,0.2924957,0.5727931,-0.020752318,0.30071384,0.51924366,-0.03224059,0.30856442,0.47304443,-0.040932506,0.247837,0.681618,-0.018956,0.24455184,0.61053437,-0.029765528,0.24754024,0.5654204,-0.03508497,0.25358754,0.5220317,-0.03871982,open_palm
0.2815971,0.90075934,4.0972535e-07,0.35251024,0.8645265,-0.020831415,0.41357446,0.80214584,-0.027753904,0.45814952,0.7534772,-0.034632128,0.49407497,0.7252397,-0.041351847,0.36222196,0.66856295,-0.002120421,0.3793049,0.58453625,-0.012976115,0.38576734,0.534076,-0.026370233,0.391785,0.48911205,-0.037288673,0.32489872,0.65634555,-0.004937378,0.33548924,0.56079143,-0.014052452,0.34267667,0.5006001,-0.02801049,0.34846053,0.45158282,-0.039227743,0.28893134,0.6629007,-0.011713742,0.29422995,0.57362527,-0.022542832,0.30359948,0.5191718,-0.034398932,0.31305683,0.47177762,-0.043440815,0.25042483,0.6838839,-0.021228438,0.24734926,0.6119578,-0.03288533,0.25088334,0.56614614,-0.03883465,0.25794137,0.52162564,-0.04298284,open_palm
0.28538373,0.89969575,3.6859097e-07,0.35334706,0.86459714,-0.015882423,0.40850678,0.79942685,-0.021434616,0.45036143,0.7504682,-0.027982032,0.48582584,0.7229207,-0.03480533,0.36229214,0.66918516,-0.0012321875,0.37917775,0.58632207,-0.012630618,0.38638812,0.5357628,-0.025909454,0.3926789,0.49095124,-0.036823153,0.32675505,0.65674067,-0.006974863,0.33844858,0.5623896,-0.017026858,0.3471378,0.501887,-0.03047362,0.35404423,0.4527648,-0.041291866,0.29223543,0.66353166,-0.016231773,0.2973393,0.57376456,-0.027536426,0.3075003,0.51839554,-0.038780022,0.31786704,0.4707986,-0.0475496,0.25573546,0.68477076,-0.027814215,0.2524142,0.6119957,-0.039836675,0.25637192,0.5647734,-0.045909952,0.2645244,0.51962715,-0.05038602,open_palm
0.2912063,0.8996715,3.1145373e-07,0.35391104,0.8638017,-0.010215042,0.40197837,0.7966221,-0.014460368,0.4374772,0.7484502,-0.021155132,0.46970105,0.7201704,-0.028582638,0.3613819,0.67056584,0.0017423796,0.3766149,0.5893041,-0.011242843,0.384833,0.5399446,-0.025043033,0.3927257,0.49590805,-0.036105286,0.3300056,0.6594695,-0.007823078,0.341843,0.5664754,-0.019749414,0.3542539,0.50570256,-0.033257615,0.36529168,0.45487633,-0.043897834,0.29929632,0.6668116,-0.02070224,0.30416182,0.5755137,-0.033671957,0.3164023,0.51860285,-0.04434465,0.3289192,0.47053117,-0.052429393,0.26738188,0.68853027,-0.035464436,0.26338872,0.6151886,-0.048605643,0.26899958,0.5648972,-0.05474258,0.27870727,0.51785016,-0.05925581,open_palm
0.2972225,0.8967697,2.2813586e-07,0.35468787,0.8588818,0.0006595651,0.39102888,0.79597014,-0.00037670555,0.41724065,0.75598574,-0.006112326,0.4410168,0.7232275,-0.012891533,0.35907677,0.66496754,0.013175715,0.3726141,0.58732015,0.0023405226,0.38461518,0.5430049,-0.010328131,0.39684078,0.5014014,-0.020860717,0.33653978,0.65731514,-0.0019294298,0.34608725,0.5671342,-0.011739628,0.3611443,0.5096308,-0.02446533,0.37543535,0.4572212,-0.03538283,0.3131787,0.666344,-0.019834634,0.31826666,0.5789754,-0.030927047,0.33349663,0.52264994,-0.04113456,0.3490673,0.4724073,-0.049617056,0.2887384,0.69004244,-0.03880285,0.28193635,0.61920893,-0.050355893,0.29144242,0.5709496,-0.055855222,0.30548048,0.5268974,-0.060545497,open_palm
0.28525048,0.8912696,1.370417e-07,0.35172352,0.8391231,0.036091343,0.37186518,0.7809889,0.049667258,0.38832006,0.74493134,0.05017078,0.41236436,0.717064,0.047751717,0.34936893,0.6674345,0.057025407,0.36473274,0.5935182,0.05603488,0.3809362,0.5475625,0.048628114,0.39799756,0.50608206,0.04006934,0.33231357,0.6619328,0.022817217,0.34361416,0.57051843,0.018102782,0.3641504,0.51178247,0.0067932694,0.38464782,0.46415272,-0.003292378,0.3148181,0.6713661,-0.01307464,0.32159048,0.580855,-0.02173615,0.34429246,0.5262346,-0.030987194,0.36667705,0.48014712,-0.038924173,0.3011673,0.6939323,-0.04749725,0.30672804,0.6143599,-0.05788379,0.32337907,0.56662226,-0.06341288,0.34318224,0.5254967,-0.06884507,open_palm
0.28144544,0.88884836,-5.1863797e-08,0.34072962,0.82153803,0.06858732,0.3573669,0.76507723,0.09946151,0.3698801,0.73003346,0.1127377,0.38643804,0.6987318,0.122522764,0.3294174,0.6786488,0.08336282,0.35010403,0.6023191,0.09003793,0.36821392,0.5477288,0.08959399,0.3856172,0.5036903,0.0852058,0.32005322,0.67895675,0.03610456,0.3451269,0.57857347,0.03328403,0.36923474,0.5195203,0.024486486,0.39146587,0.47153097,0.016044999,0.31404257,0.6848248,-0.010229035,0.3376589,0.5880251,-0.017754212,0.36377048,0.5319197,-0.028021842,0.3866443,0.4861822,-0.037407912,0.31553784,0.6935738,-0.051831007,0.3351539,0.61643124,-0.063284844,0.35321933,0.5712994,-0.0724504,0.37207523,0.53499806,-0.08154806,open_palm
0.2844111,0.8872613,1.1628554e-08,0.33783403,0.82483435,0.05613587,0.35029796,0.7658849,0.07981764,0.35906893,0.7302994,0.088253245,0.3713138,0.69581884,0.093129076,0.32857403,0.67744297,0.064187825,0.34666565,0.6010099,0.065070815,0.36440638,0.5478724,0.06101178,0.3817663,0.50338477,0.05474213,0.31989017,0.67803794,0.022637654,0.3441437,0.5775824,0.016812868,0.3687107,0.5180027,0.006062602,0.3907585,0.46988004,-0.0036927601,0.31359208,0.68576175,-0.01811741,0.33775955,0.58847624,-0.02697722,0.36465904,0.5335065,-0.038608473,0.38821006,0.4882381,-0.04902234,0.31374308,0.69865775,-0.05492896,0.33410832,0.62400925,-0.06638801,0.3541396,0.5833338,-0.07507698,0.37473053,0.5508652,-0.08373085,open_palm
0.2858561,0.8833328,-6.908243e-08,0.33742103,0.82034916,0.077711366,0.3503793,0.7675778,0.1147358,0.3593064,0.7343169,0.13306622,0.37415326,0.70012474,0.14786978,0.32865167,0.6756799,0.09765724,0.34678036,0.6027389,0.11046097,0.36211553,0.5503397,0.11433381,0.3766962,0.50898015,0.112700306,0.31983915,0.6757606,0.047336288,0.34286144,0.57785344,0.049730103,0.36423627,0.52133423,0.044080947,0.38337103,0.4749862,0.037698384,0.31340614,0.6805209,-0.001848056,0.33447987,0.58466977,-0.0068161357,0.35833853,0.5309737,-0.015362888,0.37872306,0.4869191,-0.023407096,0.3134287,0.6869938,-0.0455505,0.33109763,0.6113976,-0.05659952,0.34812933,0.5673303,-0.0656645,0.3660689,0.53099036,-0.07436587,open_palm
0.2912245,0.88762677,-5.8115983e-08,0.34096545,0.8287198,0.056087673,0.35187393,0.77160007,0.083348855,0.36005184,0.7356433,0.09616937,0.37420043,0.70303434,0.105738215,0.3326527,0.6782461,0.06931768,0.34756136,0.6027087,0.07375667,0.36201212,0.5499456,0.07301592,0.37563047,0.5054614,0.069138624,0.3236193,0.67620975,0.029686673,0.3421054,0.5820376,0.02616134,0.3619684,0.5244569,0.018945858,0.38031095,0.47682744,0.01236671,0.31452167,0.6821767,-0.009502811,0.33172166,0.59072614,-0.01684833,0.3533216,0.5367102,-0.024752267,0.37276503,0.49031305,-0.031726614,0.30974492,0.69445616,-0.044991154,0.3237806,0.618665,-0.05608775,0.33945554,0.5746356,-0.0634975,0.35665038,0.53770345,-0.07039284,open_palm
0.29054922,0.8876286,-5.178925e-08,0.3407935,0.8301801,0.059239037,0.3521014,0.7727204,0.08813461,0.36004606,0.73758197,0.101975106,0.37504384,0.7044508,0.11243575,0.3337631,0.67775553,0.07354138,0.34812203,0.60210824,0.07951782,0.362189,0.54989195,0.080058925,0.3754926,0.50588655,0.07697794,0.32381874,0.67614627,0.03187293,0.34111437,0.58134025,0.029196084,0.36130476,0.5235969,0.022658644,0.37944865,0.47685352,0.01668199,0.31410226,0.6824065,-0.009325235,0.32864523,0.5895772,-0.016805882,0.35038346,0.5352125,-0.024316797,0.36990127,0.48886514,-0.03071695,0.30870253,0.6946026,-0.046597503,0.3204259,0.6165498,-0.058329128,0.33627835,0.5709161,-0.06596074,0.35363176,0.53323835,-0.07280027,open_palm
0.28785774,0.88491136,-9.254447e-08,0.33940145,0.82732284,0.07034888,0.35288423,0.7718913,0.10438572,0.3609648,0.73932445,0.12150291,0.37648025,0.70419383,0.13467163,0.33417526,0.6764726,0.083684,0.34961286,0.6029713,0.09302521,0.36325976,0.55204195,0.09559079,0.37638444,0.5094432,0.09303724,0.32280007,0.6763528,0.0358681,0.3404394,0.5801165,0.03424859,0.36101755,0.52318585,0.027532961,0.37887472,0.4763849,0.020848757,0.31214416,0.683645,-0.01080799,0.32663152,0.5892226,-0.01911228,0.34947726,0.5352588,-0.027783226,0.3692311,0.48925793,-0.035221115,0.3064304,0.6955399,-0.05243313,0.31973895,0.61667687,-0.06664162,0.33644474,0.5695362,-0.07675977,0.35376287,0.53038514,-0.08569521,open_palm
0.28634706,0.88401777,-8.334118e-08,0.3387844,0.8280055,0.06862037,0.35208347,0.77252305,0.10226691,0.3605897,0.7392938,0.11926478,0.37755305,0.7053205,0.13260649,0.33457,0.677467,0.08417213,0.3499516,0.6040566,0.09392939,0.36342934,0.55391324,0.09665447,0.37606263,0.5114838,0.094398916,0.32248402,0.67672926,0.037487946,0.3401855,0.5822208,0.036877036,0.36035514,0.5255891,0.031055171,0.3777693,0.47879034,0.025110764,0.3107152,0.6830972,-0.008335414,0.32558137,0.5906172,-0.015390929,0.3483779,0.53811455,-0.022707298,0.36802912,0.492994,-0.02908749,0.30388337,0.69393146,-0.049429484,0.31793377,0.6153953,-0.062503174,0.3348353,0.5680888,-0.071507186,0.35224572,0.5289023,-0.07942701,open_palm
0.28696537,0.8849708,-6.178477e-08,0.3388531,0.8300555,0.06351107,0.35208938,0.7731048,0.0948028,0.36063388,0.73955375,0.11027932,0.37655774,0.7053408,0.122187436,0.33445573,0.67882276,0.078681156,0.34919852,0.6050532,0.08683678,0.36298028,0.5542733,0.088559724,0.37610212,0.5119206,0.085856594,0.3222325,0.6770616,0.03454007,0.33911493,0.5827477,0.033060078,0.35967633,0.52582455,0.0266225,0.3779638,0.47946763,0.020433236,0.31051752,0.6835402,-0.008960577,0.3244281,0.5912588,-0.016540848,0.34708357,0.5385271,-0.024470288,0.3672126,0.4936487,-0.031163497,0.3036163,0.6959447,-0.048119392,0.31681272,0.61770445,-0.061408162,0.3336438,0.5709033,-0.070471086,0.35120207,0.5323987,-0.07829915,open_palm
0.28595743,0.88728607,-7.1889986e-08,0.33746827,0.82976294,0.0651579,0.3503608,0.7731046,0.09689568,0.35845986,0.7391108,0.112686686,0.3737397,0.7045776,0.12489907,0.33207676,0.67981875,0.07881196,0.3474394,0.60545164,0.08661455,0.36172435,0.55374104,0.08813914,0.37529087,0.51079273,0.08529813,0.3211768,0.67907846,0.034004565,0.3387264,0.583507,0.03210574,0.35929397,0.5259806,0.025412528,0.3774777,0.47916532,0.018915495,0.31069103,0.6856747,-0.009961157,0.32601666,0.59207284,-0.01784808,0.3486173,0.5378456,-0.026417993,0.368338,0.49151444,-0.033732206,0.30498233,0.69743955,-0.049355704,0.31895944,0.6192638,-0.06270695,0.33558387,0.57248557,-0.07220733,0.35261095,0.5336596,-0.08057702,open_palm
0.28563425,0.88690597,-6.2166734e-08,0.33757287,0.83074224,0.06627611,0.35079515,0.77392083,0.0992026,0.35884058,0.73947114,0.11595388,0.37424016,0.70420784,0.12928575,0.33213133,0.6790387,0.0836277,0.34773982,0.6058815,0.09332153,0.36231285,0.55571157,0.095914364,0.37608355,0.5134113,0.093763046,0.32036048,0.6771266,0.03865087,0.33736116,0.5829904,0.038538493,0.35843676,0.5260942,0.033169225,0.37729838,0.48009506,0.027631056,0.30886438,0.682948,-0.0057327375,0.32314312,0.5903795,-0.012427581,0.3465829,0.5371584,-0.01966117,0.3674637,0.49186775,-0.025928339,0.30246776,0.6942468,-0.04560824,0.31626993,0.61579734,-0.05804092,0.33345166,0.5692311,-0.06654526,0.3513014,0.5310064,-0.074088156,open_palm
0.28408995,0.8846735,4.3154e-08,0.34154755,0.83749485,0.049845908,0.3573959,0.7776494,0.07481368,0.37010926,0.7435681,0.08626011,0.38980037,0.71320254,0.094630994,0.3367508,0.6705839,0.06744645,0.35010496,0.59740543,0.074082114,0.36392072,0.5496109,0.074015014,0.3775529,0.5082565,0.07023246,0.32178828,0.66641885,0.030065957,0.33539784,0.57559216,0.030232336,0.35502538,0.5187037,0.023972375,0.37369314,0.47300535,0.01750224,0.3059644,0.67467874,-0.007561258,0.31436384,0.5857289,-0.0136509435,0.33626544,0.53390306,-0.02129694,0.35743022,0.4902674,-0.028122641,0.29373798,0.6932186,-0.042189788,0.30366284,0.6145148,-0.054380026,0.32201818,0.569538,-0.062335625,0.34252435,0.5325523,-0.06924282,open_palm
0.2900822,0.8897617,1.1734603e-07,0.3482325,0.84730124,0.025849467,0.3695823,0.7836558,0.038695455,0.3867193,0.74565274,0.04217803,0.40507928,0.7164327,0.04312227,0.3412518,0.66960967,0.040753905,0.3554808,0.5956813,0.0393821,0.36913416,0.552408,0.033265904,0.38302588,0.51261663,0.02599971,0.32485092,0.66356796,0.014140114,0.3384631,0.57448053,0.011548208,0.3556826,0.51826394,0.0022049656,0.37124217,0.47155327,-0.0072462237,0.30634475,0.67245424,-0.013958781,0.31482774,0.5862773,-0.020373736,0.33209682,0.5325924,-0.029728962,0.34832382,0.48543882,-0.03888372,0.28841615,0.6940371,-0.04112829,0.29134512,0.6194515,-0.052562334,0.30569366,0.5735669,-0.059941813,0.3231753,0.53189975,-0.06691046,open_palm
0.2870927,0.89013135,1.06812685e-07,0.35165918,0.8416098,0.046863448,0.3757255,0.78556,0.07110751,0.39471987,0.75102615,0.081267655,0.41513664,0.72062176,0.08827574,0.343633,0.67226726,0.07493383,0.35853854,0.5967759,0.08152311,0.3709477,0.5523992,0.078897424,0.38350075,0.512951,0.07291505,0.32280073,0.66623837,0.036692996,0.33761856,0.57405055,0.03751821,0.3544953,0.5159193,0.027706044,0.36906552,0.4707743,0.017862558,0.30152595,0.6706948,-0.0029333709,0.31086984,0.58468324,-0.008521582,0.32832417,0.5308739,-0.01745197,0.3441076,0.4847715,-0.026048262,0.2828087,0.68503314,-0.040305596,0.28523868,0.6099206,-0.053447653,0.29678223,0.5631207,-0.061535288,0.31148982,0.5217655,-0.06885678,open_palm
0.2901057,0.89358914,1.5236704e-07,0.35392267,0.84804624,0.03450962,0.3808284,0.7894375,0.05289898,0.40237784,0.75298136,0.05959895,0.42105943,0.7225746,0.06368368,0.34677818,0.6717463,0.05998847,0.3621549,0.59525156,0.062320907,0.37464225,0.55106217,0.0568196,0.3873981,0.5113643,0.04961591,0.3253965,0.66400415,0.028433247,0.3399533,0.573479,0.027203768,0.35612267,0.51510453,0.016504517,0.37016845,0.46950087,0.0063015525,0.3031046,0.66935444,-0.0049402746,0.3124414,0.5842899,-0.0111462595,0.32851428,0.53064394,-0.020382095,0.3431721,0.48414695,-0.028955348,0.2816965,0.68690854,-0.037015826,0.2826209,0.6134828,-0.048572656,0.2925026,0.56754273,-0.05503969,0.3057503,0.5254638,-0.06101111,open_palm
0.2923086,0.89483786,1.3459994e-07,0.35414544,0.8504802,0.030716877,0.3816296,0.78895503,0.04781359,0.40286663,0.7511666,0.054248028,0.4215116,0.7221301,0.058271445,0.3490558,0.6704487,0.05423482,0.36366785,0.59356666,0.055335436,0.376189,0.54972947,0.049648393,0.3890437,0.5105958,0.042681072,0.3278772,0.6627116,0.025342178,0.34152013,0.5720439,0.02389068,0.3577268,0.5147342,0.014263981,0.37206945,0.4692818,0.005068902,0.30559382,0.66894996,-0.005478594,0.31407368,0.58286256,-0.011780703,0.3298177,0.5294216,-0.020323867,0.34442312,0.48311496,-0.028201217,0.2835901,0.68790466,-0.035215683,0.28324318,0.6147867,-0.046634935,0.29253218,0.5689688,-0.05274308,0.3052806,0.52660227,-0.058249567,open_palm
0.29528457,0.8942694,1.9699233e-07,0.35294652,0.8590138,0.008362777,0.38634154,0.7939962,0.01409063,0.40925732,0.7530539,0.014038904,0.42792237,0.72244316,0.012892809,0.3525022,0.6689661,0.023930764,0.36715156,0.59125316,0.017657565,0.37961388,0.54781705,0.008170429,0.39199442,0.50928235,-0.00021785982,0.33033663,0.6595114,0.0072778105,0.341952,0.56961966,0.0020042749,0.35719746,0.51381195,-0.0082210265,0.37101454,0.4665063,-0.017618274,0.30725226,0.6658541,-0.011786695,0.31281912,0.5801521,-0.018864388,0.3268222,0.52665114,-0.02755165,0.34018084,0.48093194,-0.03551703,0.2828772,0.685377,-0.0314035,0.27766463,0.6162722,-0.040601894,0.28539225,0.5696202,-0.045631673,0.2968216,0.5269465,-0.05035712,open_palm
0.29705998,0.89315236,3.0104394e-07,0.35514438,0.8594644,-0.004940016,0.3946169,0.79543614,-0.00675581,0.423298,0.75059175,-0.011970271,0.44983327,0.72163266,-0.01768465,0.35556415,0.6706097,0.010035887,0.37091643,0.59197974,-0.00021628871,0.38136947,0.5468946,-0.012193683,0.39125898,0.50711995,-0.021801496,0.3286654,0.6597409,-0.0006200042,0.34062928,0.56916386,-0.008957389,0.35412666,0.5126225,-0.020622237,0.36614895,0.4646905,-0.030398505,0.30149916,0.6649911,-0.014366525,0.30680755,0.57729256,-0.023803618,0.32033303,0.5239382,-0.03315638,0.33383247,0.4793871,-0.040824067,0.27284116,0.6833345,-0.02961431,0.2686087,0.61416197,-0.039284002,0.27578032,0.5671727,-0.043835327,0.2870409,0.5238821,-0.047704525,open_palm
0.29370457,0.8941524,3.700809e-07,0.35906157,0.8642031,-0.012352362,0.410012,0.7969411,-0.014841104,0.4496544,0.74697745,-0.018640924,0.4848259,0.7232772,-0.022879465,0.36449143,0.6723565,0.0057776603,0.38157278,0.59449416,-0.0017195453,0.3900383,0.5475486,-0.012452383,0.39763966,0.5072643,-0.0216788,0.3308143,0.6598935,-0.00011686958,0.34204,0.56816226,-0.0062288647,0.35149315,0.5106771,-0.017175749,0.35925356,0.46479732,-0.026276615,0.29741022,0.6646518,-0.00943764,0.30274534,0.5745771,-0.018097522,0.31302714,0.52051556,-0.028296404,0.32325575,0.47548783,-0.036331303,0.2621218,0.68306315,-0.020733139,0.2580677,0.61204183,-0.030437052,0.26304907,0.56611294,-0.035461612,0.27255228,0.5232845,-0.03939328,open_palm
0.2898061,0.8951836,4.14321e-07,0.3598825,0.86258596,-0.019313404,0.41909364,0.80326104,-0.025098907,0.46403456,0.7559372,-0.030918462,0.49975255,0.7278909,-0.036477704,0.370643,0.6738615,0.0018755071,0.3881112,0.592323,-0.0067660236,0.39456484,0.5442566,-0.018810483,0.3997499,0.5022885,-0.028483763,0.33439285,0.6607462,-0.0002793233,0.3453269,0.5686039,-0.006323064,0.3514625,0.5102113,-0.018228125,0.35563236,0.464306,-0.027907565,0.298328,0.6651848,-0.0064124605,0.30353445,0.5776171,-0.014482602,0.31190634,0.5259923,-0.024566721,0.31994623,0.48369145,-0.032175295,0.25992775,0.68359244,-0.015224969,0.25574356,0.61419874,-0.023884531,0.25730646,0.57029366,-0.027828112,0.26187775,0.5295849,-0.030422663,open_palm
0.28724188,0.8953161,4.0641655e-07,0.3592046,0.86379313,-0.022052571,0.42250717,0.8042473,-0.028379012,0.46976534,0.7567735,-0.034249213,0.50614595,0.73176104,-0.03960379,0.37490425,0.6737993,-5.1230985e-05,0.39293963,0.59116656,-0.008616154,0.3979271,0.54176766,-0.020808335,0.40176344,0.49788624,-0.03078931,0.33751246,0.66123164,-0.0006668649,0.34745774,0.56856215,-0.006670372,0.35202897,0.5106474,-0.019074492,0.35468578,0.46384197,-0.029147187,0.30123323,0.6661463,-0.0052276407,0.3075902,0.5809512,-0.012837933,0.3146537,0.53166986,-0.022328421,0.32049057,0.49028414,-0.02952136,0.2627796,0.6846788,-0.012815698,0.26140428,0.6171742,-0.020690529,0.26325247,0.57467383,-0.02375257,0.2667578,0.5352957,-0.02561457,open_palm
0.28735584,0.89684206,3.9686594e-07,0.36020124,0.8654803,-0.022966104,0.42495766,0.8040663,-0.029390158,0.47349453,0.75587845,-0.03516933,0.5111586,0.7324416,-0.040308468,0.37670732,0.6737855,-3.210869e-05,0.39361674,0.5905123,-0.008567281,0.39807343,0.5409194,-0.020757508,0.40140247,0.49738345,-0.030808108,0.3397324,0.6610842,9.713362e-05,0.34959838,0.56832445,-0.005994843,0.35383195,0.5110057,-0.018443087,0.3556747,0.4639267,-0.02850245,0.3036698,0.6653624,-0.0038317912,0.309488,0.5804876,-0.01137663,0.31562617,0.53001344,-0.021051755,0.32005727,0.4868635,-0.02844478,0.26532778,0.6832428,-0.0108528165,0.26461616,0.61664176,-0.01873359,0.26614535,0.5745068,-0.02203082,0.2686286,0.5359583,-0.024051676,open_palm
0.28808424,0.89872336,3.9867146e-07,0.3616938,0.8673025,-0.023173667,0.4265159,0.80512935,-0.02918594,0.47384292,0.7552233,-0.034508854,0.5110476,0.72957224,-0.039079048,0.37759316,0.6726285,0.0010026253,0.39386582,0.58869004,-0.0064619496,0.39817595,0.5388419,-0.018344898,0.40103975,0.494563,-0.028391385,0.34007004,0.66036457,0.0014111403,0.34900618,0.56723076,-0.0037219508,0.35258317,0.5091105,-0.016371876,0.35383973,0.46131372,-0.0267942,0.30353227,0.665056,-0.0022188418,0.30943483,0.58019817,-0.008993996,0.31516856,0.5294319,-0.018878607,0.31913474,0.48580116,-0.026565319,0.2646381,0.683728,-0.008985228,0.26385868,0.61634153,-0.016654864,0.26459575,0.5733134,-0.020211017,0.26614007,0.5336939,-0.022401007,open_palm
0.29004663,0.9000709,3.9735124e-07,0.36337686,0.86854225,-0.023357086,0.42759863,0.80558646,-0.029417492,0.4753325,0.7552582,-0.034867942,0.51271725,0.73064375,-0.039541475,0.37843728,0.67232543,0.0014392436,0.39421105,0.5878758,-0.006237033,0.3979051,0.5373899,-0.01822876,0.40042,0.49282342,-0.028359817,0.34106737,0.6601117,0.001863752,0.34939504,0.566545,-0.0035763716,0.35242286,0.50790125,-0.016262908,0.35343462,0.4596129,-0.02663886,0.30473754,0.66489136,-0.0018614676,0.30956548,0.57975245,-0.008861881,0.31477422,0.5286484,-0.01879374,0.31846052,0.48491687,-0.02647472,0.2662428,0.68358,-0.00879404,0.26463526,0.61651176,-0.01645077,0.2650324,0.5733789,-0.020055462,0.2665937,0.5339321,-0.022330055,open_palm
0.29188037,0.90077937,3.9956126e-07,0.36449364,0.86852473,-0.023164231,0.42834657,0.8058519,-0.029672476,0.47696286,0.7568209,-0.035707023,0.51453733,0.7322366,-0.041066777,0.37947083,0.672747,0.00041983207,0.3952509,0.5877718,-0.008217748,0.39888796,0.5368417,-0.020748597,0.40137967,0.49172616,-0.031120123,0.3423423,0.66057026,0.0004363309,0.3509858,0.56643564,-0.0057838364,0.35394704,0.507438,-0.018647106,0.35473356,0.45880204,-0.029059306,0.30611813,0.6654644,-0.0036446967,0.31118718,0.5795687,-0.011043201,0.31612322,0.52831566,-0.020712228,0.31936175,0.4844054,-0.028153943,0.26771986,0.6843557,-0.010932481,0.26665625,0.61705667,-0.018694025,0.2671313,0.5738713,-0.021974836,0.268418,0.5344618,-0.023976926,open_palm
0.29358372,0.9009212,4.0309618e-07,0.36593354,0.8683886,-0.023246298,0.42921704,0.8061446,-0.029755259,0.47818747,0.7577074,-0.035855766,0.51602465,0.7334424,-0.041212793,0.38050938,0.6725993,0.0012906091,0.3964048,0.58746743,-0.007138105,0.39992368,0.53640676,-0.01965865,0.40242657,0.49107268,-0.030048532,0.34361494,0.66054595,0.001420489,0.35205233,0.5665495,-0.004532883,0.35472405,0.5075885,-0.017356306,0.3554925,0.45887116,-0.027740268,0.30766022,0.66555923,-0.0026273197,0.31248593,0.58031774,-0.009708061,0.31749257,0.52930915,-0.01923725,0.32092565,0.48557502,-0.026568424,0.26967195,0.68424815,-0.009950358,0.2687111,0.6173542,-0.017325792,0.2692243,0.5743153,-0.020363022,0.27053604,0.5351829,-0.022196159,open_palm
0.29538563,0.90145105,4.0664543e-07,0.36775646,0.86906105,-0.023336923,0.43130216,0.80648303,-0.029517164,0.48014733,0.7581118,-0.03522432,0.51791954,0.73499745,-0.040205006,0.38259694,0.67265904,0.0018779675,0.3983643,0.5876282,-0.006208986,0.40169743,0.53659415,-0.01869015,0.40403122,0.49116087,-0.029120728,0.34561002,0.6608739,0.0021555896,0.35401773,0.5671463,-0.0034637984,0.3566945,0.5081048,-0.016380548,0.35732147,0.45930797,-0.026907803,0.3095494,0.66615576,-0.0017837711,0.31418028,0.5812359,-0.008692724,0.3191942,0.53033495,-0.018457986,0.32251725,0.48646373,-0.026010586,0.2713644,0.68491435,-0.009011401,0.27065414,0.618172,-0.016262151,0.2715277,0.57571507,-0.019330155,0.2732074,0.536891,-0.0212649,open_palm
0.2968178,0.9013127,4.0147245e-07,0.36901125,0.8691953,-0.02350526,0.43239135,0.8071713,-0.030230364,0.4811545,0.75880814,-0.036547933,0.5194534,0.7353946,-0.04219318,0.38388398,0.67374986,0.00041353953,0.39987695,0.5889218,-0.008681479,0.40331104,0.5377694,-0.021562409,0.40572923,0.49213248,-0.03214635,0.3474066,0.6619003,0.0004669977,0.35639372,0.56820023,-0.00612346,0.3592668,0.5090935,-0.019115912,0.3600732,0.45969707,-0.029556276,0.31169784,0.6670882,-0.0036668705,0.3169154,0.58230084,-0.01129401,0.32235086,0.5317798,-0.020715225,0.32610196,0.4882334,-0.027860057,0.27368444,0.6857223,-0.011102485,0.27340657,0.61927915,-0.018711703,0.27450988,0.57686204,-0.021557681,0.27595097,0.538294,-0.023220535,open_palm
0.29791462,0.90087503,4.0186737e-07,0.37045455,0.8687036,-0.023309035,0.43361735,0.807971,-0.029985609,0.48211354,0.75991046,-0.036327243,0.5202915,0.73639834,-0.04205628,0.3853599,0.6740347,0.0012866319,0.40138885,0.5895739,-0.007493172,0.40483606,0.53847545,-0.020374088,0.4070955,0.49286252,-0.031059654,0.3487341,0.66223305,0.0012396715,0.35771167,0.5692577,-0.0051471945,0.3604291,0.51062924,-0.018384697,0.3610342,0.4617698,-0.029084185,0.3128983,0.6674821,-0.002992418,0.31857052,0.5831479,-0.010616212,0.32380676,0.53251445,-0.02036235,0.32735056,0.48889503,-0.027809376,0.27468613,0.68616813,-0.010484022,0.27436885,0.6202692,-0.018360348,0.27582234,0.578185,-0.021495882,0.2777752,0.53988546,-0.023363689,open_palm
0.29882228,0.90067047,4.1361233e-07,0.37101987,0.86814225,-0.023458114,0.43391138,0.80803794,-0.030055689,0.4824906,0.759735,-0.03625828,0.52069235,0.73527664,-0.041787453,0.3856877,0.6745299,0.0020981662,0.40181798,0.59019303,-0.0062123123,0.4055848,0.53940815,-0.018978255,0.40807608,0.4938799,-0.029602835,0.34929326,0.6626354,0.002299998,0.35835758,0.56969535,-0.003531053,0.36144835,0.5107931,-0.016804015,0.36217403,0.4616149,-0.027611366,0.31362146,0.6678247,-0.0017369998,0.3192585,0.58336776,-0.008991495,0.3243409,0.53265816,-0.018967673,0.32748085,0.48878688,-0.026611494,0.27572542,0.6863953,-0.009047953,0.27563077,0.62050045,-0.016771762,0.27693442,0.5782922,-0.020077256,0.27862167,0.53978443,-0.022065619,open_palm
0.29871976,0.90063953,4.124292e-07,0.37068477,0.8685595,-0.02402615,0.4341294,0.80847913,-0.030981187,0.48215362,0.7596011,-0.037364107,0.5202399,0.734627,-0.043056764,0.3858466,0.67466104,0.0006317834,0.40202513,0.590571,-0.008110544,0.4057421,0.5401407,-0.021015123,0.40821135,0.49458414,-0.031691995,0.34922522,0.66308534,0.0010016368,0.35850617,0.57069165,-0.005317295,0.36172676,0.51202667,-0.018687496,0.3626767,0.46266302,-0.029518796,0.31340957,0.6686537,-0.0028374626,0.31939265,0.5847014,-0.010511046,0.32487375,0.5344412,-0.020359369,0.3284663,0.49057096,-0.02782557,0.27527812,0.68764496,-0.009967309,0.27593198,0.62136334,-0.018002983,0.277574,0.5792358,-0.021269415,0.27950323,0.54051924,-0.02315709,open_palm
0.29838264,0.9008142,4.13794e-07,0.36999717,0.8687794,-0.023912381,0.43334255,0.80783087,-0.030788578,0.48119992,0.75837976,-0.036996864,0.5193909,0.733585,-0.04246211,0.3855781,0.6744992,0.0007140996,0.4017607,0.5905764,-0.007636994,0.40550366,0.5404907,-0.020307617,0.4077574,0.49540234,-0.030821858,0.3486657,0.66288054,0.0011761006,0.3581878,0.57060134,-0.004716404,0.36145523,0.51248753,-0.017767372,0.3621623,0.46401492,-0.028362622,0.31261936,0.6683543,-0.0025349676,0.31910366,0.58424634,-0.009767113,0.32459515,0.53371346,-0.019472959,0.32795867,0.48988277,-0.026890628,0.27441835,0.6873456,-0.0095013175,0.27547097,0.6209395,-0.017122159,0.2771411,0.5788134,-0.020177877,0.27898523,0.5402345,-0.021930836,open_palm
0.2974793,0.90091103,4.0662272e-07,0.36874837,0.86936355,-0.023270197,0.43184373,0.80755526,-0.02988154,0.4798114,0.7583818,-0.035961002,0.51801884,0.73414475,-0.041373298,0.38459903,0.67473423,0.0006212888,0.40083766,0.59103525,-0.0077932314,0.40485972,0.5409558,-0.020384014,0.40728664,0.49604654,-0.030802803,0.34798497,0.66311646,0.00077877543,0.357887,0.5708814,-0.005083521,0.36132678,0.5128373,-0.017837001,0.36201644,0.46425682,-0.028200788,0.31213647,0.66846985,-0.0031490235,0.31901067,0.58441967,-0.010130782,0.32440224,0.53427064,-0.019355208,0.3274498,0.49070385,-0.026478335,0.27398926,0.6874215,-0.010309637,0.27535924,0.62132525,-0.017614195,0.27704972,0.579463,-0.020299537,0.27859557,0.54118204,-0.021822622,open_palm
0.2957124,0.9006303,4.102833e-07,0.36718783,0.8692974,-0.022996942,0.43043342,0.8080516,-0.029260103,0.47810352,0.7595274,-0.03503605,0.51586473,0.73614067,-0.040089384,0.38365734,0.67534214,0.0014189497,0.40076736,0.5917011,-0.0068570455,0.40496135,0.54148644,-0.019271063,0.40769607,0.4965205,-0.029526064,0.34731516,0.66356784,0.0015501556,0.3580685,0.5712614,-0.0041789194,0.36169508,0.51319146,-0.016721131,0.3628392,0.4648082,-0.02685209,0.31166777,0.66863024,-0.0024453073,0.31895375,0.58509934,-0.009375474,0.32506835,0.53516114,-0.018454168,0.3290705,0.49214855,-0.025381887,0.27356854,0.6869888,-0.009673882,0.2753028,0.62114614,-0.016761048,0.27739203,0.5796044,-0.019207701,0.27943188,0.5417853,-0.020550728,open_palm
0.2948341,0.9000323,4.0132494e-07,0.36607838,0.8695637,-0.022696083,0.4294703,0.80842614,-0.028825173,0.47718257,0.7599595,-0.034528222,0.51509297,0.7362126,-0.039498046,0.38373172,0.67574024,0.0017218422,0.4009394,0.5923908,-0.006370852,0.40521428,0.5424462,-0.018579317,0.4080951,0.4978766,-0.028717548,0.3475493,0.66365796,0.0017343602,0.35844028,0.5716133,-0.0039006819,0.36219478,0.51373947,-0.016348632,0.36339512,0.46563363,-0.026445532,0.3120015,0.6683945,-0.0023713824,0.3193159,0.5852064,-0.009172965,0.32558057,0.53573895,-0.018212706,0.32975993,0.49308717,-0.025199184,0.27394205,0.6864491,-0.009690204,0.27558884,0.62128484,-0.016648483,0.27765957,0.58035386,-0.0191406,0.2797382,0.5429791,-0.020604275,open_palm
0.2943481,0.8989265,4.0069773e-07,0.36557537,0.86863315,-0.023304686,0.429083,0.80822384,-0.029734146,0.4767297,0.759653,-0.0356554,0.5148673,0.73558086,-0.04079488,0.38352326,0.6760838,0.0014760715,0.40081018,0.5931342,-0.006679337,0.40518194,0.54317474,-0.01895166,0.40813923,0.49863428,-0.029135989,0.34726828,0.663893,0.0018693196,0.3580729,0.57238597,-0.0038435133,0.36185417,0.5147886,-0.016308809,0.3631156,0.46680433,-0.026396982,0.31181392,0.668392,-0.0019066889,0.31910464,0.5854972,-0.008767543,0.32524812,0.5361959,-0.017733296,0.32937068,0.49363717,-0.024652377,0.27393198,0.686068,-0.008952863,0.2753653,0.62152636,-0.015984481,0.27740753,0.580883,-0.018530788,0.27952126,0.5438975,-0.019990869,open_palm
0.29480153,0.8983844,4.036094e-07,0.36580056,0.8680506,-0.023779498,0.4290329,0.808137,-0.030482976,0.4766695,0.7595284,-0.036584128,0.51498985,0.7352623,-0.041879237,0.3832801,0.6765999,0.0012574081,0.4001156,0.5937231,-0.0067409347,0.40441442,0.5439304,-0.018875945,0.40731293,0.49961823,-0.028929787,0.34710068,0.66453665,0.0019828875,0.357592,0.5733216,-0.0033750113,0.361298,0.515993,-0.015520873,0.36260936,0.46822768,-0.025395771,0.31167465,0.66899914,-0.0015183723,0.3190652,0.58642495,-0.008073737,0.32510474,0.53716683,-0.016763033,0.32914564,0.49473694,-0.023506157,0.27389216,0.68660444,-0.008348794,0.27551833,0.62245744,-0.015162527,0.2773333,0.5819044,-0.01752427,0.27902073,0.5450431,-0.018838817,open_palm
0.29462665,0.8986457,4.133458e-07,0.36573073,0.86867255,-0.024181549,0.42876813,0.8087717,-0.030913271,0.47630367,0.7598051,-0.036912806,0.5146821,0.7355002,-0.04209035,0.38300374,0.676843,0.0010560537,0.39984024,0.59396476,-0.0069019706,0.40419608,0.54417115,-0.01912588,0.4070249,0.49971417,-0.029245496,0.3468624,0.66480535,0.0020278215,0.35746318,0.5736885,-0.0032169872,0.36134967,0.51620257,-0.015423089,0.3626138,0.4682429,-0.025359891,0.3112907,0.669421,-0.0012512639,0.31904978,0.58674973,-0.007825573,0.32515168,0.53772044,-0.016585292,0.32891458,0.49537405,-0.023331998,0.273256,0.6872491,-0.00788091,0.27545524,0.6228141,-0.0148192,0.2776555,0.5822536,-0.017238518,0.27947134,0.54527694,-0.018541444,open_palm
0.29516938,0.8984192,4.070448e-07,0.36575064,0.8683845,-0.024015527,0.4287943,0.8083501,-0.030883588,0.47644234,0.75977737,-0.03704675,0.51484084,0.7356671,-0.04241626,0.3829417,0.6772359,0.00026133607,0.3998223,0.5947617,-0.008084436,0.40418172,0.54511166,-0.020399418,0.4071502,0.5008608,-0.030552736,0.3469223,0.66511774,0.0010552716,0.35720974,0.5741385,-0.0046429876,0.3609718,0.51668966,-0.016929151,0.36228904,0.46867862,-0.026905173,0.3116165,0.66962415,-0.002335007,0.31887516,0.5871772,-0.009203051,0.3246867,0.53833264,-0.0179799,0.32836074,0.4961214,-0.024737902,0.2739681,0.6873231,-0.009046883,0.2757189,0.623191,-0.016148726,0.27759796,0.58271325,-0.018659858,0.27927202,0.54582644,-0.020044137,open_palm
0.29505402,0.8981684,4.135662e-07,0.3659007,0.8682617,-0.024235353,0.4288904,0.8083785,-0.0309927,0.4764275,0.75985295,-0.03700076,0.5148294,0.7359214,-0.04219338,0.38280344,0.67729264,0.0009039743,0.39985368,0.59490997,-0.0070317406,0.40422443,0.5453784,-0.019203534,0.40710607,0.5011981,-0.02927927,0.34674352,0.66545886,0.001941168,0.35723785,0.5749223,-0.0032900355,0.36097604,0.51756275,-0.015509064,0.36215383,0.46988618,-0.02548581,0.31136364,0.6701193,-0.001266147,0.31888354,0.5878879,-0.0077971453,0.32465896,0.5391141,-0.016571615,0.3281638,0.49716038,-0.023346582,0.273629,0.68785316,-0.007828315,0.27560052,0.6236939,-0.014735575,0.27760336,0.5831699,-0.017210532,0.2793486,0.54633427,-0.018575147,open_palm
0.29553145,0.89829785,4.1097647e-07,0.36619318,0.8684493,-0.02414603,0.4289508,0.8086911,-0.030990845,0.47637385,0.7596529,-0.03711828,0.5148787,0.73571086,-0.04243972,0.38295287,0.6776847,0.0007592421,0.39987788,0.59522736,-0.0072917733,0.40412712,0.5455837,-0.01948573,0.4068605,0.5013477,-0.029567843,0.34714985,0.6657515,0.0016945915,0.35749757,0.5750378,-0.003670458,0.36110094,0.5176409,-0.01591793,0.36218193,0.46972057,-0.025882866,0.31207985,0.6702388,-0.0015850147,0.31946063,0.58797795,-0.008276475,0.32503527,0.53935754,-0.01709729,0.32840562,0.49757725,-0.02386109,0.27458337,0.6878274,-0.008199187,0.2761108,0.62386227,-0.015286199,0.27792782,0.58354795,-0.017868714,0.2795716,0.54693884,-0.019258717,open_palm
0.29599866,0.89832664,4.1447183e-07,0.3663832,0.86808616,-0.024546277,0.42892686,0.8085965,-0.03154146,0.47647598,0.7594181,-0.037733804,0.5149813,0.7351413,-0.043093372,0.38293317,0.6779521,0.00071331667,0.39960325,0.59530044,-0.0073311506,0.40366873,0.54543674,-0.019577751,0.40627754,0.50098306,-0.02973823,0.3469415,0.66612434,0.001866348,0.35710388,0.5754597,-0.0036066652,0.3606112,0.51795745,-0.016009543,0.36163563,0.47002932,-0.026097419,0.3117208,0.670757,-0.0012531582,0.31912577,0.58836585,-0.008068366,0.32483014,0.53925574,-0.017172385,0.32839718,0.4969517,-0.024176154,0.27427393,0.6883142,-0.0077292207,0.27602667,0.62453157,-0.014907936,0.27806643,0.58427924,-0.017699208,0.2800888,0.54759246,-0.019294463,open_palm
0.29649135,0.89809096,4.1486857e-07,0.36686492,0.86816627,-0.024840154,0.42897373,0.808814,-0.032021206,0.4760126,0.7594489,-0.038326927,0.5141752,0.73496765,-0.04378046,0.38265386,0.6775043,1.9445168e-05,0.39909306,0.59474784,-0.008067289,0.40297115,0.5447963,-0.02028412,0.40521264,0.5003263,-0.030370641,0.34683147,0.6658233,0.0014201823,0.35676712,0.5753453,-0.0038902892,0.36005592,0.5180522,-0.015968487,0.36065495,0.47046417,-0.025805071,0.3117701,0.6706062,-0.001430361,0.31875518,0.5884892,-0.007979633,0.3240744,0.539904,-0.016674936,0.32698035,0.4980919,-0.02337903,0.27457803,0.6884602,-0.0076844976,0.27635494,0.6249181,-0.014563022,0.27811757,0.5848419,-0.017040744,0.27932423,0.5486404,-0.018379584,open_palm
0.29715818,0.897972,4.1004108e-07,0.3674944,0.8683803,-0.024708102,0.42985955,0.80925864,-0.031934656,0.4771745,0.76018727,-0.038310263,0.5150409,0.73597276,-0.043865353,0.38424817,0.678115,-0.0005995129,0.40040246,0.59475005,-0.008860737,0.40384108,0.54464364,-0.021040002,0.4058076,0.5000819,-0.031047055,0.34825218,0.66633385,0.00067423156,0.35810602,0.5753881,-0.0048195366,0.36097738,0.5176557,-0.017005123,0.36149788,0.46969885,-0.02688421,0.3130996,0.6711056,-0.002220271,0.32015768,0.5889219,-0.008823477,0.32551923,0.540164,-0.017615441,0.32882148,0.498699,-0.024380028,0.27553672,0.6889343,-0.008489207,0.27645776,0.62533325,-0.015417653,0.27772626,0.5848514,-0.017964013,0.27890015,0.54836917,-0.019330477,open_palm
0.29723617,0.8966682,3.887133e-07,0.36808875,0.86816144,-0.023282718,0.4316633,0.8100991,-0.030326333,0.47904035,0.7617057,-0.036766328,0.5167154,0.73741037,-0.042460322,0.3881561,0.6802694,-0.0009752904,0.40584615,0.5981074,-0.009820733,0.40996954,0.54865575,-0.021988112,0.41262814,0.50518525,-0.031877417,0.35233015,0.66744834,-0.00075325166,0.36434063,0.5764697,-0.0068472982,0.36820644,0.51966345,-0.018834328,0.36930808,0.4727437,-0.028491171,0.3171282,0.671301,-0.004543776,0.32599604,0.5884289,-0.011859234,0.3326626,0.53997636,-0.020443344,0.337018,0.49931008,-0.027002765,0.27908272,0.68847424,-0.011500316,0.2802416,0.62450016,-0.01887817,0.28216353,0.5842124,-0.021212144,0.2837854,0.54820466,-0.022442816,open_palm
0.29749548,0.89583814,3.8426478e-07,0.36949906,0.8693856,-0.023120617,0.43427008,0.8124372,-0.029675592,0.48174173,0.76356727,-0.03555495,0.5190703,0.7364445,-0.040530827,0.39140427,0.682393,0.00018782141,0.41070774,0.6013681,-0.0080737965,0.41589028,0.55281866,-0.019704305,0.41952974,0.51040363,-0.02920959,0.35583016,0.66871154,0.0006420718,0.37028942,0.5785534,-0.004934563,0.3755936,0.52256846,-0.016540423,0.37786496,0.47614518,-0.025971783,0.32067406,0.6714935,-0.0029934335,0.33128846,0.5886828,-0.010115396,0.33899704,0.5413206,-0.018562363,0.34434628,0.5017201,-0.02509798,0.28246185,0.68742394,-0.009762203,0.28431866,0.62448794,-0.017144177,0.2870007,0.5849164,-0.019663623,0.28967378,0.5495734,-0.021096198,open_palm
0.29889363,0.89512205,3.8203643e-07,0.37086356,0.8689669,-0.024026925,0.4354071,0.8135928,-0.03132048,0.48311377,0.7649818,-0.037900418,0.52125686,0.73704296,-0.04364567,0.39262298,0.6839461,-0.00045951997,0.41181895,0.6036105,-0.00978918,0.41779277,0.5548507,-0.022207266,0.42235327,0.5122453,-0.032245576,0.35713434,0.66989815,0.00025177986,0.3706048,0.5808593,-0.0065818825,0.37672946,0.5256698,-0.018883923,0.38042274,0.47984457,-0.028714154,0.32206878,0.6721875,-0.003277956,0.33111343,0.59036976,-0.011417622,0.33904773,0.54247963,-0.020032646,0.3453818,0.5020894,-0.026570734,0.2843629,0.6875608,-0.010038621,0.286189,0.6246493,-0.018148197,0.28926325,0.584512,-0.020985322,0.2925379,0.548519,-0.022560745,open_palm
0.29930422,0.8943148,4.0067087e-07,0.3717967,0.868861,-0.02503662,0.43672228,0.8144422,-0.032358192,0.48442107,0.7654642,-0.03865379,0.52223593,0.7369825,-0.04394309,0.3930226,0.6846019,-0.00030517348,0.41269737,0.60401213,-0.008875887,0.41858894,0.5554706,-0.020893246,0.4227838,0.51262575,-0.030663904,0.35783234,0.6703588,0.0012503146,0.37155345,0.5814495,-0.0047627944,0.3776426,0.5256214,-0.017008197,0.3811311,0.47914398,-0.026875583,0.32289252,0.672362,-0.0014916691,0.33262688,0.5915563,-0.008952692,0.34078258,0.54383683,-0.01778081,0.3470578,0.5038005,-0.024477009,0.2851476,0.6870148,-0.007537882,0.28735802,0.6242094,-0.01519979,0.29034406,0.5840956,-0.018099843,0.29347754,0.54845154,-0.019678628,open_palm
0.2998089,0.894505,4.0934867e-07,0.37261894,0.86881226,-0.025651563,0.43723235,0.8141917,-0.033195913,0.48511264,0.7651358,-0.03956496,0.5231298,0.7363903,-0.04497121,0.39322162,0.6844218,-0.0006471845,0.41267192,0.60400224,-0.009022946,0.41865432,0.55565983,-0.021133615,0.42281312,0.5127188,-0.031051211,0.3576842,0.6704358,0.0013221088,0.37116152,0.58192,-0.0044606808,0.3771673,0.52646714,-0.0168607,0.38052565,0.48043808,-0.02691347,0.3223725,0.6728532,-0.0010102097,0.33261037,0.591871,-0.008289584,0.34047514,0.54412276,-0.017205903,0.34632206,0.50394523,-0.024006663,0.2843802,0.6881608,-0.0066804215,0.2873267,0.6251813,-0.014425995,0.29034802,0.58476233,-0.017475342,0.293325,0.5486237,-0.01911846,open_palm
0.30023876,0.89535725,4.139421e-07,0.3731601,0.86871976,-0.025611581,0.43793687,0.81370777,-0.033000603,0.48558697,0.7644784,-0.039173245,0.52327806,0.73587364,-0.04436752,0.3931211,0.68404835,-0.00015729839,0.4119321,0.6032735,-0.008125559,0.41759872,0.55509824,-0.020141855,0.42158556,0.5121727,-0.030026607,0.35719636,0.6706514,0.0019440716,0.36990783,0.5819631,-0.0034226894,0.37560433,0.5266879,-0.015826192,0.3787964,0.48091376,-0.025905456,0.3216033,0.6736359,-0.0002411983,0.33137843,0.5923273,-0.0071788467,0.33880794,0.5444195,-0.016167073,0.34430262,0.5038996,-0.02302616,0.2835824,0.68953574,-0.005757573,0.2867547,0.6261052,-0.013237699,0.28964278,0.5856514,-0.016212981,0.2925107,0.54943705,-0.017791053,open_palm
0.30053818,0.89654064,4.1717408e-07,0.37285867,0.8691443,-0.025159813,0.43715495,0.814245,-0.032512426,0.48482662,0.7653979,-0.03875633,0.52238846,0.7368232,-0.043999914,0.39285818,0.6843525,0.00040857718,0.41156957,0.60345006,-0.007421175,0.41721153,0.5553595,-0.019346096,0.42114988,0.51237047,-0.029177347,0.35720995,0.67090124,0.0022121915,0.36987066,0.58204687,-0.0029879564,0.3755563,0.52669436,-0.015324397,0.37863612,0.4806792,-0.025377026,0.32172403,0.673846,-0.00027595283,0.33126745,0.59301203,-0.0071101254,0.3389236,0.54510665,-0.016141158,0.3444775,0.5045059,-0.023030525,0.28368396,0.6897015,-0.006066545,0.28671953,0.62612784,-0.013502951,0.28939712,0.58551353,-0.016483707,0.2920411,0.54894227,-0.01807447,open_palm
0.3003083,0.89701986,4.2224386e-07,0.3724215,0.8694239,-0.025244178,0.4368037,0.81442344,-0.03269679,0.48457238,0.7660271,-0.039036617,0.5222113,0.73783994,-0.044357944,0.39256695,0.68423796,0.00035883774,0.41150388,0.6032031,-0.007453867,0.41705322,0.5551111,-0.019381113,0.42091233,0.51220906,-0.029133996,0.35674995,0.6708899,0.0022701866,0.369507,0.5820085,-0.0027468125,0.3749145,0.5263706,-0.014981175,0.3777433,0.4801491,-0.02492856,0.32129028,0.6739328,-9.365068e-05,0.33102995,0.5932499,-0.0065756724,0.3384622,0.54545295,-0.015271472,0.34374112,0.5051816,-0.021913284,0.2832511,0.6898603,-0.00579021,0.28627157,0.6264537,-0.012822928,0.28907895,0.5858893,-0.015425497,0.29190543,0.5496183,-0.01670291,open_palm
0.30053934,0.89722556,4.2607905e-07,0.37254685,0.8694075,-0.025360512,0.4367316,0.8141172,-0.03285093,0.48449323,0.7656563,-0.039197955,0.5223535,0.7379862,-0.044551775,0.39233476,0.6837291,0.0003845386,0.41111964,0.6027984,-0.00728607,0.4166081,0.5546763,-0.019202158,0.42031783,0.5116738,-0.028995065,0.35636115,0.67045134,0.0023703028,0.3691711,0.5815898,-0.0025077797,0.37451994,0.5261306,-0.014721665,0.3771449,0.4801659,-0.024700494,0.32077584,0.6736089,6.242205e-05,0.33047444,0.5927357,-0.0063219275,0.33769473,0.5446997,-0.015190684,0.3426602,0.50410616,-0.022002839,0.28264567,0.68965703,-0.005575719,0.28572875,0.6258437,-0.012570448,0.28865457,0.5850978,-0.015296867,0.29160917,0.5485809,-0.016716635,open_palm
0.30109236,0.89708567,4.2318575e-07,0.37259492,0.8692051,-0.025203168,0.43645588,0.81365407,-0.032820653,0.48393396,0.7651008,-0.039291643,0.5218357,0.7381197,-0.04479747,0.3919353,0.6833689,-0.00052855327,0.41054836,0.6021266,-0.008391093,0.4160139,0.5540185,-0.020242086,0.41971427,0.5110942,-0.029933715,0.35581017,0.6702824,0.0013652897,0.36837053,0.5809115,-0.003659669,0.37359366,0.52536047,-0.015613417,0.37614602,0.4793461,-0.02535,0.3201775,0.67359746,-0.0009439977,0.32977197,0.5924471,-0.007334915,0.33692232,0.54442656,-0.015908297,0.34181017,0.5037493,-0.022501642,0.2820929,0.6898982,-0.0065609743,0.28511047,0.6260681,-0.013462096,0.28784314,0.585494,-0.015942186,0.29041523,0.5490918,-0.017172586,open_palm
0.30059037,0.8974622,4.1783824e-07,0.37196237,0.869153,-0.024669232,0.43569753,0.81249964,-0.032101102,0.4832011,0.763712,-0.038474966,0.52099866,0.7368038,-0.043913737,0.39071208,0.6826213,-0.00055593497,0.40887606,0.6013354,-0.008406375,0.41430616,0.55296516,-0.020145096,0.41812027,0.5100359,-0.029809158,0.3546179,0.6697671,0.0009842917,0.3665558,0.5799123,-0.0041346364,0.37156478,0.52443105,-0.015924977,0.374149,0.47867298,-0.02553363,0.31909564,0.6733035,-0.0016071895,0.32842982,0.5913782,-0.008235034,0.335151,0.54328775,-0.016661262,0.3397172,0.5026552,-0.023112906,0.28115514,0.69006115,-0.0074534277,0.28372332,0.6256888,-0.014692514,0.28622782,0.58486295,-0.017249519,0.2885924,0.54814494,-0.01849042,open_palm
0.30012769,0.8979711,4.061298e-07,0.3710514,0.86895573,-0.024360646,0.43481857,0.8104818,-0.031642906,0.4824993,0.7620577,-0.037910912,0.52036905,0.7354038,-0.043340907,0.38918808,0.680876,-0.001341671,0.40687692,0.59900236,-0.009495299,0.4119097,0.55042374,-0.02148084,0.41506618,0.50701284,-0.031401675,0.3529907,0.66840816,-0.00018782949,0.3643511,0.5784931,-0.005778923,0.36876735,0.522891,-0.017947998,0.37046173,0.47723433,-0.02787705,0.31738523,0.67232615,-0.0030721237,0.32608345,0.5902001,-0.01002275,0.3326405,0.5419095,-0.018768528,0.33708256,0.5008231,-0.02551739,0.27939975,0.689752,-0.009163484,0.28161395,0.62520814,-0.016604135,0.28378025,0.58455956,-0.019290678,0.28586197,0.5480168,-0.02069637,open_palm
0.2996583,0.8987726,4.020764e-07,0.37045443,0.86960137,-0.023751248,0.43354386,0.80985636,-0.03068117,0.4807142,0.76085347,-0.036715243,0.51823103,0.7350262,-0.04191689,0.38768497,0.67996156,-0.0009961423,0.40469337,0.59739465,-0.008964097,0.4092203,0.5483747,-0.020763528,0.41181257,0.50484985,-0.030541902,0.35134852,0.6678512,-6.368658e-05,0.3622185,0.5771995,-0.0054989397,0.36602035,0.5211071,-0.017416943,0.36709923,0.47525263,-0.027116274,0.31573403,0.67200375,-0.003086856,0.32431084,0.5892245,-0.009754861,0.3304887,0.54057246,-0.018233327,0.3344593,0.4994489,-0.024817305,0.27773178,0.68972415,-0.009284291,0.27971065,0.62524617,-0.016405217,0.28158608,0.5845951,-0.018822776,0.28332362,0.54824066,-0.020045275,open_palm
0.2995433,0.8989339,4.0511696e-07,0.37032712,0.8696009,-0.024258776,0.4332217,0.80888045,-0.031476166,0.480362,0.75927657,-0.037756328,0.5182711,0.73376137,-0.04325475,0.38651863,0.67851245,-0.0017539852,0.40293032,0.5957279,-0.010033168,0.40695176,0.5465274,-0.022033153,0.40916845,0.50271475,-0.031932298,0.34984294,0.66698027,-0.0007145778,0.3602379,0.5761969,-0.006293139,0.36371747,0.5199083,-0.01816997,0.36459175,0.4736188,-0.027857654,0.3140215,0.67181754,-0.0036800234,0.3221075,0.5891623,-0.010344184,0.3279525,0.5406071,-0.018635953,0.3316393,0.49940434,-0.025115766,0.27595246,0.6901355,-0.009903565,0.2780126,0.6257119,-0.016881878,0.27999425,0.58536273,-0.019090708,0.28174812,0.5493505,-0.020214101,open_palm
0.30012387,0.8988859,3.9859006e-07,0.37069216,0.86890525,-0.024021113,0.43280992,0.8083436,-0.03145394,0.47938734,0.75805527,-0.03807695,0.51711535,0.7321909,-0.04398232,0.38578323,0.6774127,-0.0021231351,0.40109903,0.5941267,-0.0110122645,0.40453243,0.54431427,-0.023372227,0.40618303,0.49998522,-0.033482485,0.34923044,0.6660886,-0.0014664702,0.35866493,0.5748136,-0.0077894665,0.36156958,0.51812446,-0.019968942,0.36180657,0.47144037,-0.029769564,0.3135755,0.6713631,-0.004770212,0.32052323,0.5881826,-0.012038924,0.32584742,0.5395069,-0.020345436,0.32907975,0.49808675,-0.026714012,0.27572122,0.6903579,-0.011308672,0.2772168,0.6254461,-0.018715193,0.27921855,0.5847044,-0.020999309,0.280952,0.54824674,-0.022094352,open_palm
0.30025882,0.8991214,3.9497914e-07,0.37034947,0.86889714,-0.02390536,0.4319425,0.8075042,-0.031103054,0.47803262,0.7569962,-0.037498407,0.51568127,0.7323042,-0.04317198,0.38442516,0.6762588,-0.0019994744,0.39951092,0.5923903,-0.010824808,0.4024719,0.5419866,-0.023158938,0.4037081,0.4973032,-0.03327119,0.34799445,0.6653925,-0.0013046914,0.35664323,0.5736557,-0.00766514,0.35893288,0.516349,-0.01986712,0.3585972,0.46951914,-0.029638693,0.3127045,0.6710991,-0.0045340927,0.318889,0.5875309,-0.011780314,0.32379732,0.53848565,-0.020207105,0.32653522,0.49702364,-0.026624313,0.27543852,0.6905204,-0.010992214,0.27646315,0.62592137,-0.018316321,0.2782328,0.5853185,-0.020642124,0.27974248,0.549198,-0.021751769,open_palm
0.30067,0.89999026,3.8883005e-07,0.36992708,0.8687335,-0.023991939,0.4300653,0.80605197,-0.031329706,0.47601205,0.754339,-0.03785259,0.51349777,0.72677624,-0.043628648,0.38236853,0.6746567,-0.0026678387,0.39668,0.58978254,-0.011998072,0.39923748,0.5388793,-0.02459541,0.39998215,0.4935416,-0.034861032,0.34602222,0.6643227,-0.002067333,0.3539183,0.5720599,-0.008911793,0.3555285,0.5144608,-0.021199314,0.3544612,0.4672926,-0.030993754,0.31086886,0.67092013,-0.0054091434,0.31629807,0.58704233,-0.0130841,0.32043737,0.53795487,-0.021390153,0.32245287,0.49623668,-0.027689718,0.2740515,0.69141173,-0.011984998,0.27518007,0.62680143,-0.019693237,0.2768886,0.58633995,-0.02209732,0.27821434,0.55010533,-0.023216287,open_palm
0.30314237,0.9020143,3.8327582e-07,0.37042072,0.86830544,-0.025488665,0.4264716,0.80275595,-0.033706423,0.46985963,0.7473484,-0.040842086,0.50746095,0.71942157,-0.04719393,0.37867385,0.6727419,-0.004918373,0.39051378,0.5872568,-0.015701497,0.39189625,0.5351669,-0.029251926,0.39140928,0.48844138,-0.040100083,0.34229368,0.66382253,-0.0037005818,0.34821588,0.57175404,-0.011726862,0.3485635,0.5134269,-0.024160514,0.34659827,0.4644212,-0.033958856,0.30742607,0.6721498,-0.0065612393,0.3113517,0.5878633,-0.015229661,0.3146811,0.5392751,-0.023210358,0.31619358,0.49763006,-0.029080685,0.27140424,0.6943653,-0.012816136,0.27176055,0.63001204,-0.02106629,0.27302334,0.5900813,-0.023521671,0.27386945,0.55406046,-0.024583839,open_palm
0.31080183,0.90733844,3.6392711e-07,0.37340945,0.86790884,-0.023574311,0.42321506,0.7969066,-0.030491157,0.46318105,0.73944205,-0.03669111,0.4998517,0.711294,-0.042162973,0.37092635,0.67003757,-0.0021297075,0.3771575,0.5834856,-0.0124352705,0.37637854,0.5317072,-0.025953729,0.37440634,0.48527527,-0.036959305,0.33500326,0.66401654,-0.0018530828,0.33593,0.5700568,-0.009510773,0.3340471,0.5119972,-0.02172386,0.3306,0.46387547,-0.031454828,0.301381,0.675401,-0.0056520426,0.3021776,0.588579,-0.01427529,0.30440897,0.53951734,-0.02206954,0.30508238,0.49754223,-0.027908152,0.2677467,0.7013016,-0.012720213,0.26698482,0.6361973,-0.021046337,0.2680976,0.5968708,-0.02331662,0.2688337,0.56080174,-0.02438749,open_palm
0.31615838,0.91088736,3.6319378e-07,0.37517208,0.86648244,-0.023865195,0.41838992,0.79140055,-0.03089237,0.45388412,0.73085374,-0.037303705,0.49062246,0.7026451,-0.043187693,0.35976171,0.66738397,-0.0028273468,0.35955417,0.5821286,-0.01416334,0.35581073,0.5306256,-0.028353417,0.35185763,0.4843009,-0.039952822,0.32411057,0.6656127,-0.0029791521,0.31930444,0.5716958,-0.012014247,0.31481183,0.5138443,-0.024728354,0.3097911,0.4653628,-0.034757633,0.2921202,0.68169355,-0.007304459,0.28745234,0.5950802,-0.017556056,0.28664684,0.5458399,-0.025708742,0.28506607,0.50275826,-0.031575236,0.26095828,0.7124522,-0.014964776,0.25673443,0.6467272,-0.024667928,0.2564817,0.6070958,-0.027556706,0.25617802,0.5698231,-0.0290723,open_palm
0.31989545,0.91503507,3.8300544e-07,0.37177658,0.866361,-0.02570327,0.407245,0.7926787,-0.03513808,0.43535995,0.73172104,-0.043697763,0.469443,0.6993224,-0.05148736,0.34766772,0.66956234,-0.005811658,0.3443438,0.58283955,-0.018140625,0.33873773,0.53152084,-0.03285534,0.33241305,0.48450375,-0.04479827,0.3125285,0.6706047,-0.0055931495,0.30253154,0.5766227,-0.015679047,0.2946297,0.51892155,-0.028908577,0.2866786,0.47060812,-0.039183524,0.2820556,0.68959177,-0.009500604,0.27312648,0.60225797,-0.020343762,0.27040017,0.5519262,-0.028459268,0.26707193,0.5074811,-0.0341888,0.25368273,0.7234185,-0.01681965,0.24675329,0.657046,-0.026992697,0.24474126,0.61668235,-0.029676508,0.24284151,0.5786782,-0.030824188,open_palm
0.322495,0.9175064,4.054878e-07,0.36676234,0.8665485,-0.028845401,0.39337876,0.7922735,-0.040381704,0.41277647,0.72984165,-0.0504199,0.4433646,0.69380975,-0.05917078,0.33628297,0.67108345,-0.009457707,0.32790074,0.5841911,-0.023437202,0.31897146,0.533002,-0.03882675,0.30997324,0.48632127,-0.050902456,0.30203667,0.67458075,-0.007983921,0.28829458,0.58128667,-0.01900024,0.27745044,0.52362394,-0.03200178,0.26792395,0.47417206,-0.041841846,0.27365372,0.6960324,-0.010913126,0.26118052,0.60878307,-0.02220891,0.25596154,0.55864286,-0.02966646,0.2514004,0.5143695,-0.034638878,0.24804004,0.73232645,-0.017611625,0.2388404,0.66610867,-0.027660938,0.23574793,0.6257521,-0.029906895,0.23266613,0.5884045,-0.030534703,open_palm
0.3211137,0.91921693,4.0196474e-07,0.3641318,0.8680297,-0.02865479,0.38623995,0.7939993,-0.039215736,0.4036129,0.7299279,-0.04815795,0.43112093,0.69220376,-0.055851568,0.32695097,0.67187583,-0.007885978,0.31379122,0.5853473,-0.020722467,0.30202627,0.5339973,-0.035468746,0.29097474,0.48794943,-0.04737741,0.29327577,0.6772178,-0.0060064797,0.27631122,0.58550334,-0.016091827,0.263859,0.52908504,-0.02919555,0.25352976,0.48103756,-0.039596613,0.2663417,0.7000048,-0.008596538,0.25183162,0.613899,-0.01989435,0.24522923,0.5637282,-0.028663926,0.23980539,0.5202708,-0.03487576,0.24265724,0.7374118,-0.014875976,0.23254317,0.6709081,-0.025066193,0.22869205,0.6305588,-0.028202541,0.22527015,0.5935198,-0.029886503,open_palm
0.31975386,0.91809666,4.4460177e-07,0.36202914,0.86804783,-0.032721926,0.38385737,0.7926733,-0.04418377,0.40146008,0.72530854,-0.052969735,0.42868635,0.6865224,-0.05994012,0.32461867,0.6695706,-0.0094741415,0.3089745,0.58355796,-0.02013236,0.29486406,0.53234684,-0.03346199,0.28164098,0.48687208,-0.044556372,0.29076192,0.6743994,-0.004603726,0.27164137,0.58297646,-0.012307567,0.25765905,0.5268523,-0.023934528,0.24624792,0.47972363,-0.033357456,0.26364475,0.69717366,-0.004430269,0.24830109,0.6119486,-0.013034504,0.24132234,0.5615219,-0.021048069,0.23556617,0.51922053,-0.027064689,0.24007116,0.7334411,-0.008418751,0.22951582,0.6689725,-0.015741723,0.22523734,0.62958574,-0.017952275,0.2220961,0.59389377,-0.019340912,open_palm
0.3195954,0.9184919,4.3492048e-07,0.3603479,0.8665756,-0.03205366,0.37947053,0.7895026,-0.04164794,0.39555287,0.72155565,-0.048602737,0.42177123,0.68160135,-0.053490747,0.32321718,0.6688761,-0.004458846,0.30752778,0.58320403,-0.01302048,0.29354742,0.5318724,-0.025261551,0.2807338,0.48628187,-0.035908,0.2895457,0.67454386,0.0006754685,0.27085915,0.5835998,-0.0047206185,0.25822586,0.5273415,-0.015172521,0.24809337,0.4793967,-0.024024498,0.26269442,0.69737464,0.000674014,0.24744542,0.61176944,-0.006772717,0.24116503,0.56186754,-0.014641022,0.23560107,0.5188947,-0.020773828,0.23980507,0.7330435,-0.003575678,0.23007104,0.6692724,-0.010781107,0.2264388,0.6311573,-0.013454851,0.22352697,0.5954246,-0.015316485,open_palm
0.31867182,0.9186068,4.0446747e-07,0.35994977,0.86736137,-0.02988985,0.37692457,0.7895626,-0.038299616,0.39156836,0.72238487,-0.04432692,0.41655892,0.6826918,-0.0484467,0.32440943,0.66803813,-0.0040887995,0.30764633,0.58287966,-0.012639426,0.2926002,0.5321338,-0.024609646,0.27887383,0.48698795,-0.03514167,0.29011273,0.6735514,0.0001015603,0.27132738,0.58292395,-0.005336122,0.2581285,0.52807283,-0.015488582,0.24772331,0.48153603,-0.024053698,0.2627183,0.6963729,-0.00059238944,0.24734358,0.6098266,-0.007994278,0.24134083,0.55892986,-0.015760234,0.23630339,0.5149481,-0.021945287,0.23938268,0.73273194,-0.0053056465,0.23000592,0.6690163,-0.01259261,0.22734818,0.6301772,-0.015309057,0.22582644,0.5930443,-0.017243905,open_palm
0.3172706,0.9194236,4.5706173e-07,0.3584114,0.8670186,-0.035474118,0.3776898,0.79197526,-0.0474814,0.3933854,0.72454655,-0.056320656,0.41913116,0.68297535,-0.06299943,0.32631832,0.666271,-0.007702382,0.31106845,0.5809587,-0.017478904,0.2964337,0.5295584,-0.030642388,0.28278422,0.48391372,-0.042027626,0.29216534,0.6729921,-0.001557025,0.2750215,0.5819622,-0.008356024,0.26165244,0.52601784,-0.01984274,0.25057143,0.47842866,-0.029186323,0.26460487,0.69696116,-0.0008380245,0.25092047,0.60903883,-0.009836883,0.24468465,0.5575325,-0.019146385,0.23908705,0.51219535,-0.026160726,0.24093804,0.7338595,-0.004547452,0.2325027,0.67135733,-0.01357727,0.22967997,0.6322233,-0.017807413,0.22842649,0.59360296,-0.02066179,open_palm
0.3171551,0.91971856,4.5248538e-07,0.35811147,0.86715156,-0.03383902,0.37698746,0.7916169,-0.04438095,0.39334607,0.7246715,-0.051845588,0.4195299,0.68444896,-0.057027027,0.3290504,0.66655695,-0.0057224035,0.3159033,0.5809822,-0.01418749,0.30260557,0.52985406,-0.02638033,0.28980353,0.48450467,-0.037014257,0.29489228,0.67274415,0.00043149505,0.2798257,0.5813869,-0.0047648405,0.26759905,0.5251808,-0.014756644,0.25718194,0.47769344,-0.023092844,0.26708114,0.696237,0.0012615895,0.2547761,0.6097152,-0.006049213,0.24987647,0.55962527,-0.013855634,0.24519184,0.51612437,-0.019919852,0.24314451,0.7324489,-0.0023173655,0.23598781,0.6710426,-0.0096287085,0.23394692,0.63238627,-0.012651766,0.23327896,0.59442925,-0.014754846,open_palm
0.3178433,0.91983503,4.4408245e-07,0.3582478,0.86801106,-0.033720512,0.3763837,0.7934595,-0.04450486,0.39142466,0.7286578,-0.052284308,0.41756824,0.6888504,-0.05794182,0.3301452,0.66752476,-0.0064700143,0.31741205,0.58154595,-0.015833005,0.30469212,0.52992815,-0.028655427,0.29259175,0.48400843,-0.039808467,0.2958882,0.6730865,-0.00082372956,0.281364,0.58100545,-0.007158367,0.26996267,0.5242988,-0.01836032,0.26039696,0.4759993,-0.027605454,0.2682333,0.6962184,-0.00044126713,0.25659204,0.60830307,-0.008994673,0.25166732,0.55708444,-0.01821833,0.24711016,0.51206017,-0.025278421,0.24465232,0.7325533,-0.0043220394,0.23789147,0.6706132,-0.012877269,0.23644269,0.6319312,-0.016935784,0.23634952,0.5940939,-0.019783821,open_palm
0.31873152,0.92033255,4.6008768e-07,0.35902175,0.86937284,-0.035060402,0.37763405,0.7963884,-0.04670259,0.39323047,0.7314066,-0.05505843,0.41957593,0.6912908,-0.061068777,0.33044356,0.6676028,-0.006819625,0.31770205,0.58148867,-0.015529012,0.30474597,0.52997357,-0.027852137,0.292427,0.484304,-0.03855057,0.2958735,0.6735081,-0.00014473681,0.28104174,0.58176124,-0.005258599,0.26927972,0.52556324,-0.015162964,0.25938034,0.47791258,-0.023471043,0.26805466,0.6967299,0.0010984828,0.25644538,0.6089771,-0.0060856533,0.25134066,0.5578644,-0.014079725,0.24645022,0.5129448,-0.02037845,0.24448001,0.73279613,-0.0021513514,0.2379317,0.67122376,-0.009377587,0.23618565,0.6326504,-0.012537323,0.23591675,0.5949257,-0.014774516,open_palm
0.31997067,0.92095524,4.6247723e-07,0.35994402,0.8705914,-0.0347249,0.37890705,0.7989679,-0.046761524,0.3945474,0.734626,-0.05568247,0.4211958,0.6958271,-0.062273238,0.33102727,0.6686925,-0.0068342397,0.31810722,0.5824661,-0.015731974,0.30507982,0.53111523,-0.02829181,0.292476,0.4854054,-0.039097425,0.29641187,0.6743601,-0.00050214777,0.28099176,0.5821979,-0.005831733,0.26848087,0.5257937,-0.016053937,0.25796536,0.47809705,-0.02459707,0.268484,0.6972782,0.00052640995,0.2560345,0.60955954,-0.0064838454,0.25065172,0.55908865,-0.014088297,0.24571556,0.5155629,-0.020046024,0.24464391,0.7332621,-0.002932417,0.23718786,0.6698321,-0.009579398,0.23501967,0.63037056,-0.0120453825,0.23448032,0.59228903,-0.013739775,open_palm
0.32031465,0.92247194,4.704686e-07,0.36144838,0.8731469,-0.035719346,0.38070464,0.8024252,-0.048325785,0.3963895,0.73863804,-0.057746764,0.4228843,0.7012395,-0.064915426,0.33287847,0.67020166,-0.00799298,0.3198238,0.58448684,-0.01724636,0.30670667,0.5332057,-0.030196272,0.29409802,0.48739815,-0.041364476,0.29790226,0.6750535,-0.0014086477,0.28203377,0.5827172,-0.0072579267,0.26930365,0.52599126,-0.017971242,0.25901103,0.4775076,-0.026881933,0.26952517,0.6975366,-0.000162563,0.25671008,0.60879266,-0.007571678,0.25097376,0.557329,-0.01576355,0.24596287,0.5125341,-0.022175413,0.24517798,0.73336846,-0.0034782763,0.23721074,0.6696528,-0.010501905,0.23472446,0.62972635,-0.013455288,0.23421276,0.5907876,-0.01556452,open_palm
0.319451,0.9240431,4.3170388e-07,0.3623847,0.87577003,-0.031563614,0.38397163,0.8030779,-0.04255144,0.40222147,0.7388351,-0.051236745,0.43105945,0.7051398,-0.058079977,0.3348591,0.672467,-0.006928298,0.32401568,0.5867929,-0.01717752,0.3118892,0.5356183,-0.030841457,0.29957476,0.48931056,-0.042405505,0.29999396,0.67620134,-0.0027522526,0.28498888,0.58429337,-0.0100218775,0.2723785,0.5268146,-0.021437038,0.26129553,0.47819585,-0.030726593,0.27136466,0.69758844,-0.0033801675,0.25858068,0.61107326,-0.011556137,0.2531512,0.5608257,-0.019169722,0.2477599,0.517725,-0.02488184,0.24621397,0.7326979,-0.008216931,0.23770626,0.6682862,-0.0152923595,0.23485787,0.62750673,-0.017331207,0.2331976,0.5883401,-0.0185779,open_palm
0.31821743,0.92348707,4.284643e-07,0.36374614,0.8756317,-0.029937968,0.38913321,0.8005217,-0.041111313,0.41124552,0.73553425,-0.050454915,0.4419477,0.70362234,-0.058331784,0.34010953,0.67251664,-0.009308438,0.33155197,0.5848754,-0.021575717,0.32074344,0.5323265,-0.036175806,0.3096872,0.48543078,-0.048177447,0.3047254,0.67441994,-0.006895877,0.29064655,0.581059,-0.01650329,0.278509,0.52265674,-0.029156642,0.26777342,0.47337806,-0.038993675,0.27521867,0.6940874,-0.008867911,0.26312903,0.6067192,-0.018761966,0.25816154,0.5546613,-0.026913675,0.25353342,0.5108888,-0.032750554,0.24872437,0.72837055,-0.014785608,0.2396479,0.6636165,-0.02319994,0.23684385,0.62232137,-0.025259534,0.23537228,0.583941,-0.026205529,open_palm
0.31450093,0.92175925,4.106073e-07,0.3653215,0.87359107,-0.027234303,0.39781985,0.79598796,-0.037416622,0.42626444,0.73294204,-0.046377126,0.46004266,0.70412344,-0.054343525,0.34968108,0.67153543,-0.007688534,0.34621462,0.5838367,-0.019998483,0.33852258,0.5310574,-0.034491137,0.3303374,0.48438758,-0.04627445,0.31419373,0.6708923,-0.0067368797,0.30621606,0.5769242,-0.015732847,0.29826766,0.519458,-0.027942995,0.29059708,0.47139028,-0.03753847,0.28334835,0.6879454,-0.0100036785,0.27588314,0.6001921,-0.019168084,0.27264038,0.5476385,-0.027200079,0.2690929,0.5033813,-0.03318971,0.25438035,0.72051376,-0.016950013,0.24593353,0.6552962,-0.024817605,0.24383503,0.61424005,-0.026574994,0.24263515,0.5764284,-0.02746897,open_palm
0.31070656,0.91600245,4.1189432e-07,0.36816514,0.8705478,-0.025187727,0.40929484,0.79347706,-0.03454836,0.445917,0.732314,-0.04286675,0.48332533,0.7030492,-0.05045911,0.36046323,0.6696169,-0.007587618,0.3632963,0.58170694,-0.019187564,0.3590273,0.5291424,-0.03304825,0.35325217,0.48245558,-0.04419648,0.32423994,0.6662219,-0.0072520417,0.32205102,0.5724307,-0.015100567,0.31788212,0.51487684,-0.026420148,0.31252652,0.46788102,-0.03560376,0.29131985,0.68069506,-0.010899858,0.28643215,0.59504974,-0.018556483,0.28575417,0.5444862,-0.025553156,0.28452635,0.50256294,-0.03108744,0.25905126,0.709869,-0.018089049,0.25152108,0.64332825,-0.024633488,0.2500764,0.6018013,-0.025611004,0.24971831,0.5636878,-0.02612116,open_palm
0.30921733,0.91268235,3.813608e-07,0.3701942,0.8693461,-0.023079263,0.41804758,0.7929127,-0.031193715,0.45867297,0.73486197,-0.03881366,0.4967098,0.7076328,-0.04599974,0.37052652,0.66993743,-0.0049647964,0.37660095,0.5835276,-0.016407646,0.3744337,0.5311307,-0.03032377,0.3714667,0.48529583,-0.041507397,0.3338799,0.66519946,-0.005894464,0.33435065,0.57224494,-0.014264761,0.3317952,0.51416785,-0.026581362,0.32837078,0.46663174,-0.036481876,0.2996196,0.67777777,-0.01076432,0.29723808,0.59142,-0.019483492,0.2980931,0.5404159,-0.027995583,0.29841447,0.49771082,-0.034559127,0.26445064,0.70492417,-0.018878283,0.25816727,0.6378128,-0.026832717,0.25690037,0.5953849,-0.029341465,0.25649202,0.55571365,-0.030986369,open_palm
0.3090656,0.90977174,4.1291466e-07,0.37302923,0.870122,-0.023920855,0.42696497,0.79627264,-0.031832468,0.4727995,0.7423094,-0.039055638,0.51199406,0.71863765,-0.045737382,0.3805347,0.67182136,-0.003242645,0.39163828,0.5869102,-0.013146827,0.39218423,0.53586996,-0.0264118,0.3915325,0.49113184,-0.037100386,0.34288052,0.6640606,-0.0033371767,0.3478855,0.57197875,-0.009641815,0.34792432,0.51422966,-0.021097437,0.34633934,0.46775037,-0.030513028,0.30679142,0.67407316,-0.007634929,0.30793792,0.58817756,-0.0143693555,0.31021005,0.53800905,-0.022561925,0.31158683,0.496621,-0.02913287,0.26950788,0.6981825,-0.015358324,0.2643647,0.63153684,-0.021647682,0.2637672,0.5898773,-0.023654321,0.26465207,0.55148995,-0.025098158,open_palm
0.30948627,0.9095372,4.1293418e-07,0.37555137,0.87153566,-0.02299997,0.43378282,0.8014276,-0.030953841,0.48123536,0.750231,-0.038400188,0.51987433,0.7265226,-0.04523596,0.38672566,0.6751244,-0.002761159,0.4016903,0.58970845,-0.012302191,0.4044164,0.539202,-0.025050987,0.4055885,0.49537367,-0.03540177,0.34886095,0.66561025,-0.0034971277,0.356315,0.57244754,-0.0099957315,0.35812265,0.51464486,-0.021731324,0.3575646,0.46934882,-0.031337764,0.31238282,0.67359114,-0.0083327945,0.31573,0.5868318,-0.015498723,0.31986102,0.5358733,-0.024381777,0.32269567,0.49447018,-0.031475816,0.27438584,0.69571847,-0.016380224,0.26901335,0.62820184,-0.023413567,0.26836494,0.58593917,-0.026100362,0.2695434,0.5472263,-0.027985075,open_palm
0.30959305,0.9087962,4.1134967e-07,0.37690687,0.8735305,-0.02281196,0.43716457,0.8055042,-0.030540725,0.48559207,0.7563987,-0.03781267,0.5241562,0.7331937,-0.044392843,0.3904802,0.676672,-0.0027767934,0.40728587,0.5923624,-0.012288777,0.41163898,0.54237205,-0.02493557,0.41450176,0.49864066,-0.03529625,0.35293895,0.6652076,-0.0036848623,0.36149865,0.571634,-0.010486192,0.36506453,0.51356995,-0.022462482,0.36620393,0.46791023,-0.032239135,0.31682134,0.6718098,-0.008657144,0.3206434,0.5853722,-0.016234657,0.32594645,0.5349702,-0.025445791,0.32999784,0.4932924,-0.032736503,0.27927634,0.69260746,-0.016802495,0.27504128,0.62452745,-0.024346326,0.2750609,0.58162355,-0.0275223,0.27727345,0.54178154,-0.02978105,open_palm
0.31193596,0.90705764,3.7924048e-07,0.37920737,0.87394696,-0.02002057,0.43913037,0.81000906,-0.0270007,0.4860819,0.7631189,-0.03411301,0.5239129,0.7373747,-0.04063836,0.3936411,0.67820555,-0.0009010845,0.41159254,0.5955674,-0.010745373,0.41745368,0.546766,-0.023322001,0.42200467,0.50472486,-0.0334963,0.35736427,0.6656285,-0.0033238274,0.36779523,0.57258606,-0.010815535,0.37368786,0.5148462,-0.022938263,0.37697563,0.46991098,-0.03279869,0.3222977,0.6710782,-0.009702581,0.326755,0.5843629,-0.018217567,0.33336377,0.5336465,-0.027877059,0.33895126,0.49172905,-0.035435986,0.2857567,0.6909684,-0.01892626,0.28155592,0.62208873,-0.027625877,0.28182906,0.5779932,-0.03168057,0.28461024,0.53669614,-0.034586035,open_palm
0.31260222,0.90645945,3.754692e-07,0.3803916,0.873842,-0.019042758,0.43937644,0.8113852,-0.025860095,0.4853775,0.76479316,-0.032942794,0.5224936,0.73785436,-0.03959906,0.39448658,0.6792468,-0.0012887252,0.41370925,0.59763867,-0.011505146,0.4206076,0.5490249,-0.024392227,0.42585456,0.5066022,-0.03489492,0.35882145,0.66611505,-0.004439831,0.37034726,0.57216036,-0.012479955,0.37761703,0.51472956,-0.025032405,0.3818163,0.4692055,-0.035217594,0.32431334,0.6714936,-0.011337266,0.32891777,0.58400893,-0.020618938,0.33604336,0.5320783,-0.030703688,0.34203106,0.48810613,-0.038590547,0.28839794,0.69142383,-0.020871224,0.284586,0.6219856,-0.030575387,0.28578514,0.5775478,-0.035005905,0.28955865,0.5358005,-0.038132444,open_palm
0.31171834,0.90571,3.8744446e-07,0.38055396,0.8741291,-0.020421742,0.43979377,0.81179297,-0.027308036,0.48596394,0.76456475,-0.034238093,0.52382064,0.73827386,-0.040713236,0.3952672,0.6788419,-0.001183963,0.41404802,0.5972318,-0.011415881,0.4210267,0.5487355,-0.024385625,0.42663556,0.50633955,-0.03496184,0.35889626,0.6655555,-0.0035490294,0.37044552,0.57200205,-0.0118097495,0.3779132,0.5145284,-0.024691502,0.38270435,0.4687419,-0.035061125,0.3236962,0.6709349,-0.009880611,0.3282061,0.5843401,-0.019617273,0.33563116,0.5323949,-0.03024523,0.3423121,0.4882311,-0.03837183,0.28698665,0.69035876,-0.018963687,0.2836451,0.6210882,-0.029078748,0.2851792,0.57679695,-0.03396552,0.28952202,0.53501743,-0.037379548,open_palm
0.30999023,0.90632874,4.0296482e-07,0.3792646,0.8750133,-0.02143228,0.44069386,0.8127717,-0.028353423,0.48774335,0.76641893,-0.035001017,0.5262699,0.7415249,-0.040946897,0.3946463,0.6780717,-0.00041359116,0.41433212,0.5970945,-0.00991865,0.4213353,0.5493182,-0.022611672,0.42642385,0.50752676,-0.03284399,0.35818243,0.6647104,-0.0018872311,0.37089232,0.571668,-0.008891975,0.378442,0.5152972,-0.021024551,0.38278642,0.4703254,-0.030800667,0.32266253,0.66927916,-0.0074695363,0.32871884,0.5832703,-0.015986785,0.3363822,0.53325444,-0.025696235,0.34252882,0.4909048,-0.033077396,0.28498423,0.68780476,-0.015960189,0.28247666,0.6190739,-0.024619002,0.28444916,0.57604146,-0.028308216,0.28857946,0.5357492,-0.03078685,open_palm
0.3090114,0.9065677,4.1063583e-07,0.37874827,0.8740408,-0.02136246,0.44055888,0.81066763,-0.027873537,0.48892722,0.7651058,-0.034187574,0.52825105,0.74232394,-0.03978251,0.39445487,0.6778424,0.0011911924,0.413889,0.5963211,-0.007504283,0.42069155,0.54847294,-0.019845704,0.4258895,0.50663215,-0.029928906,0.35745868,0.6647594,-1.6562137e-06,0.3698152,0.5722432,-0.0061566127,0.37691048,0.51656914,-0.018029694,0.3811631,0.47200188,-0.02767661,0.32139367,0.6691421,-0.005354359,0.32799587,0.58355135,-0.013015306,0.33572537,0.53421223,-0.022273172,0.34201068,0.4925549,-0.029406128,0.2831616,0.6872242,-0.013690926,0.28140345,0.6191371,-0.021355268,0.28395307,0.57699573,-0.024330964,0.2887415,0.53786385,-0.026355727,open_palm
0.30820101,0.9070534,4.162951e-07,0.37773183,0.8743711,-0.021799592,0.4393773,0.81009775,-0.028603291,0.4875173,0.7637141,-0.035069834,0.5268512,0.7401799,-0.040798295,0.3942708,0.6778531,0.00022811505,0.4133889,0.59592724,-0.008624516,0.4199547,0.54817307,-0.020970212,0.42503273,0.5061172,-0.030998245,0.35682186,0.6648988,-0.000732486,0.3689166,0.5719945,-0.006822132,0.3756195,0.5164947,-0.018634206,0.37961406,0.47159284,-0.028252803,0.3201689,0.669598,-0.0058232993,0.32663682,0.58423287,-0.0132945785,0.33394825,0.53482604,-0.022381421,0.33966425,0.4928578,-0.029425919,0.28130478,0.68802756,-0.01391486,0.28009665,0.6196261,-0.021383336,0.28246462,0.57718474,-0.0241587,0.28670773,0.53757745,-0.026018828,open_palm
0.30602664,0.90716326,4.2373796e-07,0.3759628,0.8744892,-0.021868201,0.43808922,0.80997556,-0.028713284,0.48623303,0.7634396,-0.035193764,0.52543145,0.7402945,-0.040928204,0.39269924,0.67753565,-0.0003728472,0.41244146,0.59543574,-0.009306624,0.4192445,0.547594,-0.021633929,0.4243592,0.50544256,-0.03158532,0.3550276,0.6645835,-0.0013419494,0.36750814,0.5711648,-0.007401415,0.37429896,0.51517475,-0.019071482,0.37824243,0.46963575,-0.028545434,0.31827155,0.66929054,-0.006379048,0.32469478,0.58377755,-0.0136361495,0.33195826,0.5346718,-0.02235155,0.33760953,0.492896,-0.029126234,0.2792197,0.68780375,-0.014450209,0.2778812,0.6193466,-0.021646658,0.2803244,0.576952,-0.024074245,0.2845975,0.5374055,-0.025654083,open_palm
0.3043281,0.9071377,4.133982e-07,0.373768,0.87427,-0.02179218,0.43539953,0.80879027,-0.028527172,0.4831488,0.7608747,-0.034853503,0.52184737,0.7355766,-0.04042225,0.39069533,0.6773102,-0.00075411686,0.4100891,0.5948715,-0.009900333,0.41692862,0.54670316,-0.02226513,0.4221347,0.50425655,-0.032294974,0.3527393,0.66390496,-0.0017386997,0.36493134,0.5703238,-0.008209221,0.37167975,0.5144429,-0.019958107,0.37573355,0.4688803,-0.02947745,0.31581604,0.66835135,-0.0067690015,0.32209438,0.58232415,-0.014517872,0.32917616,0.53267443,-0.023369057,0.33485976,0.49048072,-0.03025694,0.27691787,0.68679106,-0.014778301,0.27510345,0.6183873,-0.022526404,0.27747688,0.5760556,-0.025294311,0.28204983,0.5367317,-0.02710142,open_palm
0.3024568,0.906646,4.1037111e-07,0.37154746,0.8730736,-0.021798179,0.433263,0.80723846,-0.028914781,0.4814452,0.7597142,-0.035682973,0.52039003,0.7346129,-0.04180039,0.3882649,0.67574656,-0.0017364718,0.4073615,0.5931851,-0.011341527,0.41385546,0.544682,-0.02395945,0.41881445,0.50183,-0.034158483,0.35028645,0.66274893,-0.0029755319,0.36205754,0.5690982,-0.009884559,0.36835688,0.5129272,-0.021821098,0.37195015,0.4668224,-0.031473335,0.3133936,0.66753453,-0.008215289,0.31918493,0.5816987,-0.016206602,0.3258086,0.53185165,-0.025117056,0.33102104,0.48908767,-0.03206292,0.27447358,0.6864368,-0.016443444,0.27256685,0.61776996,-0.024305841,0.27476996,0.575251,-0.02707629,0.27898213,0.53551,-0.028905941,open_palm
0.30070713,0.90621865,4.086259e-07,0.37005046,0.87239826,-0.021314457,0.43169153,0.80614084,-0.028124651,0.4800524,0.7586344,-0.03473112,0.51907116,0.734156,-0.040696777,0.3862232,0.67502975,-0.00077877357,0.40493882,0.59225965,-0.010157572,0.41111454,0.5435805,-0.02265882,0.41585866,0.5007771,-0.032797616,0.34836727,0.6622859,-0.0022645409,0.35957068,0.56833607,-0.009006394,0.3656111,0.5120088,-0.020875802,0.36913863,0.46594283,-0.030471832,0.31164482,0.6671803,-0.0077562295,0.3169959,0.58098257,-0.015657548,0.3235587,0.5311836,-0.024434248,0.32889003,0.4886085,-0.031261217,0.27289206,0.6860847,-0.016219694,0.27071288,0.6173504,-0.023990802,0.2729013,0.57467955,-0.026644856,0.27724704,0.5347434,-0.028393023,open_palm
0.3003169,0.9060501,4.021146e-07,0.3695437,0.8723882,-0.021515654,0.43079183,0.80588245,-0.028215667,0.47858453,0.7580655,-0.03466955,0.5171236,0.73309743,-0.040452596,0.3848999,0.67448866,-0.0007270371,0.40330806,0.5916856,-0.010070642,0.40926802,0.54289615,-0.022565944,0.41381675,0.5001137,-0.032680158,0.347031,0.66213006,-0.0020319314,0.35795674,0.56832224,-0.008769744,0.3637769,0.511666,-0.020727238,0.36708674,0.46554035,-0.030397382,0.31038454,0.6673364,-0.007377031,0.31552187,0.58161914,-0.015298837,0.32181364,0.53174996,-0.024280839,0.3267456,0.48924232,-0.031255,0.27191386,0.6865215,-0.015719667,0.2695221,0.61834323,-0.023537183,0.2709746,0.5756947,-0.026375165,0.27437282,0.5358454,-0.028277654,open_palm
0.29905975,0.90657276,4.050771e-07,0.369285,0.87316203,-0.021152344,0.43099725,0.8056128,-0.026901772,0.47886774,0.7570786,-0.032442246,0.51678157,0.73250353,-0.03729001,0.38480246,0.67379975,0.0015833107,0.40294757,0.59108305,-0.006679353,0.40857914,0.54234403,-0.01882451,0.4128433,0.49971366,-0.028809493,0.346888,0.66139036,0.00048168792,0.3578209,0.567869,-0.0051223827,0.36364633,0.51131034,-0.016797747,0.36687955,0.46557164,-0.026328197,0.31016532,0.6665601,-0.004741618,0.31555414,0.58045805,-0.01179808,0.3217063,0.5306039,-0.02076083,0.32633302,0.48836267,-0.027789688,0.27152628,0.68582785,-0.01298757,0.2693426,0.61771554,-0.02023164,0.27063537,0.5754576,-0.02292449,0.27383223,0.5361737,-0.024746839,open_palm
0.29834795,0.9053417,4.0340106e-07,0.3681917,0.8725063,-0.022087647,0.43043625,0.8058925,-0.027782073,0.47883177,0.75571734,-0.033071734,0.516988,0.7289284,-0.037511222,0.38469338,0.67508256,0.0024382083,0.40362564,0.59258556,-0.005294877,0.40891,0.543973,-0.017127648,0.4126769,0.50164753,-0.026827818,0.34726498,0.6626006,0.0022814428,0.35954398,0.5697439,-0.002513974,0.36511874,0.5139411,-0.013655609,0.36798814,0.4689166,-0.022851152,0.3107933,0.66732925,-0.0022023076,0.31697437,0.58173347,-0.008548746,0.32297653,0.5330206,-0.016897965,0.32735932,0.4917786,-0.023554942,0.27201578,0.68545794,-0.009847459,0.27109635,0.61840457,-0.016369687,0.27267703,0.5767895,-0.018613257,0.27581304,0.5380236,-0.020176545,open_palm
0.29864308,0.9032811,3.9915875e-07,0.36818483,0.87198335,-0.021993404,0.43027684,0.8068739,-0.027105078,0.47896197,0.75712645,-0.031852685,0.51683265,0.7292018,-0.03551302,0.3863337,0.6786455,0.0049406113,0.40648586,0.5974497,-0.0018745885,0.41244024,0.54990673,-0.013141194,0.41636652,0.50918746,-0.02224007,0.34974018,0.6653379,0.0052893353,0.36371282,0.5741439,0.0017992499,0.37018302,0.5187093,-0.00845754,0.37379557,0.47490636,-0.0170723,0.3137644,0.66880727,0.001038156,0.3218872,0.58466977,-0.0041242973,0.32962847,0.5378263,-0.011666909,0.33562604,0.49948275,-0.01781519,0.27514797,0.68478775,-0.0065006847,0.27510417,0.618671,-0.012047664,0.27727205,0.57782936,-0.01386355,0.280894,0.540183,-0.015195754,open_palm
0.3031757,0.90115666,3.942157e-07,0.37246606,0.8704732,-0.021455493,0.43344578,0.80692965,-0.026853444,0.48037696,0.7580096,-0.031879477,0.51734173,0.72930807,-0.035872415,0.3872475,0.6787062,0.0033877534,0.40766457,0.59944165,-0.003973836,0.4142148,0.5528142,-0.015338449,0.41849244,0.51254606,-0.024499202,0.3510925,0.66501987,0.0033644529,0.36503544,0.5746808,-0.0009800545,0.37220994,0.5209255,-0.011464858,0.37632424,0.4784357,-0.020115446,0.3158476,0.6679809,-0.0009925917,0.32320932,0.58469766,-0.0069635524,0.33079758,0.53841496,-0.0147303045,0.33695605,0.5000282,-0.020944914,0.2783403,0.68388313,-0.008435065,0.27675712,0.6183183,-0.014673624,0.27930593,0.578081,-0.016726227,0.2840389,0.541186,-0.018139683,open_palm
0.30729607,0.8994762,3.6072151e-07,0.3760627,0.86966795,-0.017989416,0.43406576,0.80450416,-0.021396706,0.47760186,0.7560971,-0.024948888,0.512731,0.7328329,-0.027774394,0.38627362,0.6777629,0.005335435,0.40466708,0.5998227,-0.0009303245,0.4115445,0.55376947,-0.011438713,0.41647348,0.5142851,-0.020260463,0.3512207,0.66475403,0.0039443322,0.36309063,0.5750812,8.1758844e-05,0.37060145,0.5213607,-0.010016702,0.37522903,0.4789244,-0.018515207,0.31745163,0.66778386,-0.0013790218,0.3230905,0.5850372,-0.007038368,0.3307132,0.5375289,-0.015289306,0.33672985,0.49806863,-0.02199847,0.28173712,0.6835384,-0.009430828,0.27810064,0.61805934,-0.01562633,0.2797523,0.5771606,-0.018224388,0.28370702,0.5393989,-0.02026481,open_palm
0.31595045,0.8987342,3.2543002e-07,0.38025072,0.8672849,-0.014391125,0.43082994,0.80202866,-0.016591648,0.46933296,0.75236094,-0.019622223,0.5010947,0.72494054,-0.021904336,0.38207662,0.6769583,0.008388284,0.39725587,0.6013949,0.0024046453,0.40340248,0.5567025,-0.0078193145,0.40751946,0.5185468,-0.016375499,0.34811622,0.66448355,0.005161045,0.35679895,0.57521653,0.0014605955,0.36401612,0.5222838,-0.008147428,0.36877605,0.4804194,-0.016272586,0.31605548,0.6683334,-0.0018076282,0.318012,0.5853277,-0.0073674913,0.32508674,0.53772074,-0.015069203,0.3314096,0.49820742,-0.021423193,0.28337908,0.6852368,-0.011220477,0.27674854,0.6189174,-0.017643362,0.2778365,0.5769266,-0.020298865,0.2823956,0.5381449,-0.022404524,open_palm
0.319462,0.89700353,2.961309e-07,0.38296112,0.86397284,-0.009578672,0.42836532,0.79809713,-0.009044198,0.46116078,0.7489486,-0.010320111,0.48961687,0.72380865,-0.011138438,0.37613133,0.67472154,0.014650753,0.38744706,0.6000724,0.01048555,0.39165476,0.5569519,0.0011488725,0.39373598,0.52005005,-0.0068684947,0.343395,0.6646933,0.0095606325,0.34894025,0.5763643,0.007813116,0.35455057,0.52421206,-0.0010327674,0.35790896,0.4832588,-0.008852268,0.31268314,0.6700283,0.00095558213,0.3117566,0.58772624,-0.0028819686,0.31718674,0.5400809,-0.01009985,0.3219224,0.50058097,-0.016404696,0.28155276,0.6881618,-0.00975828,0.27272713,0.6219827,-0.014578159,0.2730816,0.580675,-0.016366728,0.27700236,0.5426018,-0.018181263,open_palm
0.32009944,0.8949538,3.0618074e-07,0.3842022,0.86268085,-0.0098676635,0.43004382,0.79685587,-0.008627457,0.46350735,0.7477797,-0.009098034,0.49161512,0.72521627,-0.009169579,0.37341768,0.67628735,0.016242018,0.3840707,0.60235554,0.0133748185,0.38720113,0.56033385,0.005096716,0.3883114,0.5248273,-0.002262937,0.34129602,0.667297,0.011628953,0.34578133,0.5794898,0.010580136,0.35006827,0.5266449,0.0024764552,0.35246104,0.4865201,-0.004763264,0.31081057,0.672853,0.003264821,0.30947018,0.5901464,-0.00041112243,0.31419274,0.5428014,-0.007928567,0.31831622,0.50407666,-0.014297053,0.27900988,0.690706,-0.0072637107,0.2696355,0.62527794,-0.011882818,0.268818,0.58423084,-0.014065819,0.2716584,0.54628825,-0.01626749,open_palm
0.3212885,0.8926184,2.9981916e-07,0.385931,0.8587617,-0.009337395,0.43027145,0.7967051,-0.007771491,0.4632569,0.74876356,-0.008058653,0.4909497,0.7243992,-0.007870581,0.3726096,0.6795203,0.019558474,0.38120532,0.6077895,0.018225733,0.38291228,0.5679811,0.010717171,0.38288283,0.53377473,0.0040321727,0.34006694,0.6712539,0.0155805545,0.3428654,0.5855532,0.016422117,0.3453479,0.53547406,0.009274922,0.34666103,0.49777478,0.0027463809,0.30906922,0.6765231,0.007769163,0.3070683,0.596405,0.0057238364,0.31073302,0.5517658,-0.0006732054,0.31413814,0.5159099,-0.006190934,0.27695182,0.693361,-0.002215916,0.26760632,0.63019866,-0.0051057343,0.2665494,0.5917217,-0.0059301695,0.26922274,0.55655456,-0.007094002,open_palm
0.31920207,0.88977766,3.3393508e-07,0.38520116,0.8573529,-0.010795553,0.43168277,0.79806465,-0.009375327,0.46649563,0.749359,-0.009364326,0.49505988,0.72308016,-0.008434969,0.37440622,0.68283,0.021915521,0.38321322,0.613373,0.022777798,0.38454765,0.57493114,0.01673875,0.38377145,0.5421821,0.011315113,0.34097704,0.6743098,0.019815069,0.34456268,0.5925546,0.023629561,0.34639993,0.54449916,0.018535577,0.34669986,0.5084016,0.0136079015,0.3091911,0.67861474,0.013564955,0.30769113,0.6028962,0.014049089,0.31161103,0.56201255,0.009611337,0.31508374,0.5298611,0.0056730155,0.2757024,0.6935939,0.0048458744,0.26706198,0.6336317,0.004402783,0.26601994,0.59773546,0.0052221697,0.2686381,0.56573457,0.005480113,open_palm
0.3185963,0.88884103,3.672713e-07,0.38592538,0.85649836,-0.012877731,0.43348145,0.7987373,-0.0117031075,0.46832883,0.7511674,-0.011333239,0.49717098,0.7237463,-0.010036504,0.37644848,0.6852911,0.022145731,0.38587376,0.61740065,0.023917768,0.387487,0.57917774,0.018082686,0.38699338,0.5474663,0.012847282,0.34230113,0.67698956,0.021757644,0.3462181,0.59687644,0.027304858,0.3485299,0.5497095,0.022153534,0.3493604,0.5141852,0.016870782,0.30993193,0.6814772,0.016997566,0.30957898,0.6076888,0.018228155,0.31323713,0.56884557,0.012823768,0.31611297,0.5378195,0.008080655,0.2755965,0.6957195,0.009711009,0.2682729,0.63775,0.008944387,0.26801595,0.6030698,0.008690688,0.27106652,0.5716469,0.0082183,open_palm
0.31635332,0.88836205,4.0371242e-07,0.3851936,0.85646105,-0.013808467,0.4331116,0.8004618,-0.012205156,0.46875995,0.75355816,-0.011239738,0.4974984,0.7258082,-0.009065095,0.37823644,0.68838173,0.02665057,0.38814408,0.6215737,0.03155032,0.38972825,0.5839352,0.027519312,0.388775,0.55308115,0.023462344,0.34354433,0.67971206,0.027576964,0.3484992,0.60143286,0.036855824,0.35084018,0.555605,0.033534206,0.35173255,0.52076596,0.029441878,0.31091705,0.68326074,0.023680348,0.31181583,0.6118398,0.027837912,0.3161769,0.57406783,0.023346782,0.3195877,0.5435106,0.019004842,0.27597648,0.69520324,0.017006766,0.26911154,0.6395692,0.01834441,0.2693478,0.6065678,0.018697198,0.27328813,0.5766779,0.018550359,open_palm
0.31492013,0.8891573,4.3505796e-07,0.3846243,0.8560578,-0.013876672,0.4320122,0.8002598,-0.011445061,0.46778783,0.75498915,-0.009666986,0.49673468,0.7284937,-0.0066182422,0.37857175,0.690784,0.03038178,0.38919383,0.6255654,0.037260864,0.39129773,0.5886648,0.034224655,0.39056152,0.5588449,0.03079131,0.3433064,0.6823379,0.031920362,0.34969753,0.60565096,0.04320536,0.352665,0.56095505,0.040531415,0.35404122,0.5271555,0.036961682,0.3104168,0.6858856,0.02837585,0.31215703,0.6151267,0.033715066,0.31743523,0.57806903,0.02912949,0.32173902,0.54831713,0.024812544,0.27499846,0.6973098,0.022006754,0.26923573,0.64243615,0.023842188,0.27006945,0.60988444,0.02392919,0.27481696,0.5809498,0.02370792,open_palm
0.3129139,0.88800937,4.6213904e-07,0.3838601,0.8553473,-0.012940058,0.43127033,0.7995595,-0.009408597,0.4676493,0.7551197,-0.0068337196,0.49656957,0.72970486,-0.0029629704,0.377566,0.6924256,0.034935325,0.3882637,0.627807,0.044546172,0.390575,0.59175926,0.043360546,0.39005318,0.563136,0.04129782,0.34192395,0.6841094,0.03690962,0.3486111,0.6094704,0.05159039,0.35148942,0.56616545,0.050992787,0.35336512,0.53330576,0.0490348,0.3092351,0.68719274,0.03367517,0.3113857,0.618587,0.042153984,0.31673825,0.58299017,0.03976437,0.32118985,0.5545026,0.03695773,0.27403268,0.697695,0.027457574,0.26828894,0.6446868,0.03172459,0.2685668,0.6129687,0.033402633,0.27254176,0.5851782,0.03450312,open_palm
0.31242856,0.8852638,4.3783822e-07,0.3819288,0.8545178,-0.014862915,0.43051502,0.79965085,-0.013797117,0.46669158,0.75413465,-0.013106485,0.4946661,0.7268325,-0.011091668,0.37698284,0.6941586,0.026119381,0.3879853,0.63065,0.03148793,0.39014578,0.59406567,0.02840732,0.3897454,0.5657459,0.025483027,0.34099925,0.6851909,0.028447166,0.347628,0.6108642,0.038829703,0.3503144,0.56878763,0.037263643,0.3523984,0.5357829,0.035024226,0.3079658,0.6872729,0.025910322,0.30929634,0.6185477,0.031104222,0.31411526,0.58323455,0.028682917,0.31856975,0.5552677,0.026229482,0.27294093,0.6974274,0.020441514,0.26676053,0.64485806,0.022605693,0.26698038,0.6130128,0.024053387,0.27085638,0.5856689,0.025284858,open_palm
0.31022632,0.88424134,4.514404e-07,0.38055828,0.8532352,-0.015102579,0.4296171,0.8000795,-0.013671403,0.46604896,0.7540107,-0.012669233,0.49411613,0.7254137,-0.010339857,0.3762612,0.6952411,0.028959986,0.387458,0.631948,0.035636846,0.38964224,0.59598565,0.032930765,0.389107,0.5678137,0.030095886,0.34029886,0.68623424,0.031650174,0.3475664,0.6123257,0.043323696,0.35049132,0.5700978,0.04159249,0.35289326,0.53741896,0.038955625,0.30717605,0.68802893,0.0292634,0.30984554,0.6202403,0.035481278,0.31524992,0.5855022,0.03276193,0.3202399,0.55813897,0.029832827,0.27153584,0.6973677,0.023866799,0.26625752,0.6452539,0.02678042,0.26698768,0.61386365,0.028179277,0.27144447,0.58686686,0.029137185,open_palm
0.30807418,0.88492066,4.3479344e-07,0.37834352,0.8541249,-0.015672205,0.42834938,0.8003718,-0.015180623,0.46521345,0.75383174,-0.015044003,0.49401474,0.72476393,-0.013625749,0.37596345,0.6964159,0.025840301,0.38795233,0.6332123,0.03035611,0.39058146,0.5967933,0.026431503,0.39049524,0.5684298,0.022820605,0.34028062,0.68682075,0.028193165,0.34842557,0.6127371,0.037427865,0.3515028,0.5706413,0.034404017,0.35397288,0.53750503,0.030907717,0.30713424,0.68832064,0.025586015,0.31067595,0.62006974,0.029795526,0.3159388,0.58508813,0.02627129,0.3210747,0.55766547,0.022864472,0.2713557,0.697889,0.020037834,0.26659966,0.64556503,0.021616075,0.26762915,0.6137961,0.022474997,0.27218524,0.58659065,0.023058992,open_palm
0.30491152,0.88338214,4.3738797e-07,0.37614647,0.85329705,-0.01600023,0.42800546,0.7997864,-0.015882757,0.46562237,0.752599,-0.016031163,0.49471718,0.7228193,-0.01504663,0.37684068,0.6967251,0.024282554,0.3897156,0.6327399,0.027824331,0.3925045,0.5950862,0.023083845,0.39244044,0.5656539,0.0187292,0.34105045,0.6867767,0.026507957,0.35039297,0.61289483,0.034260727,0.35388872,0.5702776,0.029642988,0.3567374,0.5368175,0.024803301,0.30742627,0.6878495,0.023924073,0.31204236,0.62005794,0.027103582,0.31778568,0.5848309,0.0224593,0.32345158,0.55771005,0.018058471,0.27093992,0.69727147,0.018472116,0.26759362,0.6452464,0.019541549,0.26924825,0.61321074,0.019896856,0.2741881,0.5860338,0.019875588,open_palm
0.30201888,0.88357687,4.6509822e-07,0.37410736,0.8528212,-0.017124226,0.42834684,0.7988442,-0.017598705,0.46750242,0.7507074,-0.018007144,0.4975803,0.72026455,-0.017242722,0.37826532,0.6951799,0.0232419,0.39287847,0.6288905,0.027268864,0.39612857,0.5904382,0.022710001,0.39666322,0.55943036,0.018257245,0.34234616,0.6848999,0.02597442,0.3527943,0.6097223,0.034150735,0.35712317,0.56606776,0.029080343,0.36036113,0.53225034,0.023865145,0.30844587,0.686242,0.02398957,0.31400993,0.617393,0.027645605,0.32056546,0.5809902,0.022591313,0.32663262,0.5527378,0.017820023,0.27169454,0.69633776,0.019109312,0.2696967,0.64335245,0.02011858,0.2719982,0.6109501,0.020210931,0.27732548,0.5835061,0.02015271,open_palm
0.2996997,0.8836396,4.9188196e-07,0.37187713,0.8537865,-0.019630147,0.42752436,0.7980423,-0.02131481,0.46795,0.74979484,-0.022442881,0.49952364,0.7190008,-0.022382025,0.37926492,0.69405854,0.019827954,0.39561924,0.6262532,0.023456646,0.3996928,0.5864467,0.018772278,0.4006769,0.5537052,0.0140640335,0.34355792,0.68289644,0.023296647,0.35544163,0.606482,0.031135311,0.36054268,0.56205153,0.026050566,0.36363354,0.5281924,0.020958748,0.30932674,0.6839314,0.022025313,0.31627354,0.6134623,0.025452882,0.32353395,0.57559144,0.020621039,0.32968706,0.5456626,0.016097115,0.27222967,0.69452447,0.017661287,0.27142262,0.64041257,0.018156553,0.27403215,0.607726,0.01835892,0.27894005,0.57994354,0.018611845,open_palm
0.29636255,0.88419014,5.339e-07,0.37083572,0.8532557,-0.02015295,0.42680594,0.799418,-0.02205935,0.4680859,0.7505636,-0.023809668,0.50097984,0.7190201,-0.024426391,0.37992328,0.6951068,0.025604533,0.3971857,0.62681645,0.031039737,0.4017822,0.5872125,0.026418148,0.40309948,0.5547601,0.021456085,0.34405214,0.68451756,0.029477023,0.3564988,0.6083996,0.03905177,0.36210886,0.5627894,0.03298697,0.36627004,0.5279669,0.026786327,0.30936456,0.6856961,0.02818689,0.3172125,0.6157071,0.03347666,0.32535902,0.5783577,0.028056141,0.33268934,0.54934824,0.022668967,0.2717976,0.6961553,0.02355834,0.2732118,0.6428462,0.025936026,0.27661183,0.61036235,0.026321763,0.28207368,0.5834472,0.026230972,open_palm
0.29370347,0.882455,5.2929585e-07,0.36794674,0.85316247,-0.020123087,0.4250062,0.8009876,-0.022383379,0.4669956,0.75296474,-0.024490733,0.5003332,0.72132546,-0.025548005,0.3805024,0.69755733,0.024361733,0.39839193,0.6295248,0.029499583,0.40343747,0.58960456,0.024794247,0.4053156,0.55651,0.019695459,0.3449053,0.68572015,0.028073054,0.3584539,0.60985637,0.037444647,0.36436576,0.5649251,0.031373218,0.36890623,0.53040904,0.025102686,0.3101288,0.68583333,0.026786985,0.3192537,0.61649215,0.032398004,0.32773122,0.5795312,0.027656734,0.33540285,0.55081964,0.022557585,0.2723055,0.6957123,0.022146707,0.27440444,0.6433705,0.025112582,0.27842492,0.61167675,0.02629789,0.28399476,0.5858294,0.0267102,open_palm
0.2915934,0.88234174,5.371414e-07,0.36588985,0.85430485,-0.021162868,0.4237035,0.8015332,-0.023725078,0.46604025,0.7535116,-0.025827466,0.49946228,0.7211384,-0.02685513,0.38135386,0.69686025,0.022563491,0.4005599,0.6290705,0.02781865,0.40627384,0.58907807,0.023310916,0.40846384,0.55603665,0.018337792,0.34563407,0.6847245,0.02677322,0.36050582,0.60945755,0.036549214,0.3669066,0.5645853,0.030975172,0.37141627,0.5306246,0.025089763,0.3104697,0.6849326,0.026022177,0.32073522,0.61565125,0.031967822,0.32961288,0.578263,0.027805839,0.33725175,0.5489119,0.023076057,0.2724645,0.69534814,0.021824786,0.27595824,0.6425725,0.024567699,0.28062552,0.6107364,0.025979903,0.2865149,0.58457685,0.026705159,open_palm
0.2906665,0.8822642,5.2839056e-07,0.36382198,0.85497135,-0.023300402,0.422255,0.8001471,-0.027080439,0.46563324,0.752353,-0.029709185,0.50039935,0.7211555,-0.031077426,0.38218775,0.6939653,0.015805662,0.40183997,0.6238786,0.019307585,0.40765136,0.5829474,0.014622158,0.40993822,0.5497483,0.010003539,0.34646425,0.68123037,0.020998595,0.36173296,0.60465056,0.030013291,0.36812335,0.55902475,0.025682928,0.3719683,0.52511585,0.021028198,0.31086388,0.68168837,0.021378752,0.32191417,0.61204493,0.027119823,0.33058476,0.57442236,0.024275817,0.33753803,0.544958,0.020719122,0.27284274,0.69308645,0.018147357,0.2768777,0.64021176,0.02075248,0.2814892,0.6085769,0.02287781,0.2867518,0.5826126,0.024485664,open_palm
0.290545,0.8819655,4.6072049e-07,0.36337912,0.8551442,-0.023176886,0.42251602,0.79701185,-0.027601859,0.46568933,0.7474308,-0.030657373,0.500549,0.71722335,-0.032623567,0.38205746,0.68962,0.007098859,0.4011466,0.6169998,0.006342818,0.40679786,0.57416916,-0.00020024371,0.40933022,0.5384518,-0.006036055,0.34599182,0.67630196,0.011162933,0.36090615,0.5973915,0.015215019,0.36754876,0.5512596,0.009425124,0.37164396,0.5156743,0.003885344,0.31017542,0.6772408,0.0109392665,0.32108253,0.6057446,0.012700084,0.3295026,0.56752086,0.008759184,0.33638853,0.53702104,0.0045783063,0.27219027,0.69020337,0.0073511875,0.27580345,0.6361583,0.006968898,0.28019828,0.60379636,0.0078890985,0.28502,0.57674605,0.00865654,open_palm
0.29004294,0.88359654,4.584697e-07,0.3624196,0.8567243,-0.024335885,0.42238528,0.79520434,-0.02881004,0.46588638,0.74373865,-0.031655945,0.5017172,0.7143748,-0.03321905,0.3816191,0.68588614,0.006540756,0.4003869,0.61068803,0.0056808917,0.40589118,0.5666537,-0.0010271313,0.40858617,0.52993315,-0.007116141,0.34524733,0.6726916,0.011023408,0.35911697,0.59095013,0.01473399,0.36567456,0.5435069,0.008493615,0.36972412,0.50667423,0.0026248277,0.309474,0.673792,0.0110902395,0.31914443,0.59982896,0.0125236055,0.327524,0.5595058,0.007851709,0.3344331,0.5267158,0.003129187,0.27160585,0.6869492,0.007672957,0.27359006,0.6309567,0.007039442,0.27734697,0.59748626,0.0073536276,0.28204557,0.56891704,0.0075756083,open_palm
0.29022953,0.88648474,4.4135754e-07,0.36265674,0.8582622,-0.024062557,0.42287818,0.79483795,-0.028798042,0.4659275,0.74244976,-0.032070108,0.50227547,0.7138625,-0.034229968,0.38097277,0.6819698,0.00437682,0.39998773,0.604784,0.0014035744,0.40570486,0.5595721,-0.006735875,0.4086901,0.5214405,-0.01390748,0.34457073,0.6693461,0.0077127246,0.35832915,0.5850524,0.008442392,0.36487836,0.53538203,0.0003802514,0.3685866,0.49662483,-0.006673262,0.30859455,0.67179495,0.006730917,0.3178041,0.5947291,0.0052073565,0.32578385,0.5517328,-0.001255186,0.33237132,0.5162729,-0.0069523277,0.2703588,0.6866794,0.0024513355,0.27226773,0.627772,-0.0008108248,0.2757243,0.5918921,-0.0019984029,0.28010252,0.56056917,-0.0027383298,open_palm
0.28961027,0.8883724,4.3121221e-07,0.3614584,0.86030877,-0.02457325,0.42252254,0.7953296,-0.030163825,0.46599162,0.74223083,-0.03421061,0.50280505,0.71268153,-0.037285436,0.37964693,0.6776419,-0.0006972681,0.3991583,0.5966784,-0.0070088166,0.40494278,0.5494102,-0.01719941,0.40793383,0.5084646,-0.025673313,0.34319684,0.6647065,0.0016548663,0.35673368,0.57570595,-0.0014273565,0.36284274,0.5220996,-0.011663702,0.36551058,0.4796873,-0.020072598,0.30697614,0.6680327,-7.4294825e-05,0.31634974,0.586989,-0.0049023973,0.32383117,0.54019773,-0.012741171,0.32987335,0.5010178,-0.019016687,0.2681519,0.6847137,-0.004970799,0.26973426,0.6224905,-0.010941329,0.27267623,0.5839848,-0.0130986655,0.2765688,0.54985315,-0.014200947,open_palm
0.29159933,0.8948006,4.1687935e-07,0.36103654,0.86360955,-0.024394821,0.42140797,0.79666054,-0.031458877,0.46688432,0.7438103,-0.037207015,0.5060303,0.7150617,-0.042248394,0.3770879,0.6733446,-0.0048610405,0.3963433,0.590525,-0.014114865,0.4026163,0.54175794,-0.026211787,0.4065064,0.4979335,-0.036196873,0.34009388,0.6607595,-0.0040004277,0.35204497,0.5687949,-0.010496984,0.35795298,0.51319444,-0.022384567,0.3603727,0.46646369,-0.03197314,0.30350778,0.6658276,-0.0070412606,0.30987743,0.5818025,-0.015055748,0.31656265,0.5314743,-0.024266025,0.32166743,0.48726898,-0.031351168,0.26461905,0.68523574,-0.013112041,0.26428887,0.6192345,-0.021924052,0.26648504,0.5774858,-0.025583277,0.26979476,0.5386499,-0.027687479,open_palm
0.29268533,0.90102017,4.146328e-07,0.36139768,0.8677183,-0.024235165,0.42153472,0.7986403,-0.03213161,0.4685244,0.74565536,-0.03901178,0.5079722,0.7191649,-0.045470923,0.3749971,0.67131966,-0.0074015735,0.39294732,0.5871378,-0.018253848,0.39865524,0.53729546,-0.031393945,0.40247023,0.49213994,-0.042216294,0.33689514,0.6596096,-0.007796572,0.3471512,0.56496775,-0.016065568,0.35198683,0.5072088,-0.028718172,0.35378686,0.45817748,-0.038944382,0.2996779,0.6663107,-0.012007685,0.30433637,0.5795356,-0.02162868,0.31001025,0.5271717,-0.031531233,0.31408766,0.48085177,-0.039147012,0.26032636,0.68837094,-0.019256314,0.2573281,0.62013763,-0.029402878,0.25772762,0.57706434,-0.033615083,0.25943083,0.53636134,-0.03622618,open_palm
0.29228765,0.90542626,4.216588e-07,0.3612121,0.87043107,-0.023526724,0.42073256,0.8008038,-0.03154472,0.4684552,0.7503978,-0.03892125,0.50828373,0.7309805,-0.04621297,0.37249184,0.6714284,-0.007591157,0.39025944,0.5860355,-0.018862126,0.395398,0.5347673,-0.03233919,0.39862907,0.4887358,-0.043509524,0.33367294,0.6605018,-0.008763605,0.34312868,0.564218,-0.01773754,0.34682032,0.50499994,-0.030812573,0.34775543,0.45531788,-0.041325215,0.29610837,0.6682011,-0.013639016,0.2996107,0.5791749,-0.023681775,0.30378544,0.5248383,-0.03427202,0.3063494,0.47753805,-0.0423671,0.25672984,0.69165105,-0.021518901,0.25243703,0.62218106,-0.031835355,0.25154048,0.5777485,-0.036357045,0.25199035,0.5360737,-0.039312176,open_palm
0.29126456,0.9093203,4.338728e-07,0.36056447,0.87319463,-0.025004148,0.42068952,0.80546224,-0.034449726,0.46864992,0.75522125,-0.043090545,0.50907487,0.7335406,-0.051604092,0.37112632,0.6728855,-0.009676499,0.38855937,0.5873323,-0.022331823,0.3934293,0.5355327,-0.03680661,0.39649126,0.48850828,-0.048597466,0.331371,0.66138345,-0.010828278,0.34015724,0.5645397,-0.021038089,0.34350318,0.50437874,-0.034834955,0.34432212,0.45369166,-0.045800637,0.29318962,0.66967076,-0.015802851,0.29584116,0.57973385,-0.026903875,0.2993693,0.5245994,-0.037811115,0.3016349,0.47641355,-0.045972183,0.25371504,0.69436115,-0.023910832,0.24876043,0.62337387,-0.035059366,0.24746318,0.57766736,-0.039820466,0.24768674,0.53473574,-0.042803716,open_palm
0.29085618,0.9133313,4.5441374e-07,0.36003718,0.87689984,-0.02650102,0.42128688,0.8104886,-0.037021592,0.47049522,0.7614036,-0.046421256,0.51056397,0.73769486,-0.0555993,0.37138706,0.6745563,-0.011391563,0.38900414,0.58854914,-0.024637131,0.3937745,0.5365003,-0.03973332,0.396766,0.4884671,-0.051931612,0.3309437,0.66241324,-0.01221194,0.3402374,0.5650556,-0.022449333,0.3437335,0.5041728,-0.036571804,0.34485242,0.45260158,-0.047940575,0.2919485,0.6708068,-0.01697302,0.29514247,0.58039445,-0.027989633,0.29889715,0.5244833,-0.039276842,0.30168614,0.47540137,-0.04785843,0.25148597,0.6959603,-0.025006868,0.24571194,0.6244021,-0.036164768,0.24404077,0.5784546,-0.04098783,0.2444479,0.5350886,-0.044072475,open_palm
0.29007086,0.91585374,4.5897377e-07,0.36013648,0.87843204,-0.026283812,0.42251372,0.8118241,-0.036409143,0.47220406,0.76266116,-0.04554693,0.51223195,0.7384148,-0.054629736,0.37307045,0.67771584,-0.01061749,0.3916194,0.59165007,-0.023867333,0.39755756,0.5393637,-0.03907836,0.40187514,0.49095023,-0.05150345,0.33233166,0.66506433,-0.011925996,0.3425052,0.5673306,-0.022494594,0.34634218,0.5050956,-0.03747572,0.3479533,0.45217437,-0.049652483,0.29303923,0.6734146,-0.017246744,0.29746312,0.5825516,-0.02882806,0.30246577,0.52584195,-0.041169733,0.30663422,0.4758783,-0.05067885,0.2516168,0.6980674,-0.025799729,0.24573587,0.62633675,-0.037696127,0.2450088,0.5796384,-0.043400344,0.24683306,0.53444135,-0.0473608,open_palm
0.2894166,0.9161794,4.6461383e-07,0.3604592,0.8788173,-0.02586797,0.42389765,0.8112899,-0.035612788,0.4741279,0.76204413,-0.044546615,0.5144434,0.7399413,-0.053457048,0.37431377,0.67785686,-0.009842118,0.39358613,0.592284,-0.022864444,0.40013725,0.5404108,-0.038012076,0.4051665,0.49231434,-0.050438207,0.3335018,0.6653636,-0.011378545,0.34429774,0.56788176,-0.0218389,0.34866828,0.5058037,-0.036802918,0.35076085,0.45297742,-0.048983667,0.29414365,0.67362744,-0.016942374,0.29892373,0.583211,-0.028565513,0.30418018,0.5268668,-0.041037597,0.30847147,0.47747108,-0.05059043,0.25255454,0.69807345,-0.025733849,0.24649474,0.6264918,-0.037670735,0.24569553,0.5796881,-0.043595366,0.24745432,0.5342509,-0.0477357,open_palm
0.28958338,0.9160492,4.5671365e-07,0.36109743,0.8792333,-0.025517158,0.42403373,0.8107002,-0.03526968,0.47367457,0.76180995,-0.044206172,0.51415265,0.74171066,-0.053184412,0.37436992,0.677113,-0.010837967,0.39366904,0.59160215,-0.02405607,0.39993173,0.53965783,-0.03919858,0.40447757,0.49172744,-0.0516426,0.3332397,0.66497463,-0.012377354,0.3443232,0.56750387,-0.02306229,0.34893396,0.5061058,-0.037807226,0.35125747,0.45370278,-0.04978642,0.29372784,0.6732794,-0.017790379,0.2985091,0.5824733,-0.029383222,0.30374414,0.52570117,-0.041631404,0.3081864,0.4757645,-0.051091585,0.2523399,0.6981689,-0.026370024,0.24627633,0.6268343,-0.03825125,0.24519068,0.5802004,-0.044079907,0.24658829,0.53534913,-0.048149273,open_palm
0.29040563,0.91524863,4.6171698e-07,0.36195594,0.8774885,-0.0248775,0.42563614,0.810706,-0.03442584,0.47581872,0.7624398,-0.043387458,0.515575,0.7408364,-0.052384824,0.37634233,0.67716944,-0.009373041,0.39516366,0.5907308,-0.022549452,0.40169957,0.5386028,-0.0377226,0.4068361,0.49043885,-0.050113466,0.33522317,0.664402,-0.011433779,0.34574613,0.5661438,-0.022196477,0.35056126,0.50416154,-0.037268907,0.3532187,0.45176134,-0.049393784,0.2956944,0.6721809,-0.017415628,0.30007857,0.5811003,-0.029175848,0.3060834,0.5238437,-0.041594256,0.31147158,0.47379655,-0.051043198,0.25426954,0.6961454,-0.026536563,0.24872382,0.6235363,-0.03839711,0.2488515,0.576677,-0.044072073,0.25186947,0.5316305,-0.047985785,open_palm
0.298503,0.91120356,4.3461e-07,0.36828384,0.87590986,-0.020909885,0.42891514,0.80524766,-0.027928729,0.47735435,0.75692755,-0.035062198,0.5154071,0.7363183,-0.042460766,0.3837608,0.6754795,-0.007021328,0.40429926,0.58957446,-0.019487802,0.41302565,0.5369605,-0.033674564,0.42003298,0.49051407,-0.045221955,0.34508228,0.6628178,-0.010650282,0.35756528,0.5648239,-0.02093379,0.3650253,0.50169146,-0.03500006,0.3699219,0.45082432,-0.04639796,0.30711097,0.66996986,-0.018038543,0.3125162,0.5781449,-0.029427642,0.32199654,0.5209837,-0.041895423,0.3308079,0.47299016,-0.051527042,0.26671904,0.6922271,-0.028211398,0.26099414,0.619813,-0.04005478,0.26191807,0.5724951,-0.046491742,0.26621357,0.5275828,-0.051242445,open_palm
0.3030402,0.909179,3.901456e-07,0.37222418,0.8726919,-0.019035464,0.43100542,0.80438215,-0.025368173,0.4770769,0.75640655,-0.03225669,0.51476467,0.7323358,-0.039352246,0.38548583,0.6735174,-0.003138348,0.40464768,0.5892843,-0.0146264,0.41272888,0.5386081,-0.02832617,0.41967258,0.4933576,-0.039726228,0.3476586,0.6612546,-0.007550819,0.35969874,0.56510854,-0.017473625,0.36721155,0.50403357,-0.031579506,0.37255907,0.45424613,-0.043026213,0.31089354,0.66883516,-0.015751733,0.3163132,0.57815,-0.027297739,0.32556507,0.522022,-0.03990286,0.33445567,0.47372037,-0.049657173,0.27220216,0.691622,-0.026525008,0.26707548,0.61980754,-0.038895667,0.2684946,0.5727767,-0.045719575,0.27330244,0.52730715,-0.050763033,open_palm
0.3069924,0.9074105,3.7955598e-07,0.3753665,0.8709954,-0.01803678,0.43322974,0.8043586,-0.023999138,0.4782732,0.7561486,-0.030596435,0.5149971,0.7290527,-0.03725515,0.38738114,0.6737665,-0.0014328115,0.40609753,0.5897887,-0.012193287,0.4137682,0.5396463,-0.025308456,0.4198575,0.49528843,-0.03605759,0.35082552,0.6616065,-0.005884424,0.36369124,0.5659104,-0.01488167,0.3713156,0.50547904,-0.028117431,0.3760805,0.45708466,-0.038809028,0.3148458,0.66855246,-0.014107575,0.3209072,0.5776781,-0.024635067,0.32977045,0.52206224,-0.036292776,0.33782083,0.47490495,-0.045317356,0.27657622,0.6904727,-0.024825811,0.271633,0.6184131,-0.036103293,0.27279845,0.57123953,-0.04199499,0.27691752,0.5261959,-0.04630465,open_palm
0.31062004,0.9055667,3.718162e-07,0.37803787,0.87024164,-0.017027583,0.4345409,0.8042406,-0.022409894,0.47885817,0.7563819,-0.028589668,0.51547897,0.72999275,-0.03463234,0.38906118,0.6746885,0.00086770713,0.4079709,0.5914706,-0.009031447,0.41564468,0.5419284,-0.02153373,0.42141017,0.49889898,-0.03172792,0.35350662,0.662385,-0.003489055,0.36679032,0.56746405,-0.011567086,0.37411863,0.5075544,-0.02402585,0.3783402,0.46012422,-0.034073755,0.3184475,0.66832066,-0.011606098,0.32508996,0.5779019,-0.02110698,0.33371228,0.52340245,-0.03176644,0.34127784,0.4780879,-0.040069304,0.28104138,0.6889276,-0.022188624,0.27610698,0.61831915,-0.032205258,0.2772304,0.5719664,-0.037132304,0.2812242,0.52828133,-0.040777925,open_palm
0.31340995,0.90426624,3.5053608e-07,0.38035327,0.8703646,-0.01598406,0.43574697,0.8052604,-0.020419788,0.47866112,0.7569215,-0.02576885,0.5137077,0.72981966,-0.030786034,0.39034292,0.6753793,0.0037368645,0.40894702,0.59300756,-0.004908761,0.416029,0.5445467,-0.016667737,0.4210471,0.5035552,-0.026245803,0.35514584,0.6631917,-0.0004897928,0.36744493,0.56938374,-0.007187083,0.37450776,0.5110126,-0.018915422,0.37841356,0.4656909,-0.028508106,0.3208506,0.66836536,-0.0085025085,0.32729426,0.57946163,-0.016689966,0.33593822,0.5262982,-0.02657992,0.3433732,0.48274946,-0.034459416,0.2844785,0.68766683,-0.018955452,0.27928776,0.61762995,-0.027730938,0.2805418,0.57186854,-0.03195186,0.28470588,0.5291965,-0.035168946,open_palm
0.31540614,0.90304005,3.4835244e-07,0.3819115,0.87026536,-0.015698947,0.43663013,0.8064575,-0.019374255,0.47865772,0.7572978,-0.023960467,0.51306903,0.72933865,-0.028014671,0.39128795,0.6773528,0.006619666,0.41025755,0.5961629,-0.00079841405,0.41678223,0.5491726,-0.011977803,0.42078063,0.5095059,-0.021095673,0.35670322,0.66511154,0.0028080272,0.36916208,0.5724949,-0.0025477265,0.37583438,0.51468706,-0.013780119,0.3791252,0.47023034,-0.023067433,0.32286263,0.6696752,-0.004938947,0.32965538,0.58219206,-0.012078147,0.3382827,0.53061765,-0.021521892,0.34551948,0.4888432,-0.029121067,0.28677636,0.68756783,-0.015151036,0.28183717,0.618872,-0.023010174,0.2834313,0.57462883,-0.026733458,0.28814733,0.5336304,-0.02963122,open_palm
0.31759027,0.90132344,3.3984227e-07,0.383425,0.8696618,-0.015411689,0.43725502,0.80542547,-0.018442439,0.478891,0.7566302,-0.022318192,0.51258075,0.72938883,-0.025565544,0.39108458,0.6783828,0.0075026583,0.40931183,0.5983205,0.00093150476,0.4158134,0.5521224,-0.009619726,0.4198409,0.5134802,-0.018321846,0.35731617,0.66637975,0.0041573904,0.36927474,0.57501686,-0.00042013542,0.3761917,0.5184462,-0.01103862,0.3798128,0.47522062,-0.019901838,0.32429236,0.6704795,-0.0031174407,0.33069456,0.58405995,-0.009697602,0.33889344,0.53342414,-0.018878613,0.34562963,0.4926322,-0.026264112,0.28906417,0.6875204,-0.012839937,0.28380904,0.61981803,-0.020217238,0.28458568,0.5759854,-0.023854852,0.28828982,0.5355012,-0.026722426,open_palm
0.3184114,0.89941746,3.1872662e-07,0.3845346,0.8686089,-0.013900892,0.43699968,0.80468047,-0.015555463,0.47633815,0.75535464,-0.018322822,0.5081574,0.72820216,-0.020483091,0.39020336,0.67958385,0.010279486,0.40798378,0.6020174,0.004515937,0.4139403,0.5569638,-0.0055917003,0.41701865,0.51885206,-0.01413909,0.35719875,0.66751426,0.006510243,0.3687079,0.57793665,0.002348517,0.37544727,0.52285063,-0.008089221,0.37876153,0.48033783,-0.01682934,0.32493198,0.67123294,-0.0011671475,0.33036065,0.58630776,-0.0076572075,0.33859524,0.5368701,-0.016794583,0.34530714,0.4967262,-0.024097625,0.29033792,0.6876643,-0.0111861555,0.28481466,0.62094593,-0.018435773,0.28578755,0.57805586,-0.022102006,0.2897153,0.5384194,-0.02504716,open_palm
0.31896833,0.8990128,3.337589e-07,0.3848904,0.8679604,-0.013794051,0.4370939,0.8034244,-0.01542434,0.47647345,0.75488746,-0.01805367,0.5090179,0.72881615,-0.02006709,0.3904519,0.6783529,0.010240624,0.4074695,0.6009158,0.005000993,0.41315004,0.556,-0.0048477175,0.41636768,0.5180372,-0.013296435,0.3571752,0.6663004,0.006560726,0.36802047,0.57773745,0.0030337095,0.37465116,0.52316034,-0.007045548,0.37802118,0.48131174,-0.015570285,0.32468992,0.6704764,-0.000977626,0.32965043,0.58606625,-0.0069763083,0.33779818,0.5366566,-0.015992334,0.34467512,0.49644515,-0.023244381,0.2900712,0.6876909,-0.010830157,0.28490686,0.6207467,-0.017802821,0.28614718,0.5780268,-0.02140029,0.2905036,0.5384029,-0.024283499,open_palm
0.31955147,0.8982012,3.1046608e-07,0.3854196,0.8682116,-0.012754854,0.43651345,0.80460435,-0.0135594085,0.47407833,0.7554302,-0.015610571,0.5045092,0.7278949,-0.016991148,0.3893574,0.6806345,0.012067964,0.4064591,0.6043862,0.0072330576,0.4121503,0.56039083,-0.002196499,0.41470984,0.5235765,-0.010224943,0.35666168,0.66884446,0.008167353,0.36761922,0.58027494,0.0049587092,0.37409222,0.52619624,-0.0047864746,0.37714157,0.48480934,-0.013015742,0.32473803,0.6724817,0.00041374346,0.32962632,0.5883529,-0.0053112344,0.33759815,0.5398373,-0.0139584355,0.3441341,0.5007663,-0.020932773,0.2905225,0.68871844,-0.009592848,0.28478113,0.62285346,-0.016216772,0.28564847,0.58059436,-0.019575395,0.28955263,0.5416979,-0.022320226,open_palm
0.31984714,0.8967455,3.2197283e-07,0.38479498,0.86604893,-0.013170999,0.43543702,0.803458,-0.014083653,0.47242144,0.7548883,-0.016028913,0.5022411,0.7265456,-0.017178189,0.38723448,0.6805505,0.01252452,0.40393412,0.60560006,0.00803602,0.40951657,0.5625637,-0.0013824233,0.41202852,0.52634734,-0.009297556,0.3547356,0.6688416,0.009193983,0.36526093,0.58155,0.006746472,0.3716832,0.52853876,-0.0027273283,0.3746388,0.4881208,-0.010788634,0.322965,0.67244494,0.0019619078,0.32757342,0.5898658,-0.0030011302,0.33553985,0.5426973,-0.011180055,0.34199867,0.5046321,-0.017827313,0.28894135,0.68843555,-0.0075731818,0.28339136,0.62352455,-0.01334432,0.28469014,0.58246684,-0.016000168,0.28889436,0.5449062,-0.018216453,open_palm
0.31981054,0.89600945,3.3369733e-07,0.384693,0.86442494,-0.0134035675,0.43483332,0.8007482,-0.014143333,0.47235504,0.75233436,-0.015788041,0.50285554,0.7251165,-0.016596463,0.38599148,0.6793172,0.012978672,0.4020784,0.6047824,0.0092387665,0.4069809,0.5621454,0.00015500348,0.40891978,0.52587765,-0.0076644267,0.35329065,0.667767,0.009941798,0.36284974,0.5812707,0.008374665,0.36885458,0.528806,-0.0007854264,0.37157276,0.48880988,-0.008755214,0.32124627,0.67146266,0.0029663593,0.3252613,0.58994025,-0.0013739845,0.33319762,0.5434641,-0.009651529,0.33970088,0.5057523,-0.01647391,0.2870125,0.6873216,-0.006335163,0.2811536,0.62291455,-0.011686677,0.2825927,0.5829408,-0.014289093,0.2871896,0.5463105,-0.016548699,open_palm
0.31067917,0.8936886,3.8492334e-07,0.37787503,0.8616444,-0.017874291,0.43232647,0.7987142,-0.02059051,0.47368127,0.7492819,-0.023287347,0.50681084,0.72167736,-0.025057688,0.38480502,0.6783367,0.009444036,0.40099955,0.6032682,0.005129787,0.4058141,0.5594652,-0.0044563143,0.4082897,0.52206564,-0.0124828825,0.34967837,0.66691697,0.0087783355,0.3597725,0.5808815,0.007291037,0.36565518,0.5287933,-0.0019625735,0.36925218,0.4882672,-0.0099188285,0.31540945,0.6708308,0.0039023566,0.32081255,0.5909326,-0.00031737942,0.328251,0.5452065,-0.008276065,0.33470687,0.5082638,-0.014683831,0.2785295,0.6868219,-0.00371145,0.27453148,0.62339324,-0.008668428,0.27644944,0.5845972,-0.010702642,0.2811936,0.5490347,-0.012315409,open_palm
0.30467406,0.8926087,4.0228068e-07,0.37383056,0.8602297,-0.01898656,0.43149394,0.79600096,-0.022402842,0.47396448,0.74629426,-0.025504926,0.5075233,0.72183377,-0.027894927,0.38314772,0.67672175,0.005604839,0.401358,0.6002239,0.0002979414,0.40638155,0.5551589,-0.009690833,0.4087812,0.5165456,-0.018028667,0.3470557,0.66587806,0.005272906,0.35854116,0.57832175,0.0028391879,0.36409718,0.52585244,-0.0069227754,0.36675113,0.48441127,-0.015187562,0.31219578,0.67022943,0.0010028782,0.31840295,0.58981407,-0.0037537618,0.3253781,0.5446347,-0.011686456,0.33072048,0.5079251,-0.018026965,0.2745073,0.6867095,-0.006006587,0.27192527,0.62323856,-0.011467637,0.27446848,0.58457124,-0.013448708,0.2792377,0.54942816,-0.0148438765,open_palm
0.29812244,0.89145446,4.0547198e-07,0.367127,0.8592278,-0.021896636,0.42607588,0.79411805,-0.027250975,0.4709075,0.74147445,-0.03175305,0.50677043,0.7124925,-0.0354087,0.37942654,0.6760999,0.0009223582,0.39786214,0.597747,-0.005827973,0.40331173,0.5514579,-0.016213752,0.40672627,0.51147914,-0.024774456,0.34277755,0.6643924,0.0017523675,0.35407555,0.5768123,-0.0019902515,0.35958517,0.5249769,-0.011817402,0.36282194,0.48306245,-0.02000222,0.3072133,0.6682014,-0.0014333783,0.31309292,0.5882927,-0.0070578437,0.31958044,0.543165,-0.01423978,0.3249768,0.50581086,-0.019959845,0.2693753,0.6847358,-0.007602304,0.2672325,0.62202144,-0.0137577355,0.2694134,0.5834127,-0.015560849,0.27348906,0.5486269,-0.016554665,open_palm
0.29223976,0.89088184,4.0128407e-07,0.36200175,0.85819066,-0.022910872,0.42140773,0.7915957,-0.028821768,0.4658467,0.73710346,-0.033782292,0.50327206,0.7096723,-0.038027596,0.3748531,0.67417955,-0.0005809749,0.39204842,0.5950634,-0.008011515,0.39680263,0.5480552,-0.018858638,0.3996805,0.50709426,-0.02792444,0.3376426,0.66300434,0.0003827871,0.34828234,0.57475567,-0.004350676,0.35367706,0.52257705,-0.01476596,0.35698044,0.47993815,-0.023299068,0.3015924,0.6677262,-0.0026908054,0.30721495,0.58679307,-0.009285428,0.31382978,0.5403223,-0.016953135,0.31950232,0.5013617,-0.022921845,0.2635435,0.68572474,-0.008814277,0.26148123,0.62263185,-0.01586881,0.2631086,0.5834645,-0.018251019,0.26621717,0.5480578,-0.019566687,open_palm
0.28758734,0.8906493,4.0388795e-07,0.35741624,0.8570505,-0.024177086,0.4170483,0.79042333,-0.030678635,0.46090657,0.7349301,-0.035991874,0.49841985,0.70525604,-0.040610034,0.3697485,0.6724299,-0.0019418088,0.3867245,0.5920524,-0.009956689,0.39109412,0.54424876,-0.021191942,0.39354628,0.5022541,-0.03052064,0.33249265,0.6618084,-0.00054912147,0.34304154,0.57297087,-0.005744553,0.3475563,0.5198255,-0.016618261,0.3498435,0.47612038,-0.025549253,0.29629695,0.667586,-0.003254634,0.30218214,0.58635086,-0.010236494,0.30811605,0.53924704,-0.018266309,0.31295255,0.49928623,-0.024548093,0.25813276,0.68659925,-0.009084925,0.25715947,0.6233561,-0.016613575,0.2589418,0.5840604,-0.019263435,0.26173058,0.5483551,-0.020757623,open_palm
0.2887566,0.8904761,3.9940304e-07,0.35804158,0.8563687,-0.02316441,0.41775617,0.79039013,-0.029395932,0.4614773,0.7363239,-0.034756303,0.49841788,0.7060021,-0.039400764,0.36964336,0.6720977,-0.0011263941,0.38671187,0.5908486,-0.009287291,0.39137083,0.5433445,-0.020464946,0.3942077,0.50179744,-0.029485226,0.332711,0.6621387,-0.00036838965,0.34319678,0.5722978,-0.005420651,0.3471413,0.51842326,-0.016196048,0.34863368,0.47360724,-0.0249879,0.29719546,0.66808885,-0.0036580209,0.3030466,0.5873952,-0.010173366,0.30891734,0.5402656,-0.017868638,0.31357336,0.5003439,-0.023926832,0.25929332,0.6868738,-0.0100483885,0.25773755,0.62433845,-0.016740322,0.25912791,0.58531946,-0.018594649,0.2612761,0.550121,-0.019591771,open_palm
0.28424573,0.89047766,4.094858e-07,0.35390127,0.8563825,-0.024607804,0.41352248,0.7888731,-0.031169036,0.4571939,0.73221636,-0.036449835,0.49441656,0.7014612,-0.041061085,0.3655151,0.670488,-0.0026373696,0.3821793,0.589311,-0.011027183,0.38637984,0.54098487,-0.022513462,0.3886062,0.4984752,-0.031987187,0.32827926,0.66043043,-0.0011708844,0.3387088,0.57070965,-0.0067700986,0.34298274,0.51655555,-0.017862516,0.344779,0.47190684,-0.026872883,0.29207858,0.66713536,-0.0038079608,0.29791024,0.5849441,-0.011075749,0.30367,0.5371539,-0.019231629,0.30809182,0.49604365,-0.025597727,0.25392488,0.68729705,-0.009606897,0.2537886,0.624571,-0.017332785,0.25568417,0.5856427,-0.01999969,0.2580951,0.5499958,-0.021499539,open_palm
0.2819954,0.8901311,4.111394e-07,0.35182986,0.855637,-0.025255535,0.41126707,0.788574,-0.032586507,0.4545363,0.7314821,-0.03860735,0.49180913,0.6985871,-0.04389725,0.36226112,0.66837937,-0.0036133002,0.37836498,0.5857989,-0.012585201,0.3822091,0.53707296,-0.024409754,0.38395795,0.49398768,-0.034043044,0.32481426,0.65860546,-0.002112863,0.33453754,0.5679871,-0.008208298,0.33832514,0.5134469,-0.019627025,0.33958143,0.46854085,-0.028841373,0.28857437,0.665729,-0.004732729,0.29407787,0.58338934,-0.01219448,0.2998106,0.5351423,-0.02031283,0.30426925,0.49374843,-0.026629206,0.25054306,0.68655133,-0.010583625,0.24990615,0.62333596,-0.018412733,0.2514321,0.5835553,-0.021033693,0.25340748,0.54739916,-0.022425277,open_palm
0.28151512,0.8911383,4.0309578e-07,0.3515472,0.8567288,-0.025031874,0.40999722,0.7882237,-0.03195453,0.45299205,0.73067844,-0.03758668,0.4903086,0.69991744,-0.0424569,0.35981858,0.6670233,-0.0037626163,0.37542403,0.58422256,-0.012734924,0.3791241,0.53504467,-0.024596129,0.38083023,0.49164563,-0.0342964,0.32239056,0.65755844,-0.0023572799,0.33149573,0.56653583,-0.008490086,0.33461162,0.5109209,-0.019721081,0.3352023,0.46494657,-0.028785273,0.2863109,0.6650021,-0.0050449506,0.29152173,0.58225584,-0.012574442,0.29700306,0.5333204,-0.020698134,0.30103424,0.49146527,-0.026973752,0.24831198,0.68638736,-0.010969717,0.24702887,0.62304,-0.018756324,0.24801141,0.5829691,-0.021332098,0.24941652,0.5466041,-0.02273322,open_palm
0.28097886,0.89126945,3.9817834e-07,0.35113478,0.85619634,-0.023841381,0.40977344,0.7870826,-0.030295376,0.4531841,0.7297593,-0.035753235,0.4900235,0.69878787,-0.040548485,0.35929736,0.66583365,-0.0022694287,0.37417325,0.5828081,-0.010880254,0.37765926,0.5336045,-0.02250891,0.37922013,0.49093652,-0.03201868,0.32157707,0.6570919,-0.0014702067,0.33052397,0.5657402,-0.007280652,0.33355844,0.5106223,-0.018460708,0.33388722,0.46577907,-0.027582988,0.28534567,0.6646826,-0.0047468315,0.29058012,0.5808066,-0.012117654,0.29546332,0.53201675,-0.02042831,0.29870173,0.4910975,-0.026917133,0.24691828,0.6858542,-0.011144053,0.24456632,0.6216009,-0.019040206,0.2452012,0.5807221,-0.02197045,0.24653924,0.5434958,-0.02369673,open_palm
0.28113437,0.89179605,3.9520097e-07,0.35118607,0.85584366,-0.023548685,0.40967825,0.7864205,-0.029656796,0.45331585,0.72943217,-0.03487058,0.48974177,0.6979533,-0.039317265,0.3587515,0.6646439,-0.0005153371,0.37282878,0.5812643,-0.008374762,0.37587532,0.53200805,-0.019641854,0.37717316,0.48942062,-0.028962426,0.32103214,0.65627617,0.00028691016,0.3291502,0.5651803,-0.004803722,0.33174536,0.5101979,-0.015756872,0.33184603,0.4656157,-0.024791392,0.28484043,0.6641165,-0.0030916862,0.28944293,0.5805835,-0.009863135,0.29421943,0.53176206,-0.018103432,0.29747558,0.49095652,-0.024624243,0.24653453,0.68534505,-0.009628286,0.24373627,0.6208352,-0.017044868,0.24407712,0.5796362,-0.019884165,0.24532098,0.5421706,-0.02163075,open_palm
0.28133732,0.89307266,4.0143522e-07,0.351421,0.8568802,-0.024439208,0.40969512,0.78650576,-0.030851027,0.45320886,0.72856003,-0.03617547,0.48964855,0.69665444,-0.040689807,0.35815486,0.6643721,-0.0015170008,0.37185124,0.5804194,-0.009631021,0.37448165,0.5306888,-0.021171227,0.37537706,0.48745006,-0.030697033,0.32023692,0.65594107,-0.00028006252,0.3276364,0.5643436,-0.0055018724,0.32961968,0.5086446,-0.016561557,0.32910714,0.46335045,-0.025639206,0.2838269,0.66394794,-0.0032416272,0.28789082,0.5802475,-0.009969809,0.292293,0.5311942,-0.018156813,0.2950678,0.4898532,-0.02463649,0.24555215,0.68567395,-0.009458331,0.24281293,0.6214846,-0.016717229,0.24286386,0.58083135,-0.01936075,0.24362876,0.54395235,-0.020940743,open_palm
0.28226414,0.8945688,4.0269526e-07,0.35275415,0.857514,-0.024801088,0.41044194,0.78612596,-0.03147546,0.45351136,0.72726274,-0.037037775,0.48994827,0.695238,-0.041876193,0.35769635,0.6632189,-0.0030078057,0.37084484,0.57789886,-0.0118502835,0.37297636,0.52699107,-0.023837546,0.37339908,0.48239356,-0.03375187,0.31958565,0.65510523,-0.0019719594,0.32572368,0.5623547,-0.008150149,0.32695484,0.5053849,-0.019833235,0.32588756,0.45872292,-0.029354263,0.2831077,0.66381675,-0.0050822333,0.285989,0.5792444,-0.012864965,0.28961307,0.52905816,-0.021673338,0.29177403,0.48640543,-0.028472325,0.24497585,0.6865223,-0.011431567,0.24167116,0.62117314,-0.01981686,0.2413147,0.57925963,-0.023160417,0.24177167,0.5410823,-0.025134854,open_palm
0.28375873,0.89591026,4.0523523e-07,0.35407647,0.8579968,-0.023964196,0.41184622,0.7861151,-0.030095996,0.45483592,0.7272955,-0.035312343,0.4906577,0.6948666,-0.039840475,0.3582905,0.66211253,-0.0015142994,0.37122834,0.57604325,-0.010102464,0.3733701,0.52484006,-0.02202574,0.37385553,0.48041868,-0.031814657,0.3199275,0.65438163,-0.00088255474,0.3258179,0.560724,-0.006843943,0.32678503,0.5029874,-0.018610613,0.32527274,0.45586762,-0.02817106,0.2833517,0.66340715,-0.0044010156,0.28571805,0.5782562,-0.011955369,0.28907996,0.5276458,-0.020886943,0.29083696,0.48505378,-0.027796043,0.24511075,0.6862092,-0.01111144,0.24107409,0.62052226,-0.019225333,0.24062558,0.57841897,-0.022447454,0.24119535,0.54019815,-0.024381086,open_palm
0.2842773,0.8962387,4.0481785e-07,0.35405222,0.85766536,-0.023818113,0.411906,0.7859799,-0.030032212,0.45524725,0.72703415,-0.03541737,0.4910288,0.69420797,-0.040097732,0.35811982,0.6616504,-0.00086179416,0.37108046,0.57600236,-0.009351204,0.37315366,0.5251407,-0.021284532,0.37363237,0.48111454,-0.031021595,0.31975323,0.6541309,-0.00025579342,0.32584974,0.5604239,-0.0059240973,0.32676235,0.5029308,-0.017494716,0.32517636,0.45598564,-0.02693175,0.28329405,0.6632912,-0.0038454698,0.2854842,0.57808256,-0.010977397,0.288555,0.5278983,-0.019579036,0.2899604,0.48567107,-0.02632104,0.24530837,0.6862685,-0.01066741,0.24146728,0.6210167,-0.018231884,0.24067488,0.579391,-0.021048719,0.24064384,0.5416355,-0.022756364,open_palm
0.2852063,0.8974563,4.0847584e-07,0.35454553,0.8586508,-0.0238489,0.41204566,0.78655744,-0.030358128,0.45572186,0.72800297,-0.036065374,0.49242252,0.69634914,-0.04110815,0.35826334,0.6614698,-0.0015959252,0.37109238,0.5753649,-0.0105237225,0.3730332,0.5240469,-0.02274209,0.37341443,0.4793737,-0.032726467,0.31994775,0.6538685,-0.0012268397,0.32583803,0.55963033,-0.007396794,0.32666168,0.50169325,-0.019207304,0.32505134,0.45423877,-0.0287979,0.28353578,0.66316676,-0.0050162524,0.28569156,0.57741475,-0.012614889,0.2886523,0.526732,-0.021418873,0.28995192,0.48389572,-0.028236186,0.24551278,0.6865249,-0.012024287,0.24166325,0.620496,-0.02002374,0.24064894,0.5782264,-0.02303557,0.24038005,0.53963625,-0.024833364,open_palm
0.28521627,0.89865994,4.1594834e-07,0.35462198,0.8593004,-0.024168454,0.41231436,0.78712916,-0.03077349,0.4563216,0.72810674,-0.03654337,0.49324167,0.69538957,-0.041564338,0.35907313,0.6612276,-0.001010546,0.37205598,0.57490814,-0.009808057,0.37399483,0.5233358,-0.022079866,0.3744577,0.47836944,-0.03211859,0.32059813,0.6534424,-0.0004930973,0.32660428,0.559235,-0.00641331,0.32731965,0.50079846,-0.018258506,0.32562417,0.4526585,-0.027906517,0.28398842,0.66287833,-0.0042369287,0.28613606,0.57720745,-0.011668958,0.28901872,0.5263367,-0.020477585,0.2902959,0.4831494,-0.027328078,0.24573156,0.6863621,-0.011261705,0.24196175,0.620495,-0.019084271,0.2410593,0.57817173,-0.021971593,0.24101692,0.5394149,-0.023707751,open_palm
0.28558496,0.8987682,4.1397956e-07,0.35499862,0.85933846,-0.024095142,0.41281065,0.7877947,-0.030683886,0.45720333,0.7294013,-0.03650198,0.49417323,0.6964107,-0.04159096,0.3597734,0.66145957,-0.0007839614,0.3729047,0.5752148,-0.00959001,0.37496617,0.52377367,-0.021874517,0.37557808,0.47876078,-0.031923704,0.32147947,0.6535158,-0.00045857803,0.32766932,0.5588201,-0.006464834,0.3286364,0.5001301,-0.018500993,0.3272342,0.45166793,-0.028311018,0.2849602,0.66294825,-0.0044329027,0.28709874,0.577363,-0.012148216,0.2904823,0.52656126,-0.0213497,0.29235637,0.48343998,-0.028454494,0.2465137,0.6861622,-0.011663361,0.24205966,0.6200666,-0.019778494,0.24080303,0.5776792,-0.02293422,0.2405546,0.5387543,-0.024892868,open_palm
0.28573534,0.89854467,4.0959648e-07,0.3558041,0.859067,-0.023941308,0.41372967,0.7877647,-0.030361284,0.4579414,0.72933763,-0.036069483,0.49456698,0.6960207,-0.041062135,0.3604731,0.6611424,-0.0002757641,0.37379768,0.5751201,-0.008899524,0.3760047,0.52385175,-0.021151673,0.37670735,0.4789624,-0.031220058,0.32190686,0.6531413,4.6400968e-05,0.32818,0.55858696,-0.0057855593,0.32912162,0.50016356,-0.017821908,0.32769606,0.4518415,-0.02766656,0.2852299,0.6625421,-0.003932901,0.287391,0.5770135,-0.011464317,0.29056478,0.5257794,-0.020749817,0.29225346,0.4820833,-0.027985036,0.24679159,0.6858883,-0.011166601,0.24266896,0.619839,-0.019209761,0.24137741,0.5773141,-0.02242782,0.24099493,0.53828704,-0.024462443,open_palm
0.28717268,0.89867616,4.0367826e-07,0.35712823,0.8592339,-0.024033615,0.41517577,0.7876257,-0.030538974,0.45901683,0.7294724,-0.036309246,0.49555004,0.6962607,-0.041409474,0.36145645,0.66147524,-0.0010127703,0.3748401,0.5756383,-0.010052677,0.37714723,0.5244646,-0.022466876,0.37812817,0.4796533,-0.032642204,0.32274142,0.653643,-0.00073860365,0.32866794,0.55921835,-0.0071480274,0.32971096,0.5009576,-0.019388981,0.32858962,0.4527634,-0.029319601,0.28597695,0.6631788,-0.004737671,0.2878105,0.5774499,-0.01277256,0.29119828,0.5263242,-0.022097705,0.29326808,0.48248565,-0.029317874,0.24758738,0.68668777,-0.011979104,0.24321944,0.6208334,-0.020412445,0.24210215,0.5785723,-0.023751235,0.24199495,0.5394949,-0.02585312,open_palm
0.28777403,0.898588,4.0717816e-07,0.35787573,0.8590261,-0.023492672,0.41636425,0.78741014,-0.029625824,0.4604299,0.72968435,-0.035099678,0.4966591,0.69732857,-0.039923936,0.36224532,0.6616307,-0.00045680386,0.3760279,0.57614523,-0.009139431,0.37850168,0.52507854,-0.021323007,0.3795044,0.4804154,-0.03136039,0.32363275,0.6536316,-0.0004091107,0.32985657,0.5591836,-0.0065254048,0.3311127,0.5010591,-0.018648425,0.33013037,0.4531071,-0.02852756,0.28704125,0.6629802,-0.0045947377,0.28894874,0.5772474,-0.012464891,0.29228824,0.5261037,-0.021938317,0.294236,0.48252082,-0.029266188,0.24866559,0.68632406,-0.01196943,0.243714,0.6198847,-0.020360017,0.24235505,0.5770906,-0.023841178,0.24224143,0.5376017,-0.026062284,open_palm
0.28797862,0.8985865,4.0697407e-07,0.35784042,0.85894096,-0.0237673,0.41623566,0.7876152,-0.030113634,0.46034303,0.7297894,-0.035746664,0.4967509,0.69727147,-0.040689867,0.3624293,0.6619784,-0.0003499478,0.3759225,0.57675165,-0.009082353,0.37850815,0.52580374,-0.02134274,0.37971777,0.4812008,-0.031434666,0.32385254,0.6538476,-0.00013484243,0.33008698,0.5597801,-0.006260471,0.33129007,0.5018506,-0.018354964,0.33035985,0.45400164,-0.028200177,0.28729492,0.66309184,-0.0041993232,0.28951675,0.5774023,-0.012021807,0.29282174,0.5261758,-0.021278279,0.29483047,0.4825703,-0.02845241,0.24896601,0.68644863,-0.011491303,0.24437425,0.62027377,-0.019727375,0.24330224,0.57760954,-0.023003498,0.24348372,0.5381795,-0.025083976,open_palm
0.28806072,0.8992393,4.0935706e-07,0.357745,0.85992634,-0.02370749,0.41589993,0.787979,-0.030046262,0.45991668,0.7299358,-0.035638656,0.4964271,0.69809294,-0.04059953,0.36256513,0.6623993,-0.00087626185,0.3761666,0.57727075,-0.009744325,0.37873164,0.526438,-0.022086708,0.3798966,0.48180744,-0.03228651,0.32374454,0.6541028,-0.0007612625,0.329911,0.5600775,-0.0071650837,0.33127493,0.5021565,-0.019406328,0.33051035,0.454267,-0.02937741,0.2869223,0.66329914,-0.004879151,0.28899118,0.57746774,-0.013051278,0.2924745,0.52644956,-0.022507498,0.2947255,0.4829244,-0.029798813,0.24837601,0.68672794,-0.012180227,0.24359384,0.620143,-0.020818233,0.24263234,0.5774383,-0.024377309,0.24316537,0.5377583,-0.026642958,open_palm
0.2881077,0.8991566,4.0168212e-07,0.35793227,0.85951036,-0.02321495,0.4160472,0.7870009,-0.029298084,0.46011192,0.72940207,-0.03475121,0.4963339,0.6973366,-0.039577447,0.36277977,0.66204655,-0.0003952295,0.37652412,0.5772011,-0.009146596,0.37934583,0.52662545,-0.021400794,0.38067546,0.48219478,-0.031547286,0.32381362,0.6537485,-0.000481322,0.3297557,0.5601047,-0.006741115,0.3310205,0.50293744,-0.018861955,0.33015454,0.4554939,-0.028749263,0.28699443,0.66288966,-0.004775677,0.28859404,0.5776011,-0.012746696,0.29169583,0.5263553,-0.022126632,0.2937119,0.48224133,-0.029435689,0.24864303,0.686335,-0.012235315,0.24363936,0.6198762,-0.020690326,0.24236527,0.5772096,-0.024155566,0.24267572,0.5374936,-0.026398158,open_palm
0.2881265,0.8996031,4.0979967e-07,0.35776377,0.8597438,-0.023298437,0.41569272,0.78716284,-0.029585602,0.45978165,0.729579,-0.035217,0.49631056,0.69783956,-0.04026248,0.36233288,0.6623882,-0.0009810319,0.37629178,0.57735455,-0.009846621,0.3791538,0.52695805,-0.02214198,0.38047335,0.4825594,-0.032290526,0.3231806,0.6542314,-0.0010908275,0.3295766,0.56044495,-0.007444404,0.3309886,0.50296664,-0.019565478,0.33013558,0.45531565,-0.029434793,0.28611067,0.6636304,-0.0053696795,0.28809112,0.57805276,-0.01335951,0.29139918,0.52670884,-0.022653112,0.2935612,0.48251235,-0.029882953,0.2475492,0.6873759,-0.0128005035,0.24297166,0.62078,-0.021229181,0.2419269,0.57795215,-0.024578566,0.24239397,0.53810376,-0.026719842,open_palm
0.2880274,0.89935505,4.104356e-07,0.35776436,0.8594261,-0.023148844,0.41568327,0.78720576,-0.029334068,0.45957705,0.72972864,-0.034913946,0.4960463,0.6975579,-0.039937925,0.36227784,0.6621392,-0.00078828266,0.37625313,0.57709026,-0.009678793,0.3791197,0.5266745,-0.022008112,0.38045034,0.48216328,-0.032179542,0.32315758,0.65394586,-0.0010701488,0.32932526,0.5598154,-0.0074924403,0.33078563,0.5021075,-0.019733727,0.32999605,0.45431906,-0.029697841,0.286188,0.663456,-0.005533913,0.28788313,0.57772124,-0.0137325125,0.29124337,0.5264566,-0.023231652,0.29357216,0.48233065,-0.030562153,0.2475529,0.68730026,-0.013124824,0.24244949,0.62020975,-0.021870341,0.24141815,0.57721305,-0.025443126,0.2421161,0.5369859,-0.027711187,open_palm
0.2881282,0.89927804,4.0604834e-07,0.35777694,0.8592468,-0.023144737,0.41556013,0.7867218,-0.029267488,0.4593168,0.72911984,-0.03480682,0.49570954,0.6968269,-0.03977726,0.361989,0.6617967,-0.0005620915,0.37580732,0.57701725,-0.009509659,0.3786652,0.526559,-0.021892905,0.37999117,0.48210642,-0.032109074,0.32284343,0.653766,-0.0008149426,0.3289073,0.5599623,-0.0073197237,0.33025357,0.50246125,-0.019563688,0.3294431,0.45482287,-0.029498085,0.2859124,0.66340685,-0.005278561,0.28716275,0.57803154,-0.013518135,0.29032537,0.52671134,-0.022972727,0.29265365,0.4823826,-0.030282144,0.24745741,0.6873733,-0.012893977,0.24242774,0.62066656,-0.021593632,0.24126297,0.5779874,-0.025121478,0.24188979,0.53810567,-0.027387783,open_palm
0.2882592,0.8994038,4.0335274e-07,0.3579968,0.8593246,-0.022990087,0.4154597,0.7864783,-0.02899594,0.45891336,0.728634,-0.03441949,0.49528933,0.6968061,-0.0393175,0.3619926,0.66184294,-0.0004510584,0.37558806,0.5770945,-0.009347662,0.3783311,0.5266597,-0.021756401,0.37963644,0.48221308,-0.032044098,0.32270116,0.65387815,-0.0007058323,0.32839406,0.56018525,-0.0072460985,0.32970214,0.5027789,-0.019584395,0.32886595,0.45526147,-0.029623173,0.2856524,0.66349095,-0.005151051,0.28665954,0.57789516,-0.013470883,0.2895498,0.52650905,-0.023124324,0.29150832,0.48212796,-0.030589776,0.24721137,0.68743217,-0.012707149,0.24188663,0.6206437,-0.021581667,0.24053653,0.5778531,-0.025349429,0.24093017,0.53770125,-0.027789228,open_palm
0.28782284,0.89936656,4.082153e-07,0.35724595,0.8594221,-0.023164688,0.41493407,0.78687954,-0.02931387,0.45870808,0.72913057,-0.034833167,0.4950295,0.6967426,-0.03972649,0.36187002,0.6620818,-0.00045126147,0.3758594,0.5771745,-0.009113923,0.37862164,0.5266039,-0.021350093,0.3797794,0.48194772,-0.031499356,0.32276183,0.6538075,-0.0005764674,0.32866406,0.559849,-0.006728831,0.32978857,0.5024628,-0.018841421,0.3287026,0.4549355,-0.028708944,0.2859167,0.66306716,-0.004876747,0.28719088,0.57766306,-0.012713924,0.2902777,0.526284,-0.022103446,0.29239193,0.4819636,-0.029438756,0.24751443,0.6866274,-0.012328121,0.24204554,0.6200441,-0.020723663,0.24074692,0.5774839,-0.024119506,0.24127148,0.53773594,-0.026299085,open_palm
0.28874418,0.89944094,4.0475376e-07,0.3581159,0.85916054,-0.02319265,0.4156496,0.78677565,-0.029405532,0.45927832,0.7293152,-0.035016526,0.4952358,0.6962273,-0.040060077,0.3619898,0.6619119,-0.0008293719,0.37575975,0.5774179,-0.009924051,0.37853268,0.5269546,-0.022499891,0.379806,0.48214236,-0.032890156,0.32291433,0.65373266,-0.0011213358,0.3287447,0.56006587,-0.0077585266,0.3300177,0.5024966,-0.020221096,0.3290893,0.45453215,-0.030366117,0.2860769,0.6632894,-0.0056072786,0.2866833,0.5780758,-0.013920758,0.28954923,0.5267471,-0.023546116,0.2915851,0.48218518,-0.031032154,0.24776205,0.6871127,-0.013248014,0.24215898,0.62042975,-0.022115814,0.24078187,0.57773656,-0.025826447,0.24131453,0.5376173,-0.028244188,open_palm
0.2900934,0.8994422,4.0083947e-07,0.3592029,0.8589224,-0.022763018,0.41635767,0.78624505,-0.029035375,0.45973966,0.72911906,-0.034753773,0.49545842,0.6962857,-0.039933167,0.362637,0.6621167,-0.0015789573,0.37615836,0.57738686,-0.010920886,0.37891382,0.5268977,-0.023512427,0.3801955,0.48217708,-0.03387834,0.3235998,0.65376914,-0.002184254,0.32903576,0.5594515,-0.009163365,0.3302107,0.50161344,-0.021661263,0.3291911,0.4537683,-0.031779714,0.28681642,0.663129,-0.006848052,0.28769282,0.5771439,-0.015405534,0.29083368,0.5257294,-0.025047177,0.29305118,0.48151475,-0.03250035,0.24847454,0.68701565,-0.014572052,0.24229568,0.62012637,-0.023589956,0.24080747,0.5772867,-0.02728769,0.2412068,0.53716093,-0.0296598,open_palm
0.2900316,0.8998536,4.0499154e-07,0.3594929,0.85879064,-0.022883667,0.41686305,0.78577316,-0.028967855,0.4602301,0.72813123,-0.034485485,0.49593815,0.6951513,-0.03946034,0.36282426,0.6616407,-0.00083585974,0.3761385,0.5768901,-0.009912275,0.37864548,0.5263331,-0.022497633,0.3796952,0.4813773,-0.032900874,0.32362357,0.65344214,-0.0013215522,0.3289603,0.5592455,-0.007994011,0.32985535,0.50118524,-0.02054504,0.3285542,0.45286706,-0.030731484,0.28663605,0.6630969,-0.005924799,0.2872999,0.57733655,-0.014249256,0.2901627,0.5255032,-0.023987425,0.29210085,0.48065135,-0.03154365,0.24807918,0.6873278,-0.013624901,0.24213475,0.62054646,-0.02242745,0.24073136,0.57769346,-0.026051836,0.24120054,0.5374674,-0.028406592,open_palm
0.2899077,0.9000158,4.0507166e-07,0.35923323,0.85909253,-0.022947378,0.41685325,0.78611785,-0.028832767,0.46022686,0.72822803,-0.034151744,0.4957213,0.6950873,-0.038810488,0.3631878,0.66125655,0.0005371653,0.37634292,0.5767996,-0.0080077285,0.37871933,0.52632236,-0.020365203,0.37974656,0.4816538,-0.030591868,0.32390466,0.6531277,0.00027618618,0.3292615,0.55965066,-0.005778776,0.33008772,0.50189996,-0.018086579,0.32892272,0.45373595,-0.028127441,0.28687412,0.6626822,-0.0042178314,0.28799668,0.57754874,-0.012017461,0.29101178,0.5261617,-0.021538315,0.29307094,0.4819105,-0.028975565,0.24825841,0.6866159,-0.011871367,0.24238193,0.62024415,-0.020166256,0.24094641,0.5775981,-0.023557605,0.2413874,0.53754675,-0.02578277,open_palm
0.2903793,0.90025425,4.005083e-07,0.35952166,0.8592517,-0.022529913,0.41695106,0.7860233,-0.02830434,0.46010372,0.7283154,-0.03357263,0.49547166,0.69501793,-0.038167413,0.36326244,0.6611346,0.0007770838,0.3762797,0.57712424,-0.007735454,0.37875295,0.52671033,-0.020064872,0.37984455,0.48221272,-0.030288588,0.3242082,0.6528937,0.0002831974,0.3296048,0.55937546,-0.0057488815,0.33087033,0.5019444,-0.017969256,0.3300769,0.45434517,-0.027963363,0.28738034,0.66225374,-0.004417317,0.28848705,0.5769206,-0.012249366,0.29155064,0.5258142,-0.021759138,0.29360232,0.48184597,-0.029196113,0.2489202,0.6859966,-0.012229986,0.24281025,0.6192565,-0.020654982,0.24130626,0.57653034,-0.024189468,0.24169825,0.5362715,-0.026521722,open_palm
0.29025722,0.9001926,3.9988205e-07,0.35923186,0.85910153,-0.02246987,0.41672692,0.78641206,-0.02830629,0.4600319,0.7285427,-0.033670828,0.49541712,0.69518673,-0.038348295,0.36338493,0.66110474,0.0010363926,0.37624696,0.5768201,-0.0074707186,0.3785116,0.5262485,-0.019765588,0.37955496,0.48177075,-0.0299506,0.32429287,0.6528656,0.00053354335,0.3296363,0.55938953,-0.0054719546,0.3307633,0.5019994,-0.017645499,0.32997313,0.45447254,-0.027599744,0.28738567,0.66223794,-0.0041974927,0.28827876,0.5769057,-0.011996998,0.29120153,0.52591485,-0.021456478,0.29323983,0.48222327,-0.028856218,0.24885774,0.6860007,-0.012051013,0.24273276,0.619363,-0.020388916,0.24124916,0.5768597,-0.023870807,0.24174318,0.53692496,-0.026165983,open_palm
0.290231,0.90041816,4.0095048e-07,0.35907084,0.85925335,-0.022630356,0.41660583,0.7865459,-0.028464792,0.46007326,0.7288577,-0.03378084,0.49554193,0.6954317,-0.03834521,0.36333284,0.66118175,0.0015030517,0.37606445,0.5770037,-0.006764748,0.3782304,0.5267465,-0.01901227,0.37916338,0.48260874,-0.029123645,0.324307,0.6528569,0.0012113298,0.32959378,0.5594362,-0.004390598,0.33069843,0.50233775,-0.016417304,0.32980806,0.45521152,-0.026284875,0.2874208,0.6620734,-0.0033665013,0.288365,0.5770093,-0.0107719805,0.29115096,0.5262376,-0.02012184,0.29289964,0.4828031,-0.027465004,0.24891365,0.6855278,-0.011093124,0.2429331,0.61896014,-0.019074377,0.24133061,0.5764555,-0.022407308,0.2415672,0.5364615,-0.024607597,open_palm
0.2900719,0.9003515,3.9792178e-07,0.359004,0.8593372,-0.022603204,0.41640574,0.78643167,-0.028593833,0.459661,0.72864294,-0.034084424,0.49516883,0.6954507,-0.03889122,0.3625531,0.66128665,0.00070655125,0.3755115,0.5771059,-0.007972413,0.3778204,0.5269224,-0.02036794,0.37867534,0.4829051,-0.03056694,0.32334372,0.6531487,0.0002860602,0.32887307,0.55994785,-0.00581083,0.33006048,0.5030273,-0.017930927,0.32913727,0.45586362,-0.027822329,0.28648084,0.6625089,-0.004371984,0.28718796,0.5774282,-0.012137744,0.289885,0.5264526,-0.021441499,0.29171887,0.4825666,-0.02873857,0.24823403,0.6862881,-0.012167585,0.2423403,0.61969906,-0.020431237,0.2407571,0.5771795,-0.023804689,0.24113445,0.53727055,-0.026014322,open_palm
0.28978693,0.9000075,3.959245e-07,0.35859764,0.85941744,-0.02222175,0.41621962,0.78597224,-0.028016765,0.4596185,0.72826153,-0.033353068,0.4950019,0.6955582,-0.038030606,0.3624038,0.661497,0.00050555984,0.37526947,0.5773212,-0.008067468,0.37754783,0.52708656,-0.020193322,0.37850577,0.48329026,-0.030167395,0.32337844,0.65335655,-8.410511e-05,0.32882044,0.55996263,-0.006154145,0.32992306,0.50278884,-0.018046418,0.32899347,0.45558393,-0.027731514,0.28665423,0.6625631,-0.0048325076,0.2875376,0.5771265,-0.012524818,0.29041317,0.5265014,-0.021578565,0.2923456,0.48333815,-0.028671432,0.24825573,0.6861137,-0.012680962,0.24204409,0.61957127,-0.020797417,0.24076223,0.5770364,-0.024022989,0.24145958,0.5371691,-0.02612962,open_palm
0.2899561,0.9002756,3.9942293e-07,0.35832614,0.85956275,-0.022384623,0.4153142,0.78558797,-0.02844525,0.45859626,0.72787,-0.034024943,0.49461517,0.69572544,-0.03897325,0.36122042,0.6614364,-0.00041341485,0.3741722,0.5768502,-0.009334878,0.37681478,0.52676237,-0.02160724,0.3780325,0.48281133,-0.03168563,0.32221177,0.6536478,-0.0011322728,0.3276043,0.5598274,-0.0076088337,0.32912204,0.5025582,-0.019647848,0.3285111,0.45511794,-0.029420784,0.28556696,0.66316795,-0.005979523,0.2866014,0.5776579,-0.014020841,0.28996664,0.5268779,-0.023146298,0.29235968,0.48334208,-0.030233713,0.24733132,0.68701994,-0.013912583,0.24152654,0.6199576,-0.022314029,0.2404224,0.57700014,-0.025613446,0.24114561,0.5366478,-0.027742265,open_palm
0.28921157,0.90019476,3.973803e-07,0.35782367,0.8594326,-0.022246085,0.41490662,0.7857493,-0.028254522,0.45794877,0.72786295,-0.03377472,0.4933796,0.6948815,-0.038649928,0.36082974,0.66113144,-0.00014107702,0.373687,0.576739,-0.008968106,0.37603205,0.526993,-0.02124887,0.37684056,0.4834683,-0.03129191,0.321785,0.6532857,-0.00080775114,0.32722142,0.5596189,-0.0070288433,0.32835543,0.50271094,-0.018950993,0.32726163,0.45575273,-0.028650694,0.28506204,0.6628492,-0.0055959327,0.28558028,0.57769257,-0.013391998,0.28841797,0.5270317,-0.022408701,0.29037884,0.4835975,-0.029453794,0.24666768,0.6868597,-0.013457204,0.24072012,0.62003064,-0.02160925,0.23947428,0.57735753,-0.024714677,0.24004345,0.5373702,-0.026720945,open_palm
0.28901315,0.89976573,3.9591933e-07,0.35768464,0.8588453,-0.021924157,0.41476488,0.78538454,-0.027698563,0.45789087,0.72779214,-0.033086598,0.49318194,0.6951977,-0.037877496,0.36063132,0.6609006,0.000507704,0.3733737,0.5767602,-0.008150582,0.375712,0.5270292,-0.020405795,0.3766647,0.48326415,-0.03049146,0.32160717,0.6530318,-0.00033138756,0.32663223,0.5592767,-0.006497591,0.32762203,0.50223374,-0.018549576,0.32651353,0.45502454,-0.028355006,0.28494424,0.66255045,-0.0052843126,0.28517288,0.57733834,-0.013085651,0.28807822,0.5266437,-0.022260563,0.29016724,0.48314115,-0.029425895,0.24665098,0.6864396,-0.013295839,0.24012181,0.6196033,-0.02150294,0.2387209,0.57693565,-0.024701362,0.23937988,0.53685796,-0.026788352,open_palm
0.2885769,0.8997197,3.9426413e-07,0.35739604,0.8588786,-0.022174323,0.4142614,0.78532946,-0.028088,0.45693573,0.727272,-0.033561826,0.49218354,0.6943201,-0.038416848,0.36005655,0.6605453,0.00025221676,0.37265736,0.5764953,-0.008644968,0.37502852,0.5267699,-0.021102052,0.37606394,0.48304415,-0.031330366,0.320874,0.6527253,-0.0004533766,0.32577598,0.55928195,-0.0068286024,0.3269266,0.50253725,-0.018963221,0.32602018,0.4556178,-0.028830774,0.2841112,0.6622849,-0.005303832,0.28416592,0.5770503,-0.013266869,0.28660962,0.52633286,-0.022436226,0.2882804,0.4826221,-0.02958979,0.24598023,0.68636465,-0.013231332,0.23986456,0.6193884,-0.021585155,0.23842373,0.57679427,-0.024857141,0.2388688,0.5366555,-0.026976068,open_palm
0.28844348,0.8997886,3.962581e-07,0.35694808,0.8590485,-0.022306755,0.4139064,0.7851793,-0.028248126,0.45685208,0.72705317,-0.033714037,0.4920165,0.69382584,-0.038535457,0.35989827,0.66044366,0.00022365018,0.37239987,0.57638425,-0.008557502,0.37448376,0.5266105,-0.020949038,0.37523973,0.48279393,-0.031129148,0.3206381,0.6527048,-0.00038809783,0.3254893,0.5595021,-0.0066115386,0.32635012,0.50242984,-0.018725082,0.32518816,0.45505506,-0.02859629,0.28378302,0.6623683,-0.0051521226,0.28354225,0.57768947,-0.012908256,0.2860202,0.52719414,-0.022038365,0.2877887,0.48363474,-0.029205676,0.24558178,0.68639165,-0.013027184,0.23930708,0.61989146,-0.021162672,0.23764507,0.5776111,-0.024351062,0.23802996,0.53782713,-0.026444938,open_palm
0.2878476,0.8998552,3.9636183e-07,0.3566974,0.8590359,-0.022406284,0.41392666,0.78538483,-0.02823596,0.45684966,0.7271818,-0.033559777,0.49181408,0.69387555,-0.038216744,0.35960892,0.6607973,0.0002527219,0.37208244,0.5764979,-0.008352129,0.37414026,0.52643585,-0.020603878,0.3748793,0.48238885,-0.030702852,0.32039163,0.65298575,-0.0003362149,0.32528433,0.55956906,-0.00649367,0.3262158,0.5021448,-0.018632999,0.3252122,0.4545598,-0.028533757,0.2836382,0.662598,-0.00508724,0.2839543,0.57764304,-0.012920389,0.2870502,0.5268712,-0.022262162,0.28939706,0.48348027,-0.029553441,0.24532104,0.68654513,-0.0129462425,0.23882484,0.6197748,-0.021247389,0.2372089,0.57700825,-0.02464953,0.23774981,0.5368629,-0.026889201,open_palm
0.2879757,0.90001744,3.8504334e-07,0.3569434,0.8589796,-0.021947369,0.41378528,0.7850193,-0.027493965,0.45607942,0.7260236,-0.03262496,0.49073777,0.6923736,-0.03711542,0.3590731,0.6605155,0.0010045272,0.37113604,0.57636917,-0.007475495,0.37325555,0.5266015,-0.019656537,0.37406766,0.48288083,-0.029777722,0.32002643,0.6527282,0.0002562167,0.32463306,0.5596727,-0.005910584,0.32548755,0.5030748,-0.018062126,0.32431644,0.45614284,-0.027971508,0.28345937,0.6622792,-0.0046440526,0.2833577,0.57717276,-0.012581481,0.28597206,0.5264289,-0.021959383,0.2878887,0.48260736,-0.029297994,0.2454857,0.68630487,-0.012597911,0.23892027,0.61949235,-0.021106161,0.23740156,0.57695913,-0.024668911,0.2381022,0.5368113,-0.027024968,open_palm
0.28896612,0.8994487,3.7381773e-07,0.3579096,0.85790753,-0.021104991,0.4146646,0.78385806,-0.026047172,0.4565406,0.72502136,-0.03076381,0.490278,0.6907028,-0.034784928,0.35941178,0.65997815,0.0029359097,0.37115994,0.5765541,-0.0051058526,0.3728098,0.527152,-0.017071677,0.37328735,0.48429865,-0.027007893,0.32037288,0.6523631,0.0019847,0.32442585,0.5600406,-0.0038172049,0.3249304,0.5040786,-0.015854288,0.32357693,0.45810813,-0.025673635,0.2839395,0.6618925,-0.003162485,0.28334913,0.5772414,-0.010824682,0.28586346,0.52681774,-0.020113904,0.28781533,0.4835977,-0.02741365,0.24618812,0.68574494,-0.011319775,0.23897687,0.6193939,-0.01955813,0.23724797,0.57696295,-0.023075342,0.23796369,0.5368141,-0.025443455,open_palm
0.3056896,0.86540186,-3.2906473e-07,0.35642987,0.87120914,-0.018632047,0.41601303,0.7967119,-0.020897996,0.43224353,0.7112855,-0.021220535,0.40698862,0.6651754,-0.016300024,0.40403208,0.7404587,-0.0033392236,0.41747108,0.6964804,-0.023703473,0.4052907,0.74292326,-0.029391466,0.39413685,0.751554,-0.031092715,0.36835513,0.7271311,-0.0028798494,0.3826778,0.6840336,-0.024953198,0.37268093,0.7595777,-0.0230188,0.36673647,0.75697,-0.015927404,0.33280572,0.72463256,-0.006881493,0.34435895,0.68661696,-0.036263473,0.3412591,0.76144904,-0.022352966,0.33182082,0.76401186,-0.006522706,0.29298514,0.72301114,-0.011750331,0.30876824,0.7068328,-0.032078467,0.30871823,0.75867456,-0.022225492,0.2991562,0.76109457,-0.010868953,fist
0.30459088,0.8678146,-3.1255053e-07,0.35538957,0.87048674,-0.018915866,0.41319448,0.79594797,-0.021514084,0.42951876,0.71195006,-0.022514142,0.4056789,0.66480523,-0.018302523,0.40091497,0.7409462,-0.0012984712,0.41454843,0.6995314,-0.022918556,0.40325373,0.7431507,-0.02959826,0.3912523,0.75210434,-0.03139129,0.365176,0.72783893,-0.0013007509,0.37997437,0.68728,-0.02442066,0.3705293,0.7619638,-0.023254598,0.36441177,0.7587169,-0.01627353,0.3296113,0.7251708,-0.006154939,0.34230626,0.68772125,-0.037703365,0.3393576,0.7633287,-0.024773916,0.32981116,0.7657709,-0.008690192,0.28970602,0.7243827,-0.011842175,0.30700073,0.7072848,-0.033594515,0.30697432,0.75925964,-0.023840057,0.2967107,0.7620364,-0.011987247,fist
0.30390164,0.8666685,-3.1379753e-07,0.3542198,0.8686176,-0.018882014,0.41305223,0.79559,-0.021578398,0.42944503,0.71263343,-0.022255784,0.40637064,0.6666726,-0.017595872,0.39954388,0.737405,-0.0039521875,0.41396147,0.6928931,-0.024236782,0.4022951,0.739553,-0.028810637,0.39098653,0.74890876,-0.029187368,0.3643075,0.7257171,-0.0033302505,0.3791532,0.68315953,-0.024548737,0.36954194,0.75853246,-0.021449443,0.36371914,0.75498337,-0.013400848,0.3289117,0.7237463,-0.0073209135,0.3411846,0.6863017,-0.036444634,0.33810988,0.7608052,-0.022840528,0.3288997,0.76192653,-0.0070131314,0.289174,0.72343177,-0.012151608,0.30550134,0.7065038,-0.031822998,0.3064221,0.75769895,-0.021831715,0.2971561,0.75983214,-0.010286274,fist
0.3011723,0.8646109,-3.3084683e-07,0.35198987,0.86919886,-0.019012162,0.4099124,0.79501903,-0.021597108,0.42595392,0.71064883,-0.022305261,0.40165207,0.6647264,-0.01762881,0.39789066,0.73781127,-0.0033579841,0.4112692,0.6945361,-0.024389071,0.39991754,0.74030626,-0.0299801,0.38890192,0.75010395,-0.031223208,0.36245537,0.72534317,-0.0029370452,0.3767043,0.6837018,-0.025758106,0.36753815,0.7591805,-0.023647321,0.36182818,0.756185,-0.016244506,0.32711378,0.7233671,-0.007134073,0.33860672,0.6861508,-0.03798152,0.3358979,0.7615259,-0.02398933,0.3268625,0.76453906,-0.0075541795,0.28745234,0.7229831,-0.01218947,0.30322486,0.70573854,-0.033439647,0.30375144,0.7579506,-0.023380326,0.2942319,0.7611414,-0.0115337605,fist
0.30197334,0.86402744,-3.1404952e-07,0.3519433,0.8672148,-0.018359464,0.4096892,0.79343474,-0.021285366,0.42523313,0.7098645,-0.022454806,0.40069193,0.66359586,-0.018457206,0.396726,0.7347777,-0.0047962125,0.4096915,0.69039154,-0.025329169,0.3989734,0.7368841,-0.03057698,0.38761428,0.74744195,-0.03164299,0.36104387,0.7232895,-0.0046145963,0.37490237,0.6818786,-0.02687898,0.36654764,0.75773436,-0.024889385,0.36032802,0.75562596,-0.017779708,0.32559547,0.7225741,-0.008682553,0.33699617,0.685102,-0.03848251,0.33518252,0.7606401,-0.024623832,0.32549337,0.7641907,-0.00863007,0.28600258,0.7233394,-0.013532794,0.30210337,0.70630616,-0.033991247,0.30318415,0.75795776,-0.023862103,0.2932409,0.7611475,-0.012146444,fist
0.30025217,0.8645276,-3.192883e-07,0.35070327,0.866533,-0.018953431,0.40807766,0.7929596,-0.022161907,0.42405722,0.7095591,-0.023529915,0.39945903,0.6638526,-0.01970063,0.39581877,0.7356621,-0.0045935097,0.4088236,0.69213253,-0.02535174,0.39782432,0.73687065,-0.030744346,0.38618788,0.74637705,-0.031805955,0.35998017,0.7237967,-0.004176352,0.37381244,0.68227184,-0.02623461,0.3654587,0.7569772,-0.02376005,0.35958484,0.753753,-0.01631195,0.3244133,0.72270197,-0.008197198,0.33538425,0.6852006,-0.038003225,0.33372155,0.75992525,-0.02369298,0.32466274,0.763168,-0.007352395,0.28459343,0.72362167,-0.01310555,0.30007726,0.70594686,-0.033455946,0.3015761,0.75760055,-0.022945346,0.29228926,0.76124144,-0.010952773,fist
0.29905024,0.8638004,-3.041797e-07,0.35027194,0.8644038,-0.0186758,0.40664357,0.790618,-0.021919293,0.42248338,0.7076924,-0.023524601,0.3987775,0.66135156,-0.020012062,0.3921083,0.73255295,-0.004266333,0.4056528,0.68940365,-0.024956718,0.39577496,0.735459,-0.029995453,0.38429987,0.745789,-0.030730935,0.35689285,0.72177225,-0.0040733055,0.37156013,0.6807266,-0.026214601,0.3636514,0.75594753,-0.023748644,0.3572933,0.75315005,-0.0162258,0.32164115,0.7215631,-0.0083398605,0.3336993,0.6841579,-0.038666636,0.3321529,0.75938505,-0.024951745,0.32230872,0.76247305,-0.008797909,0.2820787,0.7233005,-0.013397804,0.29857242,0.70572805,-0.034282975,0.30014002,0.75675726,-0.024311488,0.2901,0.7598752,-0.012576799,fist
0.29701865,0.86330134,-3.2516968e-07,0.347973,0.8647477,-0.018946007,0.4047699,0.79009944,-0.021901345,0.4208614,0.7070488,-0.02287117,0.3970096,0.6613567,-0.018562963,0.39096278,0.7321468,-0.0051861056,0.40395588,0.6882194,-0.02591954,0.3940619,0.73536557,-0.031112656,0.38240248,0.7452271,-0.03199831,0.35590574,0.7216591,-0.0045639444,0.36957517,0.6791375,-0.02601937,0.36251655,0.75458723,-0.023075406,0.35617402,0.7513068,-0.015472837,0.32074606,0.72133875,-0.008433972,0.3313937,0.6840808,-0.037875213,0.33067974,0.7587999,-0.023748744,0.32131243,0.7614202,-0.00769001,0.2813005,0.7228805,-0.01316585,0.29693258,0.70525104,-0.033473253,0.2985113,0.7565111,-0.02332084,0.28841785,0.7597804,-0.0116823055,fist
0.29650137,0.8636955,-3.1370212e-07,0.34700242,0.86353636,-0.018452626,0.40343893,0.78912675,-0.021744445,0.41913977,0.70659196,-0.023415282,0.39423895,0.6611024,-0.019860426,0.38954633,0.7309223,-0.004285671,0.40271297,0.68657625,-0.025140766,0.3925337,0.73358953,-0.03051412,0.38078165,0.74397045,-0.031480342,0.35433787,0.72050494,-0.0041614524,0.36818174,0.6787849,-0.0261009,0.36078468,0.7545255,-0.023622654,0.35457206,0.75137544,-0.016197862,0.31912777,0.72080874,-0.008464836,0.33021176,0.68345773,-0.038147643,0.3294136,0.75853604,-0.024075001,0.3200424,0.76147425,-0.007919241,0.2796818,0.7228749,-0.013605026,0.2955288,0.7054623,-0.033840787,0.29726738,0.7565923,-0.023473533,0.28729707,0.7597749,-0.011602553,fist
0.29578698,0.86420745,-3.2028277e-07,0.3464075,0.8643309,-0.018663704,0.40205804,0.7889692,-0.021805802,0.41788623,0.706336,-0.023174804,0.39383057,0.66057986,-0.019208489,0.3881285,0.73046684,-0.00442609,0.4017913,0.68680036,-0.025511023,0.39190668,0.7323567,-0.030694041,0.3788368,0.7422971,-0.031286526,0.35281402,0.72022545,-0.0041599977,0.36693826,0.6784098,-0.026175609,0.3599045,0.75396127,-0.023263095,0.35339844,0.75041217,-0.01538644,0.31758222,0.72036123,-0.00846152,0.32859462,0.68407613,-0.038333803,0.32815477,0.7589059,-0.02426824,0.31857964,0.7608409,-0.008028512,0.27834427,0.7225807,-0.0136342095,0.29437488,0.70584965,-0.03403946,0.29610544,0.75720346,-0.023831142,0.285658,0.75982,-0.012062291,fist
0.29500452,0.86308694,-3.2314816e-07,0.34608763,0.8636833,-0.018503586,0.40202516,0.7883465,-0.021573292,0.41769418,0.70526093,-0.022801934,0.3930189,0.6600561,-0.018642776,0.38726076,0.73037624,-0.004553207,0.40084162,0.6854316,-0.02577393,0.39209083,0.7317441,-0.030791346,0.37968194,0.7423127,-0.031173125,0.35217127,0.720311,-0.0042359736,0.36623758,0.67755663,-0.026154278,0.35953847,0.7536328,-0.022850554,0.3528911,0.7496544,-0.0146884695,0.31701565,0.720184,-0.008502514,0.32834426,0.6839651,-0.038366552,0.3278809,0.7586988,-0.024166571,0.31791714,0.7601943,-0.007880523,0.2775915,0.7219822,-0.013593556,0.29406443,0.7058187,-0.034084983,0.29599604,0.75740665,-0.023933444,0.28528452,0.75991267,-0.012198079,fist
0.2939699,0.8618856,-3.2954088e-07,0.3442866,0.86421275,-0.018880002,0.4006382,0.7883688,-0.021726582,0.41655117,0.7043122,-0.022636492,0.3917596,0.6593744,-0.018101046,0.38678074,0.729833,-0.0047071245,0.39979237,0.6845151,-0.025491504,0.39027354,0.7311893,-0.030315517,0.37857407,0.74169904,-0.030765343,0.3514723,0.71979326,-0.004149671,0.3653472,0.6769887,-0.02577626,0.35826427,0.75321996,-0.022314768,0.35220858,0.7496219,-0.01409243,0.31647786,0.71997094,-0.008189571,0.3272433,0.683394,-0.037736002,0.32662743,0.7582343,-0.023269022,0.31728047,0.7603567,-0.0068615396,0.27726907,0.721668,-0.013131193,0.29282048,0.7049893,-0.033431783,0.29452544,0.7566249,-0.02318425,0.2843955,0.75948334,-0.011413043,fist
0.29320857,0.8616735,-3.318522e-07,0.34339178,0.8644313,-0.018752359,0.40013996,0.7879777,-0.02150659,0.4163687,0.70346665,-0.022425989,0.39101145,0.65877795,-0.017962229,0.3873992,0.7297762,-0.0037550535,0.39942095,0.68468577,-0.02441313,0.38932303,0.73074025,-0.029613381,0.37786922,0.7413006,-0.030436343,0.3520529,0.71967775,-0.0032305343,0.364885,0.6763372,-0.024757547,0.35761818,0.75229955,-0.021404205,0.3522222,0.74925494,-0.013164061,0.31699485,0.7196475,-0.007361165,0.32669333,0.6828194,-0.036587562,0.32605505,0.7573471,-0.02214692,0.31748503,0.75985664,-0.005749273,0.27772263,0.72124267,-0.012445182,0.29233736,0.7043487,-0.032487977,0.29385903,0.7558417,-0.022284938,0.2845145,0.7589275,-0.010559768,fist
0.2926128,0.8627465,-3.2726408e-07,0.34258813,0.8648021,-0.018773854,0.39991188,0.78830147,-0.021740433,0.4162197,0.7038985,-0.022886239,0.39056993,0.6585436,-0.018581096,0.3870126,0.7295339,-0.0038340883,0.3996892,0.6842336,-0.024309527,0.38894552,0.7305978,-0.029406073,0.37693948,0.74022985,-0.030281806,0.35157982,0.71934676,-0.0034053805,0.3651165,0.6762308,-0.025219686,0.35740224,0.7526564,-0.02226392,0.35141808,0.7492621,-0.0142693175,0.31655952,0.71958345,-0.007520547,0.32690325,0.6822211,-0.036897667,0.3262251,0.7575462,-0.022574257,0.31703338,0.75979906,-0.0062330905,0.2774763,0.7211914,-0.012558643,0.2928017,0.7044798,-0.032725494,0.29424083,0.75622714,-0.022558594,0.2843691,0.75883234,-0.010835094,fist
0.29236704,0.86503255,-3.1866028e-07,0.34219974,0.8643248,-0.019403687,0.39900687,0.7884618,-0.023116864,0.41587657,0.7047501,-0.025042925,0.39130196,0.6580917,-0.02135403,0.38667482,0.7293912,-0.0038611502,0.40057144,0.6850974,-0.024541639,0.3897553,0.73138654,-0.02940196,0.3770224,0.73931146,-0.030062739,0.35128716,0.7191867,-0.0033848705,0.36624458,0.67570615,-0.025289405,0.35837197,0.75204927,-0.0221271,0.35195708,0.7467041,-0.013908188,0.31614015,0.71971965,-0.007580757,0.32788157,0.6820017,-0.037230812,0.32766873,0.75723225,-0.023059778,0.31786218,0.7577161,-0.006750206,0.27700406,0.7214494,-0.012764745,0.2936396,0.7060461,-0.03330732,0.29572523,0.7571343,-0.023449965,0.28520325,0.7583177,-0.011849785,fist
0.2922547,0.86614543,-3.3125005e-07,0.34296197,0.8629966,-0.019927628,0.3998294,0.78770906,-0.023638876,0.41646975,0.70482093,-0.025256721,0.3923536,0.65752745,-0.021040574,0.3867025,0.7283614,-0.0046932083,0.40286437,0.6840662,-0.025474468,0.39163506,0.7320212,-0.029889349,0.37738207,0.73954964,-0.03006126,0.35184065,0.7182438,-0.0038325842,0.36775923,0.6744693,-0.02593936,0.35978013,0.7507721,-0.022875652,0.3520485,0.74523664,-0.014692239,0.31674424,0.71858,-0.0076600085,0.3296657,0.6820467,-0.037613112,0.32911602,0.75709367,-0.02425869,0.31825545,0.7562903,-0.008398343,0.27767697,0.7206981,-0.012420752,0.29589963,0.7058897,-0.033139367,0.29763883,0.75640863,-0.023745766,0.2854826,0.7564375,-0.012414476,fist
0.2942158,0.86850137,-3.1835737e-07,0.34463874,0.8606102,-0.020241182,0.400135,0.78728783,-0.02486776,0.41577625,0.70530534,-0.027672233,0.3929619,0.6566931,-0.024684664,0.3877807,0.7286401,-0.004394034,0.4043157,0.68529934,-0.02565622,0.39306659,0.7320744,-0.030301217,0.37821555,0.73861766,-0.030508569,0.3528811,0.7182672,-0.003986027,0.36911663,0.675188,-0.02643035,0.361181,0.7503534,-0.023759104,0.3532371,0.7437276,-0.015878128,0.3176355,0.7187499,-0.008346754,0.33093593,0.68165696,-0.039163377,0.33050007,0.7565812,-0.026050849,0.31960377,0.7552104,-0.010134215,0.27807269,0.7215374,-0.013643955,0.29674906,0.7062219,-0.034893468,0.29872292,0.7562914,-0.025205337,0.28638613,0.7563756,-0.013476359,fist
0.29800448,0.87143266,-2.8426166e-07,0.3510575,0.8583326,-0.019503443,0.40437385,0.7831003,-0.024309603,0.42080593,0.7041683,-0.027321672,0.3966323,0.65693796,-0.025066463,0.38414213,0.7231376,-0.0054415544,0.40093932,0.6846048,-0.026616815,0.3934505,0.73400825,-0.03199273,0.37817928,0.74230516,-0.03268425,0.3510647,0.71464425,-0.00541725,0.36868188,0.67350674,-0.027948467,0.36423236,0.7480893,-0.02693619,0.35410348,0.74456406,-0.020556012,0.31636897,0.7157225,-0.0097914925,0.33227637,0.6812608,-0.04066305,0.333637,0.75595564,-0.02910405,0.320655,0.7559003,-0.014296771,0.27729332,0.7213013,-0.014851945,0.29908884,0.7040869,-0.03611203,0.30174366,0.7531295,-0.026493913,0.28695858,0.7545835,-0.014902765,fist
0.31188285,0.874245,-2.2000098e-07,0.36378103,0.8520457,-0.016673861,0.40767202,0.77461874,-0.021691553,0.4229856,0.7039744,-0.026070278,0.40144297,0.6590931,-0.025221167,0.37214518,0.7085711,-0.004493268,0.3945414,0.6755362,-0.027830062,0.39328557,0.7311336,-0.03389814,0.37850454,0.74306,-0.03421099,0.3434114,0.70373905,-0.0066337823,0.37039727,0.67150235,-0.03303138,0.36953545,0.74852306,-0.033906683,0.35424656,0.7504675,-0.027740462,0.31241313,0.70740193,-0.013083538,0.34112957,0.6829627,-0.04734944,0.3433577,0.75836766,-0.038049657,0.32496387,0.7609964,-0.023308175,0.27795047,0.7171459,-0.019842371,0.31276405,0.7063827,-0.043145712,0.31686994,0.7552884,-0.034723658,0.29771322,0.7587545,-0.022979591,fist
0.32406357,0.8826405,-2.2027804e-07,0.37066555,0.8442722,-0.005444101,0.398158,0.77453417,-0.010214272,0.41671014,0.71428114,-0.018076202,0.40405473,0.66648203,-0.021327637,0.35101348,0.68973136,0.010252871,0.38855922,0.66859144,-0.017739663,0.3897494,0.7266205,-0.031688884,0.37255642,0.7463403,-0.03668908,0.32674012,0.6886022,0.0014274761,0.3737753,0.67333025,-0.025808793,0.37466687,0.7421123,-0.030361848,0.35558444,0.7513073,-0.027728964,0.3031339,0.69657487,-0.012096337,0.35621023,0.69217944,-0.0432066,0.35587463,0.7579518,-0.036054935,0.33334687,0.76454854,-0.023932545,0.2809024,0.7138849,-0.025880275,0.3368093,0.71432406,-0.044582166,0.33730888,0.7608232,-0.036647163,0.31391528,0.7693998,-0.026089046,fist
0.3139254,0.88435733,-2.3900225e-07,0.36641833,0.82626224,7.535647e-05,0.38653484,0.7632825,-0.004417808,0.40218207,0.7145655,-0.012178386,0.40691844,0.6684413,-0.015771903,0.3100131,0.67513037,0.011056491,0.3836957,0.66678005,-0.010234647,0.3862376,0.7192434,-0.02484326,0.36862496,0.7404541,-0.033724837,0.29599807,0.6765449,0.0006606459,0.38146338,0.6725353,-0.020129245,0.37939343,0.73009545,-0.02507865,0.3607136,0.7466917,-0.025181368,0.2931642,0.6918681,-0.012759818,0.37677363,0.69811594,-0.031560432,0.37111792,0.7513809,-0.026416108,0.34973574,0.76411927,-0.019780109,0.29797664,0.716893,-0.027004,0.36534205,0.7263873,-0.036842115,0.36097702,0.7660164,-0.032046355,0.34149247,0.7768959,-0.02660103,fist
0.3054522,0.87182635,-2.2751182e-07,0.3463728,0.8013684,0.007190759,0.3623833,0.7401158,0.0043117376,0.3800578,0.6984507,-0.002718313,0.39333585,0.6646533,-0.0059357034,0.29051456,0.6713073,0.014338932,0.36863044,0.6612572,0.0012347068,0.3686513,0.7022115,-0.008815654,0.35016793,0.72131604,-0.016105505,0.28940827,0.67660403,0.0021640647,0.37738618,0.67611665,-0.0066100615,0.37256995,0.71695614,-0.0076460037,0.35403317,0.7314342,-0.009347184,0.29920867,0.6929383,-0.0119386325,0.38490427,0.6999776,-0.016412534,0.3762383,0.73927677,-0.011221353,0.35551032,0.75237936,-0.009915858,0.3172848,0.7162297,-0.027056418,0.38393685,0.73243886,-0.025637193,0.37607193,0.76617384,-0.022274962,0.35754263,0.77628434,-0.02183355,fist
0.30033234,0.8667083,-2.5614958e-07,0.29452693,0.7946788,0.013889029,0.31451008,0.7284676,0.010029847,0.3542067,0.6894596,0.0014596501,0.38583046,0.6690482,-0.0045874137,0.28381956,0.67379844,0.008329068,0.35442752,0.6540454,-0.00045946948,0.35691515,0.693547,-0.0065528103,0.34337527,0.71314275,-0.012320232,0.29985625,0.679393,-0.007930654,0.3727426,0.6762093,-0.011632776,0.3676868,0.71473217,-0.011928037,0.3506774,0.7302444,-0.014522143,0.32062307,0.6965617,-0.024006423,0.3877682,0.7019232,-0.02427173,0.3775805,0.7411992,-0.018332724,0.3569835,0.75424004,-0.017709585,0.34552306,0.7209062,-0.040160794,0.394806,0.73975456,-0.03684666,0.38492736,0.77377886,-0.0313599,0.3657996,0.78388256,-0.029540204,fist
0.30072317,0.870142,-2.2582341e-07,0.28766316,0.79257554,0.0071038087,0.30530086,0.7204107,0.0014646001,0.34630892,0.6833097,-0.0075869323,0.37930408,0.67265904,-0.013598994,0.27778503,0.67336833,0.003557381,0.34465525,0.6570562,-0.007316183,0.347764,0.6935489,-0.015135231,0.3356268,0.713462,-0.022036403,0.29860318,0.6795253,-0.0096768215,0.36626473,0.6786334,-0.018487832,0.3612538,0.7150773,-0.023363383,0.34397915,0.7295983,-0.027607938,0.32437497,0.6955576,-0.02300668,0.38634056,0.70466757,-0.02755492,0.37554765,0.74138653,-0.02499592,0.35497105,0.75133806,-0.02508565,0.35317245,0.7197129,-0.036811706,0.3970703,0.74078554,-0.036783624,0.38548005,0.7743929,-0.032942977,0.3666363,0.7827672,-0.031223405,fist
0.29868028,0.86899185,-2.0544178e-07,0.28152525,0.787814,0.008544842,0.29668593,0.71541935,0.0041353046,0.33571368,0.6816195,-0.0032741483,0.3688077,0.68161005,-0.008142188,0.27576467,0.67264646,0.0022362769,0.33480105,0.6558411,-0.0041724257,0.33887196,0.69020647,-0.008549815,0.32924187,0.7097368,-0.013534085,0.30138743,0.6789592,-0.010364791,0.3594727,0.67580175,-0.014586784,0.35631904,0.70941406,-0.017963227,0.34199235,0.7248715,-0.021608895,0.3308207,0.6952191,-0.022226658,0.3825701,0.70496565,-0.022358209,0.37289357,0.7373461,-0.020938892,0.35452145,0.7473053,-0.022627685,0.36211705,0.71957433,-0.034310475,0.39636552,0.7439773,-0.031559292,0.3849381,0.77487105,-0.028460419,0.36763948,0.7827795,-0.027633943,fist
0.29804915,0.8695036,-2.3654417e-07,0.27642435,0.7877324,0.011222383,0.28812206,0.7174713,0.009073573,0.32367623,0.6867355,0.003635056,0.3558257,0.68657947,0.00018960742,0.27794033,0.6680626,0.004964947,0.32947388,0.65523106,0.0017247427,0.3325296,0.68739974,-0.0010592573,0.32209343,0.70715946,-0.0047010253,0.3073819,0.6775358,-0.0073971353,0.35567555,0.6760779,-0.006644649,0.35278708,0.70735335,-0.0076846965,0.3391801,0.7250428,-0.010244479,0.33854607,0.69736075,-0.018618012,0.3799002,0.70477915,-0.014973205,0.37144026,0.7356822,-0.011510742,0.35450128,0.750521,-0.012145733,0.3692234,0.7256447,-0.029789535,0.39438856,0.74394387,-0.024496237,0.3830544,0.7733995,-0.019010123,0.36685836,0.78516716,-0.016238943,fist
0.29662433,0.8692994,-2.1458787e-07,0.27410805,0.7859516,0.010837869,0.2836095,0.7178728,0.0094352355,0.31650016,0.68921274,0.004652086,0.34744805,0.68895996,0.0016922357,0.2784047,0.66911024,0.006040313,0.32618746,0.6546532,0.0030996003,0.33030313,0.68504393,0.0004239939,0.31999242,0.70487213,-0.0024836378,0.30951434,0.6811907,-0.0054902905,0.35319638,0.67491573,-0.0036947285,0.35236135,0.70411015,-0.0042683138,0.33957234,0.7233167,-0.0061804024,0.34115168,0.7029532,-0.015965704,0.37704048,0.7046187,-0.011152158,0.3715452,0.73321646,-0.0065044323,0.35663176,0.75037813,-0.005903846,0.37028784,0.7330403,-0.026431238,0.39110625,0.7418604,-0.019220766,0.38198155,0.7678414,-0.011446384,0.3681842,0.7814101,-0.0067646415,fist
0.29502776,0.868986,-2.2382356e-07,0.2711261,0.7853696,0.012077266,0.2790589,0.7188014,0.011137771,0.3096059,0.68926036,0.006793629,0.34036553,0.6878763,0.004186851,0.27616498,0.6686442,0.005042271,0.3258743,0.6544792,0.0030800607,0.3300399,0.6844625,0.0017729918,0.31841454,0.7044184,-9.530147e-05,0.308272,0.68139786,-0.0066421675,0.35203603,0.67614555,-0.003377985,0.3511883,0.7046479,-0.0027468964,0.3375804,0.7236333,-0.004241951,0.34082517,0.70459366,-0.0169255,0.37510723,0.7061399,-0.010877622,0.36986956,0.7340662,-0.005418964,0.354724,0.751199,-0.004683472,0.37011242,0.73610854,-0.026982155,0.38935047,0.74381673,-0.019028008,0.3807323,0.7685714,-0.010603459,0.36701643,0.78198606,-0.0055522937,fist
0.29381064,0.86969393,-2.2096246e-07,0.2680534,0.7859055,0.010566692,0.27504984,0.71858853,0.009333676,0.30512178,0.68783164,0.005262494,0.33629546,0.68605304,0.003050723,0.27397758,0.6686584,0.0027324725,0.32286605,0.6530481,0.0008282824,0.32718703,0.68219024,-0.00017629338,0.31506383,0.7020676,-0.0015763401,0.30784464,0.6826576,-0.007758494,0.3496745,0.6751105,-0.004150971,0.34921414,0.7026757,-0.003141477,0.33570507,0.72212887,-0.0043033375,0.34154665,0.70656693,-0.016803063,0.37249303,0.7051159,-0.010310618,0.36791086,0.73111415,-0.0045316378,0.35309505,0.7488213,-0.0034703347,0.3708176,0.7383416,-0.025668174,0.38676554,0.74182594,-0.01719253,0.37891003,0.76456213,-0.00817221,0.36594254,0.778432,-0.0025504092,fist
0.29251692,0.8691351,-2.3946683e-07,0.26760557,0.7839487,0.013187556,0.27529725,0.71721864,0.012710004,0.30475345,0.6861527,0.008669477,0.33532974,0.68401104,0.006472355,0.27055135,0.66861373,0.005593032,0.31868276,0.6511923,0.004178979,0.32449758,0.6811728,0.0035267638,0.3131389,0.702488,0.0023501173,0.30372527,0.6797921,-0.006148905,0.34572014,0.6749627,-0.0017034883,0.34608737,0.70395035,-0.0006896233,0.33237118,0.7232434,-0.002127396,0.33783594,0.7018908,-0.0163248,0.37040347,0.70404303,-0.009268416,0.3660665,0.7315959,-0.003943544,0.3507651,0.7490724,-0.0035411327,0.36835498,0.73267156,-0.026166372,0.38654575,0.7421106,-0.017524268,0.37837178,0.7663823,-0.009229769,0.36408788,0.7800471,-0.0043056314,fist
0.29360622,0.86993814,-2.4265037e-07,0.26762038,0.783934,0.012263724,0.27538684,0.71625936,0.01187743,0.3054348,0.6842041,0.008306483,0.33625218,0.6817907,0.006540794,0.271797,0.66722596,0.004874097,0.3176537,0.65092486,0.004541252,0.32287198,0.67979854,0.004531734,0.31165558,0.6998039,0.0037301295,0.30597886,0.68025583,-0.0060397154,0.34575912,0.67500633,-0.00088252744,0.34547445,0.70341736,0.0004477799,0.33186132,0.72313774,-0.00064684014,0.34028727,0.7039177,-0.015274724,0.37000775,0.7035432,-0.007903833,0.3658785,0.72958934,-0.0025467835,0.35120165,0.74790055,-0.0018096829,0.37018448,0.7356659,-0.024111612,0.38584286,0.7397456,-0.015032516,0.37806228,0.7622648,-0.0060162707,0.36477065,0.7766004,-0.00032276125,fist
0.2932128,0.8712442,-2.498648e-07,0.26713717,0.78514445,0.013362675,0.27507392,0.71744305,0.013651743,0.30486673,0.685202,0.010499588,0.3353554,0.68126917,0.009099334,0.27163324,0.6670852,0.0069493465,0.31728426,0.65136385,0.0071462537,0.3229977,0.6802947,0.007349041,0.3122748,0.70039505,0.006688076,0.30580437,0.6794009,-0.0043357126,0.3454189,0.6746626,0.0014186316,0.34535995,0.7032995,0.0028838965,0.3319183,0.7232559,0.001830413,0.3400962,0.7027552,-0.013945565,0.36996633,0.70323217,-0.006074365,0.3657682,0.7299101,-0.0006710763,0.3510876,0.7483692,-3.0748564e-05,0.37005237,0.734489,-0.023114601,0.3861713,0.7396759,-0.01358348,0.37829792,0.7627766,-0.0045434847,0.3647697,0.7771516,0.001055312,fist
0.29348007,0.87152517,-2.4221984e-07,0.26870006,0.78374314,0.013107313,0.27666008,0.71609384,0.01245773,0.30751404,0.68540025,0.008110893,0.33881354,0.68221647,0.005631171,0.2714145,0.66693515,0.0064816885,0.31983563,0.6509672,0.004934475,0.32546267,0.680909,0.0037258777,0.31379622,0.7013533,0.0020120316,0.304626,0.6788474,-0.00562573,0.34783924,0.67479885,-0.0015197756,0.34795454,0.70422953,-0.0008385377,0.33353847,0.72374815,-0.002440595,0.3384966,0.7015214,-0.016271016,0.37198517,0.7026384,-0.009468859,0.36794278,0.73054796,-0.0037884873,0.35243413,0.7487351,-0.002993383,0.36876607,0.73324454,-0.026619997,0.38704014,0.7397103,-0.017961387,0.3791495,0.7640959,-0.008869595,0.36500296,0.77875245,-0.0032480555,fist
0.29408306,0.87257147,-2.5770214e-07,0.2703297,0.7834867,0.0125694135,0.2797838,0.71521115,0.011115036,0.3117814,0.6828134,0.0061495723,0.34249577,0.6779558,0.003118437,0.2716447,0.6672015,0.005018188,0.32088897,0.6515603,0.002952489,0.32581568,0.68263954,0.0011233351,0.3136783,0.70320064,-0.0011432568,0.304814,0.6798152,-0.0071478323,0.34879085,0.67585605,-0.0038905954,0.3479601,0.7060829,-0.004050105,0.33249304,0.72561157,-0.0061943415,0.33886424,0.702613,-0.017724108,0.37266237,0.7031349,-0.011514318,0.36827645,0.7318435,-0.0059899185,0.352302,0.7502317,-0.00521121,0.36956543,0.73389465,-0.028005216,0.38760766,0.7393461,-0.019798184,0.37940302,0.7648228,-0.010574604,0.36505902,0.78002954,-0.00480255,fist
0.29370522,0.87159866,-2.5052924e-07,0.27038628,0.78256494,0.012243418,0.27934602,0.7155471,0.010393702,0.31061664,0.68553233,0.0052229958,0.34099922,0.6826603,0.0018060874,0.27397865,0.6664681,0.0029191657,0.32226795,0.65183383,0.00063491904,0.32640767,0.68268746,-0.0010833296,0.31387466,0.7027099,-0.0032242788,0.30743465,0.67983127,-0.00909537,0.3496082,0.6741842,-0.0056415848,0.34870738,0.70387715,-0.004935928,0.33404946,0.72381806,-0.0065439944,0.34115547,0.70346016,-0.019455396,0.3734271,0.7029699,-0.012968043,0.36872143,0.73094016,-0.0069176233,0.35315752,0.749455,-0.00586885,0.37106597,0.73553276,-0.029541705,0.38753054,0.7399078,-0.021067059,0.3794793,0.76455694,-0.011584268,0.36589426,0.77954984,-0.0056878473,fist
0.29287106,0.8721976,-2.3843725e-07,0.2722546,0.78353477,0.009671817,0.28393558,0.71362454,0.006429473,0.31816518,0.681392,2.6814316e-05,0.34916013,0.6764082,-0.0038701394,0.27122718,0.670012,0.0022784506,0.32288724,0.65315324,-0.0030529234,0.32737973,0.6853615,-0.0065797926,0.31521067,0.70533204,-0.01004609,0.30286422,0.68104357,-0.009761085,0.35023457,0.6767316,-0.010801958,0.34921318,0.70786923,-0.012402497,0.33353305,0.725398,-0.014973127,0.33595234,0.70173806,-0.020796768,0.37496686,0.7047063,-0.018460805,0.36944366,0.7348701,-0.013841436,0.3522513,0.7504194,-0.01320947,0.36711642,0.7315668,-0.03188597,0.39003032,0.744011,-0.027380113,0.3804991,0.77159107,-0.02043287,0.36476207,0.78441364,-0.016094968,fist
0.29249737,0.8714569,-1.9451265e-07,0.27547535,0.78727263,0.008354293,0.2877874,0.71634454,0.0032326833,0.32391983,0.6824252,-0.0054319003,0.35505483,0.6806045,-0.011255657,0.2682218,0.67379546,0.0028681338,0.32532728,0.65303826,-0.0049686967,0.3312846,0.6845014,-0.009985422,0.32134596,0.70533365,-0.014630177,0.2944406,0.6815039,-0.010168731,0.35064813,0.6750647,-0.01528397,0.34915754,0.7066458,-0.01871616,0.33300117,0.723097,-0.022176234,0.32388085,0.69838244,-0.022808362,0.3741741,0.7028241,-0.023195412,0.36700752,0.73440534,-0.019931221,0.34859702,0.74668324,-0.020234477,0.35489672,0.72445047,-0.035886493,0.38954625,0.7400026,-0.033305436,0.3793043,0.7702854,-0.028416635,0.36190704,0.7812624,-0.02603413,fist
0.29059353,0.87354416,-2.3202799e-07,0.29184213,0.7984041,0.0032615038,0.3095426,0.7258145,-0.0021978363,0.3454726,0.685297,-0.010265001,0.37403524,0.6685937,-0.014296749,0.26724297,0.67520714,0.005190888,0.34148318,0.66207683,-0.0073674475,0.34157282,0.6974093,-0.01619925,0.3253337,0.7115234,-0.023644615,0.28245226,0.67829645,-0.0058895815,0.36113644,0.68086356,-0.015826933,0.35384572,0.71770716,-0.018835777,0.33438274,0.72811747,-0.022031013,0.30436173,0.69228673,-0.018287128,0.3775134,0.7030087,-0.023201318,0.36468852,0.73879427,-0.018873062,0.34257486,0.74600804,-0.018271705,0.33102134,0.71532977,-0.031853106,0.38148975,0.73563564,-0.03152117,0.3695659,0.7672117,-0.02777528,0.3500975,0.7736781,-0.02681318,fist
0.29788017,0.8752179,-2.272592e-07,0.35294378,0.810738,0.0013738425,0.36716735,0.75093293,-0.0031215043,0.37823388,0.7066698,-0.010918611,0.37937868,0.66544974,-0.014723588,0.2835125,0.67234105,0.010474912,0.35843506,0.66714144,-0.006660809,0.3614925,0.7104776,-0.019324355,0.34517592,0.73011214,-0.028210962,0.27540237,0.67574674,0.00016756867,0.36470374,0.6750588,-0.0148533145,0.3651917,0.7227256,-0.018131709,0.34863567,0.73851156,-0.019544676,0.2795626,0.6913057,-0.012809013,0.3674829,0.69713956,-0.025201635,0.36433753,0.74186194,-0.020711163,0.34531957,0.7568635,-0.017326007,0.29303506,0.71529406,-0.026964774,0.36149368,0.72883695,-0.03384709,0.3596288,0.7631825,-0.03204468,0.34391072,0.7732453,-0.030598357,fist
0.3031116,0.8858452,-4.0062054e-07,0.34794644,0.84413165,-0.010779355,0.37578717,0.7808199,-0.017775761,0.39689314,0.72158515,-0.025976423,0.38576257,0.6731635,-0.0279554,0.31255096,0.68710047,0.012650293,0.37242818,0.6769681,-0.013051878,0.36972436,0.73460674,-0.028188707,0.34730574,0.74474436,-0.036505844,0.2958052,0.6849747,0.00674863,0.36348644,0.6799093,-0.018607154,0.36027193,0.7437949,-0.024196237,0.33962902,0.74623185,-0.023428734,0.28371713,0.69480956,-0.004374532,0.35254782,0.6953896,-0.02964089,0.34854326,0.75349134,-0.024831105,0.3244455,0.75807124,-0.016446335,0.27680784,0.7115941,-0.017109629,0.3347936,0.7176861,-0.031065142,0.33215812,0.75762534,-0.027605202,0.3102286,0.7632981,-0.0216907,fist
0.29712963,0.8815597,-3.2643837e-07,0.3496894,0.8461617,-0.014031519,0.3855293,0.78362745,-0.01956401,0.40387362,0.7179591,-0.026752384,0.38826004,0.6710664,-0.028738039,0.34958476,0.7118117,0.01348701,0.38173792,0.6820122,-0.013080047,0.37882656,0.735355,-0.024375714,0.36051816,0.7513189,-0.027587574,0.32459122,0.7070274,0.009926908,0.36010486,0.67578393,-0.018829597,0.357585,0.74516207,-0.022677438,0.33765513,0.75188303,-0.017103698,0.298986,0.70910186,0.00012962273,0.33794108,0.6926017,-0.033856362,0.33621493,0.76009464,-0.028464325,0.31346178,0.7671523,-0.015217728,0.2714224,0.71683043,-0.01055131,0.3139163,0.7108888,-0.030115256,0.31384376,0.7579345,-0.024942087,0.2921907,0.7665759,-0.015511082,fist
0.29523715,0.8741953,-2.7578162e-07,0.35243833,0.8470508,-0.016236527,0.39371163,0.7826233,-0.021214519,0.40992045,0.714143,-0.026116248,0.38971302,0.6710551,-0.025878232,0.35960522,0.72091794,0.0012708632,0.38564068,0.68700296,-0.021388259,0.38355637,0.73833734,-0.026310341,0.36652026,0.7480362,-0.026272213,0.33304292,0.7135035,-0.0010996074,0.36407104,0.67668164,-0.029766226,0.36122632,0.74958307,-0.031248676,0.3427917,0.751955,-0.024428422,0.30497667,0.71439904,-0.008234564,0.3360056,0.68926513,-0.04440506,0.33507094,0.761067,-0.03607865,0.3132983,0.7645553,-0.021012813,0.27213413,0.7209531,-0.015696082,0.30664158,0.7115898,-0.03971553,0.30806023,0.75976485,-0.032921888,0.2865805,0.7642492,-0.022054955,fist
0.2938669,0.865616,-3.0798577e-07,0.3481351,0.85297954,-0.018288247,0.39744902,0.78584164,-0.022649027,0.41198003,0.71119773,-0.025346685,0.39067113,0.6676288,-0.023131734,0.36905822,0.72755396,-0.0061955415,0.39232633,0.69063276,-0.025828116,0.38661638,0.74245495,-0.029035067,0.3710849,0.74717534,-0.02914896,0.3394454,0.7199188,-0.006103258,0.36370608,0.6807405,-0.031600628,0.36049715,0.7540304,-0.031846378,0.34575662,0.7529253,-0.02603385,0.3090102,0.7212029,-0.0097548235,0.33184686,0.68848795,-0.042242102,0.33386564,0.76048493,-0.031043742,0.31646904,0.7650414,-0.016141156,0.27246273,0.7249635,-0.013808031,0.3004628,0.71051306,-0.036089826,0.30603436,0.7590086,-0.027610034,0.28928912,0.76388466,-0.016615806,fist
0.29572704,0.86283207,-3.1808233e-07,0.34714872,0.8571819,-0.01825862,0.3998273,0.78614384,-0.021396404,0.4142673,0.7095727,-0.022302361,0.39024028,0.6674829,-0.018203381,0.3768127,0.7299114,-0.0068340125,0.39444953,0.6921724,-0.025544157,0.38687122,0.74079895,-0.029118191,0.37312233,0.7487955,-0.029335896,0.34586728,0.7226243,-0.006202278,0.3645582,0.68251956,-0.030021591,0.36025676,0.7545033,-0.030087652,0.34923697,0.7540215,-0.024192233,0.31416398,0.72374445,-0.009093488,0.33034617,0.68903476,-0.039289743,0.33248642,0.76030475,-0.02754177,0.31923208,0.7641806,-0.012850314,0.2771399,0.72672427,-0.012473706,0.29808244,0.70979697,-0.03357938,0.30225545,0.75883406,-0.024600603,0.28853285,0.76279,-0.013563795,fist
0.29558206,0.864058,-2.9329135e-07,0.34810746,0.8578636,-0.01785239,0.40157914,0.7876181,-0.020870546,0.41522256,0.7101712,-0.021999553,0.3907331,0.6682228,-0.018345254,0.38074166,0.7339164,-0.003218517,0.39627776,0.69755745,-0.022244042,0.3880512,0.7417336,-0.026989218,0.37390953,0.7499047,-0.0277801,0.34883785,0.72463083,-0.0030267434,0.36589262,0.68365705,-0.02541012,0.3607432,0.7531883,-0.02545986,0.3506716,0.7526152,-0.019540856,0.31612337,0.7241886,-0.0068521914,0.33059824,0.6896822,-0.03658307,0.3314571,0.75963324,-0.025853176,0.31930757,0.7618953,-0.011698502,0.27841273,0.727245,-0.0112241795,0.2979839,0.7104413,-0.031864643,0.30040422,0.75755554,-0.023360688,0.2872718,0.7593111,-0.0127397515,fist
0.29553783,0.8620576,-2.9401554e-07,0.346325,0.8591534,-0.017110854,0.40086025,0.7899253,-0.020107742,0.41454634,0.71176517,-0.021135757,0.3909086,0.6695087,-0.017159494,0.382437,0.7369276,-0.0052890554,0.39807934,0.69580364,-0.024039874,0.388153,0.74065995,-0.027561251,0.37478438,0.74867064,-0.027683089,0.35033453,0.72705716,-0.0052898675,0.36728203,0.68297124,-0.027381739,0.36007446,0.75390697,-0.025941305,0.35090113,0.7529623,-0.01911646,0.31744677,0.726065,-0.009037891,0.33080292,0.6890736,-0.037753712,0.33001104,0.75997376,-0.025209203,0.3186643,0.7630632,-0.010216201,0.27952713,0.7270324,-0.013320103,0.29706296,0.70992357,-0.033198845,0.29956052,0.7579113,-0.02412915,0.28859395,0.7599774,-0.013317215,fist
0.29606736,0.858932,-3.1130372e-07,0.3448993,0.86315405,-0.016722374,0.39987594,0.79150766,-0.019035183,0.41479537,0.7112801,-0.01935623,0.39169422,0.66838235,-0.014462797,0.3852172,0.7355087,-0.006401243,0.39770558,0.68819046,-0.025434459,0.38861737,0.737251,-0.029386343,0.37860644,0.7481419,-0.029939594,0.3521823,0.72588956,-0.006033647,0.3658272,0.6808002,-0.02674792,0.3587632,0.754893,-0.023928737,0.35218337,0.75301796,-0.016731923,0.31872767,0.7256216,-0.009440775,0.32934195,0.6879506,-0.036242504,0.32903984,0.75993764,-0.021814076,0.31976697,0.76365083,-0.006372378,0.28074837,0.7250602,-0.0135314725,0.2960237,0.70828384,-0.03221813,0.29860666,0.75847346,-0.022290286,0.28938267,0.7621616,-0.011267242,fist
0.29652274,0.8600881,-3.058528e-07,0.34412664,0.86161554,-0.018280422,0.39851794,0.790549,-0.02119974,0.41343433,0.71040225,-0.022294968,0.39006844,0.667562,-0.017932573,0.38718873,0.732851,-0.00454434,0.39789253,0.686816,-0.024456814,0.38841075,0.7343288,-0.0293303,0.37959042,0.7461573,-0.030228391,0.35261244,0.7235354,-0.004197293,0.36503792,0.6816851,-0.025590358,0.3578118,0.75518954,-0.023269039,0.35309854,0.7522473,-0.016128015,0.31847778,0.72421384,-0.008168763,0.32795507,0.6884153,-0.03668534,0.32748258,0.7600435,-0.023163913,0.31989926,0.7618866,-0.007699117,0.28034613,0.7256027,-0.013033311,0.29447377,0.7095675,-0.032656137,0.29664764,0.75921994,-0.022885475,0.28786528,0.7618463,-0.011617445,fist
0.295844,0.8605938,-3.1089544e-07,0.3436968,0.8619335,-0.01841078,0.39808556,0.79074454,-0.021316865,0.41264087,0.7097187,-0.022505248,0.3893127,0.666847,-0.018092625,0.38797086,0.7335237,-0.0030571867,0.3991145,0.6870436,-0.023490174,0.38901785,0.73368305,-0.028629703,0.37971294,0.74495393,-0.029508945,0.3529793,0.723815,-0.002831065,0.3655758,0.6812889,-0.025246877,0.35795343,0.75464165,-0.023366185,0.35321197,0.75144464,-0.016045284,0.31853724,0.7242487,-0.0070973467,0.32762387,0.6885077,-0.036387086,0.32708034,0.75987756,-0.022995852,0.31984028,0.76096874,-0.0072356868,0.28023013,0.7253432,-0.012290844,0.2938186,0.7095246,-0.031997655,0.29606718,0.75950265,-0.022065975,0.28782728,0.76189315,-0.010511115,fist
0.2954497,0.86186075,-3.1090954e-07,0.3436543,0.86237234,-0.018324109,0.39846528,0.7905903,-0.021173496,0.41272002,0.7096478,-0.022369366,0.38877454,0.66675484,-0.017925708,0.38765082,0.73343235,-0.0026986778,0.39891434,0.68631816,-0.02289876,0.388713,0.73367894,-0.02798693,0.37938458,0.7447184,-0.028946498,0.3527182,0.7238763,-0.0026166518,0.3654225,0.6808831,-0.024959775,0.357802,0.75492996,-0.023266884,0.3529911,0.75161123,-0.016113807,0.31838983,0.7245573,-0.0069866967,0.32756156,0.68796617,-0.03627138,0.32713255,0.7602365,-0.022917463,0.3197447,0.7614339,-0.0071869367,0.28013167,0.7255561,-0.012265459,0.29392266,0.7091706,-0.031977396,0.29612008,0.7596464,-0.021916686,0.2876393,0.7622898,-0.010272407,fist
0.29443294,0.8624199,-3.1055808e-07,0.34297198,0.86307937,-0.018193826,0.3980031,0.79100645,-0.02101888,0.41319114,0.7097946,-0.022365004,0.38881484,0.66688067,-0.018057674,0.38767684,0.7337611,-0.0013548961,0.3994578,0.686811,-0.022024708,0.38917366,0.73345476,-0.027545122,0.37940747,0.74464625,-0.028599963,0.35280174,0.7240134,-0.0013327041,0.36569792,0.68054813,-0.02413114,0.35796282,0.75468737,-0.022589842,0.3531834,0.7513789,-0.015245606,0.31843975,0.72432196,-0.0058994666,0.32756755,0.6877448,-0.03553879,0.32709482,0.7601898,-0.022103889,0.31990826,0.76166356,-0.0060672243,0.28009027,0.72492516,-0.011398323,0.2936707,0.70884037,-0.031195246,0.29573944,0.75946563,-0.021108873,0.28758836,0.76220775,-0.009312768,fist
0.29391313,0.8624074,-3.1044496e-07,0.3426419,0.8631235,-0.01843858,0.39820153,0.790742,-0.021430219,0.41367882,0.70932424,-0.022880841,0.38889804,0.6657659,-0.018651336,0.38696375,0.7322597,-0.0020741248,0.3989008,0.68543446,-0.022590749,0.3891343,0.7328957,-0.027865747,0.37880188,0.7440372,-0.028785134,0.3519191,0.72251356,-0.0020262578,0.36506525,0.6801898,-0.02444202,0.35765883,0.7555585,-0.022524368,0.3523944,0.75152856,-0.015066605,0.31744736,0.7231398,-0.0065705264,0.3270389,0.6872564,-0.035975765,0.3271081,0.7606431,-0.022434501,0.31905273,0.76153857,-0.006480441,0.2790613,0.72413707,-0.012071001,0.29355887,0.7085296,-0.031989448,0.29581758,0.75932723,-0.02193576,0.28654855,0.76166576,-0.010182647,fist
0.2924315,0.8620908,-3.088878e-07,0.34116656,0.8619466,-0.01775406,0.39691523,0.79050946,-0.020957824,0.41328412,0.71011364,-0.022762788,0.38915837,0.6655168,-0.019177897,0.38516808,0.73101276,-0.0033569406,0.39805987,0.6855868,-0.023287352,0.3880751,0.73332226,-0.027978726,0.37733698,0.74395996,-0.028704613,0.35036284,0.7209008,-0.0036187035,0.36507338,0.6790223,-0.026341312,0.35743564,0.75330645,-0.024793448,0.35089964,0.7504388,-0.017715583,0.31588206,0.721932,-0.008056274,0.32664132,0.6860378,-0.03749481,0.32655,0.7588516,-0.024138844,0.3175258,0.7607617,-0.008418075,0.2773838,0.7235376,-0.013302472,0.2929418,0.7081572,-0.033276945,0.2952858,0.75815475,-0.023374053,0.2854254,0.7603212,-0.0118178455,fist
0.2913739,0.86038107,-3.0754003e-07,0.34150323,0.8611923,-0.017290067,0.39691988,0.7888262,-0.020065587,0.41303164,0.70827305,-0.02130991,0.38914356,0.66409385,-0.017311051,0.3824152,0.72916543,-0.0048941546,0.39533782,0.6840962,-0.024637002,0.3874035,0.7312947,-0.028758636,0.37635377,0.74351853,-0.02898524,0.34809887,0.7195765,-0.005057101,0.36263254,0.67730486,-0.027340481,0.3563728,0.7520056,-0.02503458,0.3494384,0.75064486,-0.0175755,0.31385934,0.7203948,-0.009235795,0.3249034,0.6851191,-0.03852013,0.32538122,0.75834864,-0.024887074,0.3155768,0.7615912,-0.009065794,0.2754268,0.72240776,-0.014124335,0.29156613,0.7066888,-0.034405746,0.29416472,0.7568594,-0.024643946,0.28363025,0.7598004,-0.01319567,fist
0.2890523,0.8622989,-3.01233e-07,0.3397573,0.85947764,-0.0183455,0.3961297,0.7884857,-0.021679386,0.41239303,0.70904934,-0.023119735,0.3893069,0.66298795,-0.019307109,0.38021415,0.7276726,-0.0064003863,0.39507914,0.68570566,-0.026039528,0.3866669,0.7332565,-0.030077005,0.3731535,0.7433218,-0.030347569,0.34615365,0.7184251,-0.006147238,0.3620637,0.6765929,-0.028238084,0.35643104,0.7503795,-0.02653548,0.34764913,0.74838847,-0.019782444,0.31156957,0.71950686,-0.00987229,0.32459906,0.6848029,-0.039635878,0.32565987,0.75826955,-0.0273475,0.31382763,0.76008695,-0.012475068,0.27254233,0.72275054,-0.014237174,0.29163137,0.70850074,-0.035329845,0.29456258,0.75785524,-0.026476178,0.28198212,0.7591979,-0.015647806,fist
0.2884938,0.8637503,-2.9491022e-07,0.34040955,0.8600415,-0.01907752,0.39595664,0.7880519,-0.023019146,0.4132722,0.7083097,-0.024665514,0.38913336,0.6622001,-0.021066936,0.37583852,0.7261343,-0.009526953,0.39282554,0.68393123,-0.029479295,0.38550326,0.73466885,-0.03281923,0.37107807,0.74473166,-0.03251049,0.3432292,0.71780986,-0.009011137,0.36143225,0.67526215,-0.031106522,0.35620877,0.7505349,-0.02894015,0.34552696,0.74809295,-0.022005966,0.30942285,0.7186738,-0.012370703,0.32525587,0.68451697,-0.042402916,0.32601765,0.75943285,-0.030135546,0.3125794,0.76043826,-0.015376296,0.2707706,0.72188926,-0.016287502,0.29253587,0.7077567,-0.037864067,0.2956331,0.75784636,-0.029092314,0.28179407,0.75927114,-0.018349232,fist
0.2931933,0.8679811,-2.3535326e-07,0.34812462,0.85605496,-0.018174795,0.39945507,0.78089595,-0.022468966,0.41374135,0.704495,-0.024975663,0.38833427,0.6626816,-0.0223871,0.3704299,0.71735007,-0.007634823,0.3887124,0.6796634,-0.028542196,0.38725665,0.73194396,-0.033039868,0.37315667,0.7452594,-0.032911833,0.33865786,0.7112465,-0.008301216,0.36090648,0.6723162,-0.03172137,0.36058706,0.7473742,-0.03159678,0.3474261,0.74875224,-0.025585335,0.3057648,0.71373695,-0.012970252,0.32720807,0.68496585,-0.044714775,0.33045918,0.759193,-0.035206906,0.31424436,0.760108,-0.021514513,0.26870358,0.7210513,-0.018011792,0.29620883,0.7083351,-0.040454045,0.29975924,0.756471,-0.032526165,0.28197855,0.7576814,-0.02201399,fist
0.31015575,0.87966967,-1.8035949e-07,0.36242357,0.84436136,-0.010736495,0.3956224,0.77181387,-0.015525119,0.41054374,0.7078057,-0.021835012,0.39168417,0.6638101,-0.023278357,0.34892175,0.70129424,0.0041243136,0.37782198,0.67193896,-0.0214638,0.38053682,0.73014534,-0.030795569,0.36593172,0.7450022,-0.032717317,0.32438782,0.69762105,-0.0014217334,0.36074936,0.6706268,-0.028178226,0.36249423,0.74632865,-0.030377071,0.34539938,0.7518185,-0.02518201,0.2986207,0.7022367,-0.01153869,0.33784485,0.68747044,-0.04550537,0.33850133,0.76025087,-0.037391588,0.31778327,0.76491725,-0.02300083,0.27130783,0.7143428,-0.02171339,0.31586114,0.7084431,-0.04300108,0.31803462,0.757141,-0.034079265,0.29604164,0.7645223,-0.02190828,fist
0.31409687,0.88798165,-2.5063747e-07,0.3614962,0.8335371,0.0014445666,0.38349134,0.7678475,-0.0024606741,0.40085018,0.7128159,-0.011154138,0.39178318,0.66492295,-0.015160987,0.31923524,0.6842358,0.020719733,0.37367937,0.6676891,-0.0063486146,0.3749502,0.72512245,-0.022520237,0.35755992,0.7430163,-0.0298789,0.30015463,0.6853293,0.00865291,0.3667698,0.6725124,-0.017792052,0.36578596,0.73937964,-0.023050467,0.3453044,0.7507412,-0.020755695,0.286151,0.69513524,-0.007842733,0.35553432,0.6915106,-0.03530298,0.3528855,0.7558468,-0.028472172,0.3293352,0.76582134,-0.017042113,0.27787927,0.7140506,-0.024582427,0.34005883,0.7148095,-0.039637435,0.33896816,0.76046777,-0.032292154,0.31616145,0.77137685,-0.02257474,fist
0.3141592,0.8828187,-2.715329e-07,0.36136892,0.8250166,0.00063841644,0.38149118,0.76558983,-0.004663684,0.3969339,0.7147436,-0.014206897,0.39186233,0.6665429,-0.019029709,0.30340117,0.67795074,0.01575546,0.36997285,0.65885013,-0.009423527,0.37676173,0.7135195,-0.024621658,0.36311445,0.73777425,-0.032146994,0.2871719,0.67814416,0.0041373265,0.36852795,0.6691682,-0.019983204,0.3686938,0.73363245,-0.02418543,0.34973466,0.7513344,-0.0220421,0.28052777,0.69076145,-0.011526459,0.3628855,0.69457036,-0.03462628,0.35845795,0.75468034,-0.029068775,0.336051,0.76915056,-0.020159496,0.28249085,0.71183634,-0.027930904,0.35017717,0.720813,-0.040165283,0.34769222,0.76231337,-0.035521943,0.32749778,0.77416945,-0.028801955,fist
0.30843595,0.87741256,-3.2319574e-07,0.36032695,0.81244504,0.0044206525,0.37666544,0.75497395,0.0013997117,0.3900169,0.70875883,-0.0061166734,0.3895165,0.6638411,-0.009806634,0.29190555,0.6732743,0.018534526,0.36556718,0.6630286,-0.0017239227,0.3697327,0.71458185,-0.017193442,0.3535633,0.7386366,-0.027079895,0.28115112,0.6742749,0.005584867,0.36911303,0.6694447,-0.014155522,0.367931,0.72709256,-0.02105676,0.3491518,0.7468132,-0.02275958,0.2814968,0.6876712,-0.010277395,0.3690064,0.69402856,-0.027148692,0.3644233,0.7483907,-0.024429642,0.34247786,0.7647353,-0.019938968,0.2903174,0.70958245,-0.026932284,0.3583099,0.7228761,-0.03574573,0.354872,0.76253146,-0.033335917,0.33586046,0.7736253,-0.02996322,fist
0.30275953,0.87221485,-2.7922096e-07,0.35172683,0.80352557,0.0063196565,0.36565697,0.74806404,0.0027399783,0.3806434,0.70575607,-0.005469542,0.38513896,0.66174126,-0.009839626,0.28294513,0.6723147,0.017013777,0.3593306,0.6606996,0.00011910596,0.3630774,0.7047695,-0.011952659,0.3471144,0.7228998,-0.020069987,0.27782935,0.67413616,0.003538492,0.36876735,0.67160076,-0.010752583,0.36588004,0.72188246,-0.013494767,0.3461697,0.7356041,-0.014268173,0.28338706,0.68878025,-0.012627811,0.37228277,0.69571155,-0.023376675,0.36587706,0.74328995,-0.019124344,0.34396112,0.75398105,-0.016443335,0.2976937,0.71051496,-0.02972216,0.36615074,0.7278212,-0.03437132,0.3607249,0.76467186,-0.032614704,0.34163228,0.77175874,-0.031639215,fist
0.3008232,0.8679596,-2.8828697e-07,0.34381586,0.8022181,0.008227441,0.3586749,0.7453252,0.005381546,0.37440273,0.70136845,-0.002079121,0.38001794,0.660903,-0.0058567766,0.27844545,0.6750584,0.016870609,0.354839,0.66082335,0.0025617937,0.35677162,0.70268434,-0.008445675,0.3396159,0.72085726,-0.016512586,0.2768932,0.6748949,0.003238657,0.36671263,0.6749661,-0.008316689,0.3618282,0.72029597,-0.011038164,0.34150803,0.7342169,-0.013116941,0.28600818,0.68751377,-0.012486696,0.3731127,0.69608366,-0.0200518,0.36405474,0.740106,-0.01655419,0.34097663,0.75153244,-0.015900819,0.30405283,0.70641756,-0.028984398,0.3701607,0.7271209,-0.032133337,0.36138308,0.7639842,-0.03140876,0.34016722,0.7724122,-0.03211139,fist
0.29358026,0.86225146,-2.290448e-07,0.3099587,0.8015106,0.0060617398,0.3292812,0.73873794,0.0012839945,0.35986906,0.69409186,-0.006692695,0.3795157,0.6612602,-0.011247211,0.2711847,0.67458975,0.006549168,0.3463946,0.6527762,-0.005120886,0.34923258,0.69372517,-0.013090479,0.33427185,0.71308374,-0.0197692,0.27680203,0.6750537,-0.005468455,0.361043,0.6694708,-0.012916706,0.3565398,0.7107083,-0.013443961,0.339265,0.72571653,-0.015757581,0.2907955,0.68846965,-0.018686287,0.3722015,0.69175905,-0.02189491,0.36195242,0.733878,-0.016266854,0.3403802,0.747632,-0.015923806,0.31221208,0.7088576,-0.03293554,0.37384737,0.7289501,-0.032412853,0.36486596,0.76596415,-0.0298438,0.3450757,0.7766855,-0.030380433,fist
0.28919506,0.8621536,-2.460818e-07,0.2855456,0.79291195,0.012655092,0.3039402,0.726586,0.00862225,0.3415163,0.6842112,6.115791e-05,0.3710633,0.65887195,-0.005764682,0.2664471,0.67252153,0.0076813214,0.33770204,0.6483269,-0.0023586,0.34145087,0.6876641,-0.008461485,0.32854125,0.70716244,-0.013802993,0.27835372,0.6749088,-0.0078065875,0.35515815,0.6694539,-0.012829815,0.3510601,0.70909643,-0.012631941,0.3340302,0.72513807,-0.0144491615,0.29702535,0.68974996,-0.023473892,0.36990154,0.6946616,-0.024991313,0.36004072,0.7362268,-0.019053534,0.33896384,0.7503641,-0.018112672,0.32160032,0.71255296,-0.039387725,0.37687027,0.7329961,-0.036875214,0.3682357,0.7686376,-0.032308217,0.34932798,0.77982706,-0.031062359,fist
0.28357032,0.8636888,-1.9219199e-07,0.26828113,0.78735197,0.009157228,0.28268203,0.7156069,0.0034914494,0.32234868,0.6768289,-0.005608323,0.3584134,0.66547585,-0.011873517,0.25361222,0.6713464,-0.00046907962,0.32210666,0.6465418,-0.009284214,0.32780117,0.6820099,-0.013775198,0.31773403,0.70195085,-0.018703729,0.27593914,0.6773389,-0.014992613,0.34531122,0.6684154,-0.021685887,0.34242612,0.70398647,-0.02395926,0.32691225,0.7190381,-0.027078131,0.3034062,0.6931943,-0.028866848,0.36618933,0.6949002,-0.031516522,0.3567792,0.73243016,-0.027342213,0.33662215,0.7437376,-0.027252369,0.33412808,0.71654034,-0.04295462,0.37872452,0.7336261,-0.04257517,0.36828777,0.7686648,-0.03824882,0.34944555,0.7786636,-0.036519088,fist
0.27905187,0.8613783,-1.7195377e-07,0.25525665,0.7835691,0.006454509,0.26339236,0.7122905,0.0019293182,0.29836547,0.67721003,-0.0046979957,0.3339351,0.6740045,-0.008873914,0.24714544,0.6661863,-0.0049604643,0.3059607,0.64143234,-0.010306125,0.31258327,0.6736001,-0.012125165,0.30359322,0.693996,-0.01496582,0.27692506,0.67533743,-0.015641287,0.33335763,0.6638256,-0.01769239,0.33339214,0.69558126,-0.017787276,0.3212584,0.71306103,-0.019525731,0.31013906,0.6939719,-0.025259513,0.3569919,0.6951713,-0.023338461,0.3501074,0.72594243,-0.018848773,0.3339078,0.7402284,-0.018748991,0.3435103,0.720109,-0.035138384,0.37261274,0.7336676,-0.031103691,0.36292505,0.762263,-0.025663905,0.34780046,0.7730775,-0.02298078,fist
0.27271485,0.8633939,-2.1982693e-07,0.24708876,0.7820319,0.007264613,0.25472867,0.7119745,0.0019508726,0.28729683,0.67620265,-0.005599906,0.3207551,0.66790235,-0.010608054,0.2380079,0.665356,-0.005874395,0.2922936,0.637946,-0.01300635,0.29877868,0.6718001,-0.016790548,0.28657055,0.6939128,-0.020408232,0.27200365,0.6751221,-0.017385263,0.3223538,0.6612945,-0.01973139,0.3236977,0.6934133,-0.020909503,0.30975133,0.71289635,-0.023466552,0.30854365,0.69428444,-0.027686985,0.34903765,0.6916913,-0.025990184,0.34449634,0.7226431,-0.020888057,0.32803923,0.7398685,-0.02029058,0.34346628,0.7214751,-0.038127333,0.36719355,0.730963,-0.034090314,0.35864025,0.7588819,-0.027222218,0.3439358,0.7720469,-0.02323862,fist
0.2693652,0.86511195,-2.4593996e-07,0.2409807,0.7827782,0.009441299,0.2471033,0.7133698,0.005558272,0.2773301,0.67586243,-0.0007010094,0.30935404,0.66630113,-0.004648873,0.23296607,0.6652528,-0.0043143393,0.28439215,0.63660705,-0.00892648,0.29094583,0.66896576,-0.010843411,0.2787801,0.69150704,-0.012907298,0.269505,0.67520565,-0.015673917,0.31441945,0.6585562,-0.01483042,0.31581104,0.6902203,-0.014298668,0.3018156,0.71163464,-0.015821733,0.30764106,0.6948404,-0.02535234,0.34091884,0.68786454,-0.020964539,0.3376421,0.7179008,-0.014920883,0.32236633,0.7374937,-0.013765124,0.34258884,0.72208935,-0.034841977,0.35960522,0.72588366,-0.028195648,0.35177827,0.7518348,-0.019645285,0.33821043,0.76669514,-0.014461851,fist
0.26672253,0.86726505,-2.5575537e-07,0.23727582,0.78411925,0.011086159,0.24278226,0.7136265,0.008725053,0.27151787,0.6769967,0.0034501152,0.30286214,0.6682303,0.00048417746,0.22920191,0.6654624,0.00010381164,0.27843627,0.63463944,-0.0032935436,0.2856822,0.66650087,-0.0044496767,0.27430204,0.689622,-0.005812284,0.26614726,0.67529625,-0.011627826,0.3099273,0.6573231,-0.009479243,0.311528,0.6895142,-0.008624304,0.2976388,0.711639,-0.009818073,0.30458292,0.694584,-0.021728007,0.33724704,0.6862916,-0.01629857,0.3341524,0.7167113,-0.010063041,0.31921306,0.7371301,-0.008745788,0.3394481,0.721668,-0.03155076,0.3561737,0.7240056,-0.023918677,0.34811145,0.75027454,-0.0147946095,0.3345327,0.76597315,-0.009201282,fist
0.2650659,0.8695878,-2.6994374e-07,0.2375654,0.7846483,0.011272807,0.24343506,0.71351826,0.008436595,0.2714466,0.6764464,0.0024488969,0.30124313,0.66802585,-0.0011807072,0.22712466,0.6646745,0.0011846476,0.27863923,0.63514495,-0.0035745604,0.28508103,0.66831255,-0.0066625443,0.27247384,0.69200027,-0.009458623,0.26376003,0.6742265,-0.01106452,0.30887735,0.65721095,-0.009862395,0.31056434,0.68918365,-0.010219914,0.29667878,0.7113233,-0.0123587055,0.30246618,0.6931031,-0.021844221,0.33625203,0.6867984,-0.016781602,0.33323196,0.7171933,-0.011174003,0.3181771,0.7373182,-0.010418289,0.33808297,0.7195062,-0.032491956,0.35587126,0.7246397,-0.024802262,0.34835434,0.7513326,-0.01610457,0.33502647,0.76703435,-0.010964512,fist
0.26592764,0.87191904,-2.8828293e-07,0.23847549,0.7868786,0.012207752,0.2436943,0.7150159,0.010328794,0.27119997,0.67862904,0.0052436125,0.29975095,0.67247117,0.0023470789,0.22817017,0.6645816,0.0028067038,0.27951273,0.63545406,-0.00092160434,0.28513104,0.66869265,-0.0038680169,0.2719257,0.6917998,-0.0067367842,0.2657847,0.6749014,-0.009528092,0.30971482,0.6572141,-0.007340898,0.31068704,0.68949825,-0.0077821775,0.29640186,0.7120669,-0.010084813,0.3050153,0.6944461,-0.020231396,0.33646333,0.688258,-0.013985084,0.33303288,0.71841854,-0.008652682,0.31799814,0.73857623,-0.008279622,0.3406118,0.72132236,-0.030723792,0.35581854,0.7261921,-0.021994986,0.3479274,0.752511,-0.013193026,0.3350444,0.76815104,-0.008149755,fist
0.26851302,0.87431335,-2.924102e-07,0.23978974,0.7898518,0.013215195,0.2436282,0.71903527,0.0127274385,0.26911932,0.68271834,0.009138965,0.29747596,0.6757192,0.0074299676,0.23303431,0.6651542,0.0039807395,0.28016424,0.63519275,0.0030524132,0.28600928,0.66697997,0.0023393563,0.27360865,0.69023186,0.0011228169,0.2717685,0.6764715,-0.0075532827,0.3103555,0.65516627,-0.0020931507,0.3122252,0.6854559,-0.0007485707,0.29970738,0.70941085,-0.0020654784,0.3111808,0.6970709,-0.017140517,0.33727255,0.68598133,-0.008251581,0.33480412,0.71421075,-0.0022104073,0.32157037,0.73621064,-0.0016303268,0.3462938,0.7248476,-0.026314791,0.35750037,0.7236328,-0.015571618,0.35017687,0.7484967,-0.0056817485,0.33884728,0.76583385,9.205459e-05,fist
0.2737508,0.87625754,-2.9480103e-07,0.24203026,0.7901145,0.014613496,0.24588417,0.718902,0.016021647,0.27135122,0.6816937,0.014158251,0.2994415,0.6733579,0.014029879,0.23717482,0.6658782,0.008149472,0.28038716,0.6360686,0.009464911,0.28566858,0.6658968,0.009477098,0.2743909,0.6886223,0.0089121265,0.27748582,0.6780517,-0.002640325,0.3099366,0.6559639,0.0058981935,0.3112295,0.68412924,0.007928338,0.30027106,0.7085772,0.0068825437,0.31742296,0.69961447,-0.011402181,0.33753258,0.68537796,0.0002589649,0.33539057,0.7116959,0.006507165,0.32385218,0.73450816,0.0070250374,0.3519308,0.7281054,-0.019585384,0.35863873,0.7221828,-0.006265725,0.35223565,0.74473816,0.004704127,0.34286603,0.76231086,0.011188741,fist
0.27807003,0.876941,-2.936511e-07,0.2445943,0.7913905,0.015673816,0.24684197,0.72181606,0.018064497,0.2708723,0.6881028,0.01690354,0.29847437,0.68160665,0.017188573,0.24154642,0.66699326,0.009909255,0.28119856,0.6377511,0.01209469,0.28709066,0.66566163,0.012807883,0.2768735,0.6879368,0.012752624,0.28161648,0.67836463,-0.0009951266,0.31130883,0.6559696,0.008537797,0.3130017,0.6834501,0.01132365,0.30282035,0.70854336,0.010726415,0.32100165,0.699865,-0.009882567,0.3396586,0.6846591,0.0026165124,0.337633,0.71050775,0.008984337,0.32647797,0.7337919,0.009385572,0.35477313,0.7289081,-0.018143313,0.36120963,0.72281826,-0.004682973,0.35506728,0.74510384,0.0060682395,0.34566167,0.7630252,0.012374765,fist
0.28240082,0.87674433,-2.8168964e-07,0.24818835,0.7930738,0.013438352,0.24958934,0.72295576,0.015151346,0.27300832,0.6873335,0.01371745,0.30012235,0.6794459,0.013899502,0.2447428,0.66890115,0.008006249,0.28322434,0.63889354,0.009036241,0.28916815,0.6654898,0.009094512,0.27986684,0.6874854,0.008779025,0.28508207,0.6805582,-0.0019988597,0.3135976,0.65802014,0.005947017,0.31506637,0.6840401,0.008204926,0.30548373,0.70893043,0.007654397,0.3243391,0.70203596,-0.010254177,0.34153828,0.68762726,0.00023075627,0.33939666,0.71231955,0.0061113415,0.32885328,0.7352188,0.006859784,0.35769236,0.7305543,-0.018014492,0.3637251,0.72460693,-0.0060998583,0.35796607,0.7456168,0.004087861,0.34924686,0.76288205,0.010390998,fist
0.29102516,0.8766849,-2.8495936e-07,0.25378284,0.7981646,0.011562053,0.25267607,0.7272666,0.012307462,0.27533033,0.6895222,0.010085753,0.30310836,0.68068534,0.009680164,0.24621134,0.672749,0.0080938,0.28223318,0.64044017,0.007839449,0.2877059,0.6666007,0.00635767,0.27868742,0.6902903,0.005222785,0.2862537,0.680963,-0.0011386148,0.31010664,0.65725625,0.0058223754,0.31149262,0.6820322,0.0067898477,0.3030538,0.7066812,0.0055202087,0.3259544,0.69857794,-0.00890707,0.3375468,0.68114126,0.00056373386,0.33676046,0.7056065,0.0061631454,0.32872066,0.7297985,0.0070847906,0.3602143,0.7233156,-0.016371006,0.3610093,0.7151227,-0.005342526,0.3563704,0.7373688,0.0050400654,0.35019553,0.75689447,0.0118490625,fist
0.30010334,0.8774397,-2.8237415e-07,0.2606804,0.7991775,0.009569945,0.25621146,0.728177,0.008547383,0.27865314,0.69137883,0.0043386943,0.30676845,0.6822272,0.0020351126,0.24870716,0.67748755,0.0063408054,0.28401983,0.6412061,0.0029226514,0.29045236,0.66778827,-0.0011892716,0.28110287,0.69140905,-0.0041898107,0.28771466,0.6829334,-0.0032915645,0.31230032,0.65882164,-0.0003980723,0.3140831,0.68598646,-0.001906395,0.30392644,0.7108204,-0.0044187484,0.32755104,0.6978589,-0.011875922,0.3403538,0.68016523,-0.00593993,0.34041354,0.70713866,-0.000987019,0.3314747,0.73209596,0.00012242257,0.36263078,0.7206228,-0.020389572,0.36470985,0.71366423,-0.012272975,0.3603191,0.73822945,-0.0026407035,0.353105,0.75898796,0.0040267156,fist
0.31226918,0.8744271,-2.761887e-07,0.27196595,0.7970386,0.008604219,0.26739106,0.72660047,0.007308241,0.29104957,0.6862339,0.0028394759,0.31961665,0.6730089,0.00066998426,0.2540679,0.6837284,0.0075791213,0.2892842,0.64095575,0.0038359424,0.29549384,0.668108,-0.00062519155,0.2865153,0.69217795,-0.0037373854,0.29146397,0.6859852,-0.0014377484,0.3166276,0.6588473,0.0017816996,0.31951377,0.6854753,-0.00015568375,0.3106428,0.7091734,-0.003244952,0.33064023,0.6961991,-0.009670794,0.3442034,0.6779814,-0.0035063038,0.34626797,0.7048781,0.0014217319,0.33889303,0.7298572,0.0024061496,0.36596867,0.71277666,-0.018028464,0.3686848,0.70374304,-0.009038922,0.36659044,0.7289125,0.0010817623,0.36126497,0.7503189,0.007819997,fist
0.32433403,0.874072,-2.8557415e-07,0.28295588,0.80064106,0.009454914,0.27759403,0.7306137,0.008919883,0.29978138,0.6890433,0.0050169607,0.32797405,0.67554486,0.0030274433,0.26226366,0.6897264,0.00843488,0.29350638,0.64313984,0.004475586,0.30086833,0.6697287,-0.0011819266,0.29346713,0.69434774,-0.005051522,0.29959384,0.68935645,-0.0007084324,0.321609,0.65881944,0.0045148334,0.32563433,0.68321776,0.003072195,0.318112,0.70582974,-0.0002528992,0.33896422,0.6974013,-0.009038829,0.3494566,0.6788703,-0.0007472908,0.35210615,0.70417,0.004598911,0.3457615,0.7282183,0.005198185,0.37412533,0.71214974,-0.017562129,0.37425,0.7030924,-0.0063119624,0.3726431,0.72707313,0.004778625,0.36852658,0.74764097,0.0116549255,fist
0.33458346,0.8747199,-2.830941e-07,0.29287615,0.803114,0.009287997,0.28804362,0.732637,0.008287418,0.30952236,0.68686223,0.004157038,0.33653015,0.6681981,0.0021461388,0.27005982,0.69477934,0.006391343,0.29999012,0.6423931,0.002327455,0.3078034,0.6693743,-0.002682123,0.30028382,0.69476765,-0.005887944,0.30702624,0.6943043,-0.0026125878,0.32759807,0.6580707,0.002942019,0.33249372,0.6821816,0.0022452206,0.32546425,0.70517397,-0.00073782826,0.34612063,0.7013542,-0.01066382,0.35564172,0.6785031,-0.0019924436,0.35899267,0.70298845,0.0042966316,0.35323328,0.7275191,0.005397817,0.38110805,0.71446455,-0.018853491,0.38032416,0.70047265,-0.0067839334,0.37963063,0.7228193,0.0052785454,0.37667102,0.7431514,0.012647244,fist
0.3401902,0.8774991,-3.06009e-07,0.29916084,0.8019699,0.010315317,0.29401442,0.7314277,0.009274173,0.31543374,0.6874611,0.004980653,0.34384033,0.6705009,0.0025021546,0.27923036,0.697125,0.003753666,0.30870542,0.6430599,0.00062198204,0.3164331,0.6716593,-0.003212855,0.30834404,0.6972006,-0.0058568153,0.31624243,0.6976419,-0.0058427765,0.33775637,0.6618111,0.00095903577,0.3423771,0.6865315,0.0009646646,0.3341643,0.7091142,-0.0021058847,0.35560492,0.70639056,-0.013954565,0.36603945,0.68202,-0.004632008,0.36939722,0.7064054,0.0020298786,0.36259604,0.7309081,0.0030443203,0.39056355,0.7216779,-0.021946004,0.39078408,0.7028148,-0.009792832,0.39060527,0.724744,0.00301147,0.38729522,0.74623996,0.010828267,fist
0.3480343,0.88007975,-2.9992268e-07,0.30688834,0.80553186,0.011959081,0.30042532,0.7373232,0.012091308,0.3211599,0.6955899,0.008162442,0.34870112,0.6785521,0.005972995,0.2871437,0.699804,0.009559962,0.31259918,0.64573723,0.006371064,0.32109332,0.6727337,0.0021151323,0.3149597,0.6985536,-0.0005216313,0.32207954,0.6984404,-0.00082815887,0.3412125,0.6610397,0.005232958,0.34646967,0.685684,0.004642127,0.33921003,0.7098392,0.001797648,0.3596764,0.7053455,-0.010101113,0.36865857,0.680393,-0.0013505374,0.37262422,0.7052502,0.0048171924,0.3669373,0.7304493,0.0059630936,0.39364082,0.71891123,-0.019249259,0.39322793,0.6994371,-0.0073961862,0.39379454,0.72139555,0.005149083,0.39141682,0.74296516,0.01303054,fist
0.35055423,0.8827894,-3.011151e-07,0.3106,0.8066299,0.012710051,0.30575132,0.73826295,0.0132262185,0.3264541,0.6966445,0.009809427,0.35307002,0.6790819,0.00800883,0.29297915,0.70009726,0.009238134,0.32019857,0.64854103,0.006801627,0.32866064,0.67413616,0.003079616,0.3221795,0.69915795,0.0006126903,0.3285216,0.6992706,-0.0011014983,0.3488187,0.66473556,0.0063497517,0.35427874,0.68813866,0.0065780333,0.3473055,0.7112636,0.0037997942,0.3663939,0.70715725,-0.010141917,0.37602252,0.68478274,-0.0003576334,0.37990093,0.70880884,0.006173089,0.37392157,0.7333313,0.0070962342,0.40051705,0.72202754,-0.01900273,0.40108484,0.70570093,-0.006980426,0.40104258,0.72758514,0.0052712886,0.3973986,0.74873954,0.012805092,fist
0.35247162,0.88435537,-2.9789604e-07,0.3143694,0.80809885,0.012146473,0.31040627,0.7397571,0.012780522,0.3317647,0.69869655,0.0095455265,0.35830986,0.68271476,0.008063304,0.2987541,0.6971057,0.010513515,0.3274762,0.6509883,0.008696973,0.33588895,0.676853,0.005179841,0.32944515,0.7012877,0.002640673,0.33414346,0.6978442,0.00033952607,0.35649237,0.6682333,0.007295475,0.3611945,0.6918343,0.006764277,0.3536301,0.714882,0.0037106618,0.3713834,0.7076491,-0.008661964,0.38344717,0.6901771,0.00050331804,0.38642251,0.71407086,0.005941446,0.37954393,0.7379461,0.0063395035,0.40470222,0.72427434,-0.017547786,0.40792498,0.712398,-0.006272326,0.40708762,0.7345055,0.0049347053,0.4022619,0.75520015,0.011855723,fist
0.35411456,0.88302505,-2.7405588e-07,0.31532845,0.8071139,0.0130303,0.31227687,0.73789847,0.015772847,0.33471712,0.6994219,0.014805402,0.36194298,0.6888826,0.015201551,0.30583197,0.6936543,0.013567863,0.3356858,0.6488281,0.01565551,0.34206253,0.67350906,0.014682963,0.3359096,0.6971171,0.013711598,0.34346095,0.6979324,0.004769125,0.363981,0.6687644,0.015543155,0.3661991,0.69112086,0.016537063,0.3592249,0.7141073,0.0141519895,0.38120753,0.7119175,-0.0026992944,0.39008746,0.6912964,0.009668465,0.3906461,0.7134902,0.014621598,0.38370928,0.7374868,0.014212671,0.4133853,0.7321927,-0.00976142,0.41307744,0.7167854,0.0037951472,0.4099306,0.737362,0.014866036,0.40493917,0.7583112,0.021335004,fist
0.35267234,0.8805007,-2.5597757e-07,0.31613538,0.8025125,0.009589595,0.3146394,0.73623663,0.009094984,0.33670875,0.6972756,0.0063228095,0.3642077,0.68620914,0.0054947105,0.30681744,0.692828,0.0014584943,0.34166273,0.6520238,0.0015138258,0.349115,0.67896914,0.002177623,0.34152973,0.702166,0.0024520943,0.34635004,0.7009199,-0.0068545802,0.37170476,0.6676537,1.7722345e-05,0.37538812,0.6916144,0.0026820037,0.36778587,0.7164028,0.0023268117,0.38507855,0.71778435,-0.0135021,0.3995109,0.6965437,-0.004399263,0.3998601,0.71915746,0.002061732,0.39147708,0.74254,0.003413105,0.417656,0.74126124,-0.019786105,0.42150298,0.72748804,-0.008217056,0.41740757,0.7471005,0.002879889,0.41062397,0.7658977,0.009558954,fist
0.3483558,0.8775303,-2.6158102e-07,0.32012853,0.7984426,0.0065838858,0.3250962,0.7297982,0.0016548791,0.3503151,0.68319786,-0.005300781,0.37474197,0.6612401,-0.009057445,0.30438632,0.69154805,-0.0042739064,0.3506537,0.65190274,-0.011977563,0.35888365,0.6838248,-0.015962264,0.3491659,0.7087727,-0.018648628,0.33718842,0.70016074,-0.014376002,0.37924573,0.6723349,-0.01681127,0.38358355,0.7031981,-0.017970178,0.37227482,0.725547,-0.020001406,0.3731645,0.7153324,-0.023424912,0.40662882,0.70116013,-0.022062836,0.40617925,0.73052055,-0.016015124,0.3937224,0.7504708,-0.014066696,0.40772268,0.7365299,-0.032601535,0.4269182,0.73521745,-0.027159113,0.4219664,0.7616563,-0.018579861,0.41141963,0.77688295,-0.013268231,fist
0.3470072,0.87296057,-2.1697821e-07,0.32177252,0.7964804,0.0035738803,0.32725084,0.7262817,-0.0042636814,0.3581629,0.6811193,-0.0139375,0.3880412,0.6663161,-0.020148344,0.3027284,0.6929721,-0.008377984,0.35723215,0.65198463,-0.01913071,0.36411604,0.6854795,-0.023999635,0.35398936,0.7084528,-0.0276969,0.330213,0.700869,-0.018853653,0.3850651,0.67180246,-0.026187822,0.38664085,0.704602,-0.027957207,0.37294275,0.72412,-0.029860478,0.36271137,0.7147894,-0.02880059,0.40926412,0.70273876,-0.031022683,0.40480083,0.73369145,-0.02621155,0.38826063,0.7481569,-0.025033588,0.39746624,0.73386747,-0.039201625,0.4277967,0.73714346,-0.0367011,0.41942593,0.76603377,-0.03057715,0.40369815,0.77686167,-0.0273568,fist
0.34043145,0.87129164,-2.0388437e-07,0.3272514,0.80246747,0.00094901025,0.33574334,0.7330103,-0.0072415406,0.3684626,0.684979,-0.017343558,0.39571267,0.66284984,-0.023619883,0.2981316,0.69997984,-0.007652239,0.3583743,0.65231466,-0.021725109,0.3665617,0.68892115,-0.028545981,0.3572813,0.7125567,-0.03327534,0.3156945,0.7021324,-0.017242784,0.38237295,0.67479277,-0.027184535,0.38445023,0.7115698,-0.029382164,0.37061423,0.727056,-0.031932924,0.34067038,0.710703,-0.027353356,0.40495113,0.69614476,-0.03281618,0.40016508,0.73291516,-0.028378617,0.38161856,0.74542964,-0.027483046,0.37141576,0.72506684,-0.038343553,0.41913533,0.72996414,-0.037924305,0.4122275,0.76414084,-0.033364728,0.39522755,0.7749512,-0.03163432,fist
0.3395557,0.8742434,-2.2142059e-07,0.3449557,0.8061282,0.0006526696,0.35582125,0.7388498,-0.006642401,0.3799805,0.688179,-0.015989196,0.39687452,0.6559244,-0.02134348,0.29990214,0.6932023,-0.0028099965,0.3682283,0.65473413,-0.017491156,0.3754255,0.69306844,-0.025000976,0.36307514,0.71496,-0.030075574,0.30807763,0.6951896,-0.01180828,0.38720647,0.6745911,-0.02200576,0.38776723,0.71414375,-0.022381086,0.37139842,0.7288136,-0.023725944,0.32587695,0.7060637,-0.022133358,0.4027982,0.6953111,-0.029352846,0.3973914,0.7355571,-0.024082458,0.3776197,0.749345,-0.022177206,0.3502644,0.7230066,-0.033437513,0.41058263,0.7261704,-0.034587897,0.4054655,0.7607706,-0.030803422,0.38770175,0.77285105,-0.029369751,fist
0.3426328,0.87105846,-1.9047354e-07,0.38244045,0.7991249,-0.00086960307,0.38954967,0.7408946,-0.007862479,0.39726293,0.6949726,-0.017416911,0.39606205,0.6563508,-0.022793509,0.30035967,0.6890358,0.003528891,0.36861414,0.6553284,-0.0133503545,0.37743807,0.69511586,-0.024475785,0.36568964,0.7192134,-0.03189755,0.29774153,0.6924976,-0.0051329955,0.38183627,0.66878057,-0.018533329,0.38672748,0.7113735,-0.020843802,0.37170905,0.72843164,-0.022296695,0.30828866,0.7042515,-0.016122349,0.3923434,0.68983084,-0.026130171,0.39150637,0.73132056,-0.022245841,0.3734038,0.74788487,-0.020348214,0.32851237,0.7205403,-0.028352527,0.39469218,0.7228566,-0.032338567,0.3929488,0.7572549,-0.030744212,0.37707153,0.7698159,-0.030317677,fist
0.340554,0.87558854,-3.034158e-07,0.3866934,0.80749804,-0.00026281257,0.39606926,0.749098,-0.0053631105,0.40453398,0.7029475,-0.013501558,0.39894855,0.65954286,-0.017336968,0.30349028,0.68731415,0.009931428,0.37378436,0.66161394,-0.010324197,0.382216,0.70565104,-0.0242568,0.36856988,0.72757244,-0.03351669,0.29589242,0.6885305,-0.00044849966,0.38358927,0.6709475,-0.01993118,0.38703683,0.7230918,-0.024563408,0.36967704,0.73997,-0.025542704,0.30104473,0.7007273,-0.013950451,0.3883461,0.6915606,-0.030212726,0.38840985,0.7416958,-0.026836721,0.36855966,0.7577931,-0.023118438,0.31618917,0.7191238,-0.028759304,0.38558093,0.7239161,-0.038922437,0.38337043,0.7607446,-0.039143343,0.36427465,0.7713411,-0.038236927,fist
0.3359851,0.8773124,-3.3444977e-07,0.38356745,0.81217897,0.0025766783,0.39545935,0.75418085,-0.00030975312,0.40602377,0.70577943,-0.0072326786,0.400312,0.662108,-0.010378215,0.30497962,0.6859413,0.017777916,0.3753197,0.66274434,-0.0017578052,0.38335788,0.70871466,-0.015753398,0.36926305,0.73048884,-0.024571633,0.2970264,0.6872096,0.006149902,0.38286445,0.67070234,-0.013621389,0.38511327,0.72666484,-0.019732311,0.36722833,0.7449936,-0.02061911,0.3005929,0.6996824,-0.0086241765,0.3863059,0.69328797,-0.026549662,0.38538,0.7479653,-0.024295568,0.36475974,0.7647337,-0.019616716,0.31287247,0.7189076,-0.024191976,0.38003513,0.72331995,-0.034288023,0.37777865,0.76269007,-0.033369932,0.35882866,0.774435,-0.030764928,fist
0.3356793,0.87850606,-3.1474468e-07,0.38016912,0.8246493,-0.003574797,0.39599186,0.763009,-0.008516242,0.4064292,0.7104743,-0.015727876,0.39866045,0.6622652,-0.018254288,0.31226835,0.68545544,0.011601863,0.378026,0.66157466,-0.010431638,0.38553992,0.7119697,-0.024779962,0.3707348,0.7351172,-0.0330066,0.29826078,0.6855279,0.003215425,0.37824556,0.66957253,-0.017614033,0.38143536,0.7273798,-0.022733776,0.36402947,0.74449563,-0.022753209,0.29538333,0.6985834,-0.008937655,0.37657762,0.6933149,-0.0289649,0.3767434,0.74746156,-0.025666302,0.35652846,0.7624294,-0.019764494,0.30181947,0.71905464,-0.02217226,0.36804295,0.72108054,-0.033675887,0.36709708,0.7602333,-0.031730663,0.34781012,0.7732971,-0.027850393,fist
0.3350658,0.88165,-3.6249264e-07,0.3790103,0.8292751,-0.0043391217,0.39740065,0.7643003,-0.00850985,0.41011503,0.7098084,-0.015651435,0.39796817,0.6658451,-0.01796554,0.32215238,0.6832439,0.015555449,0.3785333,0.658519,-0.008452769,0.3874302,0.7124651,-0.022143986,0.37560335,0.7373007,-0.028479272,0.3050333,0.6839068,0.0073276623,0.37672386,0.6706238,-0.01617735,0.380596,0.7349079,-0.020612001,0.3634779,0.75107026,-0.01814783,0.29665187,0.6969649,-0.005523118,0.37183586,0.69472367,-0.029822424,0.3720176,0.75499016,-0.026099056,0.35194722,0.76926863,-0.017526664,0.29613578,0.7178827,-0.019369757,0.35977265,0.71909225,-0.03297632,0.35998058,0.76044846,-0.030079218,0.34121886,0.7738337,-0.023977911,fist
0.33109808,0.88384837,-3.35623e-07,0.3762627,0.83021486,-0.0067744413,0.39683595,0.7651141,-0.012407095,0.40907705,0.7096361,-0.02077018,0.39639506,0.6671225,-0.024362443,0.32670474,0.6808438,0.012249369,0.38070905,0.6561325,-0.012970162,0.38892907,0.71031743,-0.027389215,0.37797737,0.7362507,-0.03395052,0.30795223,0.6822498,0.005132288,0.37655935,0.66999906,-0.019813128,0.37967807,0.73422205,-0.024902958,0.3633872,0.7519282,-0.022502588,0.2967795,0.6953964,-0.006676044,0.36855534,0.6960977,-0.03218564,0.36834204,0.75614387,-0.02858381,0.34966996,0.77140164,-0.019533355,0.29251015,0.7167064,-0.019654896,0.35329786,0.72040725,-0.03408512,0.35351127,0.7612619,-0.031042065,0.33536133,0.77428305,-0.024465187,fist
0.32809997,0.8865194,-3.2701521e-07,0.37294456,0.83334225,-0.007828088,0.39506346,0.7668511,-0.014325748,0.40779796,0.7087927,-0.023660047,0.39263594,0.666919,-0.028025832,0.33004194,0.68152785,0.011904886,0.38036236,0.65577984,-0.01439858,0.38802359,0.71039116,-0.028951615,0.3760097,0.73394585,-0.035352692,0.3097303,0.68336356,0.0049359505,0.37352717,0.67092615,-0.020805823,0.37661952,0.73604023,-0.025815576,0.35931093,0.7499314,-0.023272239,0.2958301,0.6958567,-0.007001899,0.36321813,0.6976917,-0.033452373,0.3631515,0.75738084,-0.02948494,0.34343535,0.7694953,-0.020025427,0.2878922,0.71600276,-0.020150883,0.34695488,0.7205863,-0.03451915,0.34738368,0.7610524,-0.03074583,0.32832316,0.772252,-0.023664892,fist
0.3252716,0.8869554,-3.12996e-07,0.36989942,0.8315407,-0.010373127,0.3943875,0.76598096,-0.018025998,0.4072286,0.70574653,-0.028150294,0.3897477,0.6638038,-0.03297961,0.33418858,0.6828834,0.010506663,0.3800991,0.657621,-0.016569005,0.38468587,0.7151792,-0.030505834,0.3685413,0.73425037,-0.036446955,0.31149438,0.6844632,0.0042693657,0.3683522,0.67002684,-0.02301103,0.37147322,0.7377358,-0.028131545,0.35245797,0.7477341,-0.025272112,0.29354113,0.6965568,-0.007149388,0.35375434,0.69585544,-0.036099978,0.3551517,0.7576866,-0.031832665,0.3336734,0.7670325,-0.021513298,0.28019077,0.71651924,-0.019714274,0.3357668,0.7196907,-0.035680454,0.3374893,0.76116353,-0.031127159,0.3169689,0.7712972,-0.023020284,fist
0.31774992,0.8866736,-3.2590935e-07,0.3639182,0.8370372,-0.013648904,0.39321855,0.76916134,-0.021645024,0.4071642,0.7042014,-0.031334337,0.38668638,0.66338956,-0.035647903,0.34046316,0.6885512,0.009082212,0.38034675,0.6628724,-0.019019783,0.38188517,0.72109616,-0.032798737,0.3642827,0.7368776,-0.038741484,0.31586716,0.68892366,0.0038552806,0.36407056,0.6672716,-0.026047831,0.36626804,0.73790854,-0.031499688,0.34676906,0.7459512,-0.02797788,0.29406023,0.6995014,-0.0069676326,0.3455724,0.692894,-0.039668947,0.34769723,0.75837535,-0.03477685,0.32580358,0.7652364,-0.023033032,0.27499405,0.7177323,-0.018932201,0.3250101,0.71820354,-0.037643913,0.3268765,0.7624957,-0.032612696,0.30557904,0.7709454,-0.023693066,fist
0.3103573,0.88133276,-2.9004556e-07,0.3596289,0.83898336,-0.016025297,0.39289573,0.7681947,-0.023283398,0.40669203,0.6987122,-0.031452596,0.3825529,0.65883434,-0.03477695,0.35020798,0.6958345,0.005714025,0.38057265,0.66083294,-0.021636251,0.382299,0.7160314,-0.034056723,0.36677712,0.73547524,-0.038519673,0.32330853,0.69500566,0.0023323619,0.3600344,0.661719,-0.027645811,0.362717,0.7335179,-0.032546014,0.34489214,0.74579,-0.027875388,0.29687765,0.70365435,-0.0067019733,0.33625948,0.687493,-0.04091746,0.33939123,0.75485164,-0.035909563,0.31922817,0.7639775,-0.023258416,0.2707281,0.7199505,-0.016665168,0.31240043,0.7147514,-0.03714917,0.31548518,0.76051044,-0.03182374,0.29536745,0.7694089,-0.022343397,fist
0.30123752,0.87389374,-3.0492026e-07,0.35255724,0.8421841,-0.018132642,0.3902045,0.7678913,-0.024590077,0.4038154,0.695385,-0.031016879,0.3784312,0.6545536,-0.032655057,0.35562527,0.7000514,-0.0008502964,0.37619898,0.65602416,-0.027398288,0.3789401,0.7125186,-0.037364893,0.36579642,0.7327163,-0.039817195,0.32635802,0.6977458,-0.002709358,0.3522074,0.6599511,-0.031634416,0.35560042,0.7336106,-0.034876514,0.33943784,0.74358183,-0.02938827,0.29623955,0.7053769,-0.009835816,0.32539096,0.6853254,-0.044343367,0.3292963,0.75443625,-0.037341572,0.31112364,0.76171017,-0.023556763,0.26432818,0.71985745,-0.017769234,0.29859978,0.71193814,-0.03949315,0.3038989,0.7595974,-0.032572623,0.28583044,0.76740646,-0.021823423,fist
0.2908442,0.87005794,-3.2766752e-07,0.34311512,0.843879,-0.020449689,0.38709626,0.7643862,-0.025729278,0.39876527,0.688366,-0.029816806,0.37129334,0.649356,-0.029208262,0.35620704,0.70318216,-0.0040556346,0.37331045,0.65970236,-0.027170807,0.37403542,0.71369714,-0.034939345,0.35998234,0.72809064,-0.03717049,0.3247135,0.7020612,-0.0044312906,0.3431879,0.66089714,-0.030376019,0.34733105,0.7331252,-0.03266768,0.3333935,0.7365868,-0.027920283,0.292421,0.71097857,-0.009605896,0.31182173,0.6789957,-0.043516252,0.3197942,0.7490392,-0.035126314,0.30457962,0.7549773,-0.021356443,0.256092,0.72584426,-0.015542571,0.28136337,0.70738316,-0.038913053,0.28951812,0.75455153,-0.031236462,0.27404678,0.7615222,-0.020332567,fist
0.2807579,0.8671608,-3.1683038e-07,0.3342184,0.845554,-0.020205377,0.38253316,0.7659018,-0.024890438,0.3912646,0.6866193,-0.028309595,0.36331356,0.6471778,-0.026463123,0.36064488,0.709564,-0.0009144258,0.37419116,0.6656234,-0.023213657,0.36971086,0.7149236,-0.029255766,0.35634884,0.7261225,-0.030157568,0.32610175,0.70597935,-0.0010504356,0.34046355,0.6613093,-0.026072536,0.34107524,0.7341479,-0.026247112,0.33084363,0.7322629,-0.019580044,0.29170012,0.71297675,-0.0062049017,0.304371,0.6768896,-0.03993862,0.3108331,0.7481647,-0.029327413,0.29922628,0.75044924,-0.013912725,0.25265455,0.7247078,-0.012149542,0.271619,0.7060011,-0.03492833,0.27928203,0.7539033,-0.02615453,0.26754993,0.7574407,-0.014489409,fist
0.2761711,0.8623663,-3.31129e-07,0.32812828,0.85169375,-0.019798657,0.37889135,0.77000225,-0.023539398,0.3891045,0.68538594,-0.025643812,0.36031446,0.645185,-0.021704055,0.36355722,0.71276504,-0.0014460154,0.37457198,0.6620089,-0.023283344,0.36712936,0.71323144,-0.028323187,0.35641557,0.72571725,-0.028670788,0.32835937,0.707797,-0.0009239028,0.3389066,0.65955925,-0.024497967,0.3368943,0.7370018,-0.021702988,0.33157367,0.73373055,-0.012938945,0.29347435,0.7131731,-0.0054987418,0.30126584,0.67656976,-0.0360438,0.30621698,0.7498021,-0.022202296,0.29881352,0.7504938,-0.005486447,0.25436202,0.72082776,-0.011178272,0.26767588,0.7051224,-0.031234585,0.27437517,0.75482756,-0.02127955,0.266362,0.75706995,-0.009381039,fist
0.27388662,0.8632221,-3.2753795e-07,0.32601917,0.85475314,-0.01817368,0.37863833,0.77229077,-0.020347552,0.38895196,0.6862614,-0.021578055,0.35840484,0.6467998,-0.016972326,0.36326393,0.7156769,0.004675886,0.3724788,0.66839194,-0.017570551,0.36452046,0.7166863,-0.025213245,0.35649714,0.728524,-0.027713688,0.32799876,0.70969206,0.0037154239,0.3379445,0.66263944,-0.021393452,0.33467925,0.73963386,-0.021372607,0.33038208,0.7380895,-0.014198495,0.2928653,0.7138033,-0.0025579724,0.30008945,0.67456156,-0.03520385,0.30411088,0.74936444,-0.022901349,0.29811835,0.7518713,-0.006522087,0.2534728,0.7201842,-0.009777689,0.26695967,0.70281714,-0.031345706,0.27262545,0.75466835,-0.02172881,0.26565784,0.75847244,-0.009674923,fist
0.27532688,0.8595221,-3.0577678e-07,0.32663724,0.85668963,-0.018935015,0.37883592,0.7727735,-0.022091702,0.38951716,0.68379796,-0.024405286,0.3604819,0.64425254,-0.020942777,0.36456692,0.71523875,0.0041710623,0.3723349,0.6673724,-0.018094677,0.36577955,0.71357566,-0.024741404,0.3584984,0.727995,-0.026138397,0.32873327,0.70956975,0.0037323432,0.33755198,0.66170025,-0.019518932,0.3341663,0.74037474,-0.016378403,0.3323584,0.73810786,-0.0067633246,0.29433,0.7136804,-0.0024023475,0.3011617,0.67583704,-0.0340658,0.30445176,0.7507087,-0.019726306,0.29902518,0.7535068,-0.0019424572,0.25549424,0.71963096,-0.009714302,0.26790252,0.703498,-0.031428155,0.27264664,0.7558108,-0.021512983,0.26649135,0.76002806,-0.009024059,fist
0.27733934,0.8593166,-2.984901e-07,0.3291617,0.8563836,-0.019350078,0.38157004,0.7724482,-0.021835174,0.39118773,0.6837153,-0.023212804,0.36190733,0.64417994,-0.018582111,0.36622253,0.7161308,0.00502786,0.37419757,0.667279,-0.017372405,0.36706087,0.71421075,-0.02470115,0.35986382,0.7272725,-0.026729196,0.3301625,0.71091986,0.0047405926,0.33936957,0.6619772,-0.01942471,0.33611003,0.7405992,-0.017887412,0.33406544,0.7382446,-0.0092365835,0.29539642,0.7149008,-0.0012904524,0.30189636,0.6764544,-0.03356544,0.30546,0.7511973,-0.020467356,0.30047405,0.7526454,-0.0033351562,0.2562871,0.7201955,-0.00846764,0.26832372,0.7035975,-0.0301781,0.2734745,0.75606763,-0.02052624,0.2676232,0.7598915,-0.008253216,fist
0.27897286,0.85761935,-3.0628803e-07,0.3325733,0.85683364,-0.019813012,0.38555366,0.77208006,-0.02178356,0.39397997,0.68263566,-0.022263154,0.36325422,0.64520466,-0.016827138,0.36912772,0.71656615,0.0031481106,0.37704432,0.6669297,-0.019160412,0.37043402,0.71496654,-0.026804684,0.3639982,0.72954017,-0.02936932,0.33305192,0.7111367,0.0032056896,0.3418693,0.6616496,-0.021150716,0.33898717,0.74016935,-0.020023692,0.33675298,0.7400446,-0.01191199,0.29804042,0.7151035,-0.0023016734,0.3042854,0.676283,-0.034646068,0.30778423,0.751291,-0.021588355,0.30275902,0.7545327,-0.0046527553,0.25868243,0.7207226,-0.008955494,0.27070194,0.70294434,-0.031216161,0.2757729,0.7558274,-0.021792723,0.269804,0.7607427,-0.009745234,fist
0.2811084,0.8603408,-2.8570145e-07,0.33390248,0.85499686,-0.018919608,0.38531473,0.77343047,-0.021797325,0.39422548,0.68694794,-0.0237475,0.3647642,0.6457403,-0.020001465,0.36913037,0.71675575,0.0040347087,0.37717074,0.66869,-0.018086195,0.37040704,0.7160973,-0.025573937,0.36397,0.7282659,-0.027985986,0.33329567,0.7113821,0.0032028963,0.3433614,0.6637778,-0.021473764,0.34021035,0.74139315,-0.020951731,0.3378174,0.73959655,-0.013261555,0.298168,0.7158825,-0.0030636822,0.30601412,0.67677945,-0.036086105,0.30947188,0.7517579,-0.023684943,0.30403036,0.7538836,-0.006910049,0.2588808,0.72245884,-0.01030411,0.2727087,0.7037168,-0.032559033,0.2774319,0.7552191,-0.022924334,0.27008355,0.75901765,-0.010619709,fist
0.28288203,0.8597206,-3.060578e-07,0.3352119,0.8571766,-0.01910797,0.38747847,0.7734033,-0.021378709,0.39632526,0.6855014,-0.022287438,0.3668875,0.64594513,-0.01738911,0.37163404,0.7173934,0.0021203405,0.38017273,0.66919214,-0.01942511,0.3734511,0.7171561,-0.026166802,0.36546412,0.73068297,-0.028163359,0.33582044,0.71158737,0.0018778753,0.3452599,0.66263396,-0.022294886,0.34270662,0.74070466,-0.021261958,0.33893868,0.7402185,-0.013329541,0.30100715,0.7157851,-0.0035441443,0.3076091,0.6763977,-0.0354811,0.3119542,0.75161433,-0.02238959,0.30546814,0.7550822,-0.005587446,0.26167366,0.72168434,-0.009979625,0.2744624,0.7038672,-0.032001242,0.28001437,0.756211,-0.0224604,0.27280277,0.7606039,-0.010387796,fist
0.28371847,0.8616754,-2.9669872e-07,0.3353757,0.8569929,-0.01921531,0.38741165,0.7744763,-0.021735664,0.39643312,0.68775004,-0.023055177,0.3675283,0.6465014,-0.018518345,0.37201503,0.71808535,0.0035700074,0.38104007,0.6706867,-0.018189523,0.37323514,0.71799934,-0.025043316,0.3656191,0.72965115,-0.027028952,0.33623374,0.71220845,0.0030858903,0.34675515,0.6644401,-0.021588935,0.3430437,0.7417818,-0.021158801,0.33958438,0.73994875,-0.01344881,0.30128944,0.7163654,-0.0027555665,0.30871052,0.67750007,-0.035469215,0.31231004,0.75244063,-0.023314802,0.30634582,0.7541001,-0.006809224,0.26204425,0.72215194,-0.009569213,0.27531126,0.70460457,-0.03155298,0.2802844,0.756358,-0.02218766,0.27301702,0.75958025,-0.010165022,fist
0.28483912,0.8610716,-3.0020908e-07,0.33683202,0.857556,-0.019128233,0.38895175,0.77432394,-0.021507965,0.39855224,0.6868368,-0.02260505,0.36928606,0.6467275,-0.017857311,0.3731615,0.7189452,0.002826823,0.3824505,0.6717786,-0.01880151,0.3754214,0.7186858,-0.025484988,0.36692905,0.73134166,-0.027346773,0.33770686,0.71267,0.0025169847,0.34760723,0.6641119,-0.02195021,0.34472466,0.74173594,-0.02097866,0.34103006,0.74088067,-0.012927088,0.30308452,0.7164935,-0.003049512,0.3099892,0.6775161,-0.035371818,0.31408253,0.7526736,-0.022451771,0.30761766,0.75588363,-0.005573466,0.26391333,0.72223365,-0.009634439,0.2768318,0.7050866,-0.03177624,0.28219342,0.75715333,-0.02235264,0.27491087,0.7610885,-0.010289325,fist
0.28577024,0.8612637,-2.932852e-07,0.33669052,0.8579872,-0.019118275,0.3891218,0.77528876,-0.02207821,0.4003605,0.68883306,-0.023709608,0.3711537,0.6478553,-0.019594131,0.37355974,0.7175762,0.0011910109,0.38187417,0.6706562,-0.020174237,0.3750217,0.7187349,-0.0264009,0.36689955,0.7299949,-0.028013201,0.33751395,0.7117529,0.00091221766,0.34827304,0.6645897,-0.023143835,0.3449022,0.74329966,-0.021618161,0.3406966,0.74075127,-0.013313408,0.30271763,0.71611977,-0.004456358,0.31011987,0.6776648,-0.036158334,0.31407854,0.7532855,-0.022820499,0.30688038,0.7553593,-0.0059107444,0.26363727,0.72143793,-0.010826637,0.2767332,0.70484173,-0.03247462,0.28182858,0.75689733,-0.02279891,0.27391076,0.7601218,-0.010691181,fist
0.2850962,0.86097157,-3.057914e-07,0.33579457,0.8587247,-0.019263964,0.38859558,0.7751908,-0.02204293,0.40013644,0.6884183,-0.023277834,0.3711851,0.6476586,-0.018744906,0.37279254,0.7171713,-0.00049841177,0.38140798,0.67020154,-0.02210576,0.37497818,0.7182776,-0.028105877,0.36616492,0.7306543,-0.02937098,0.33683923,0.7110873,-0.00063277245,0.34755018,0.664603,-0.024481596,0.34465396,0.74303436,-0.022437189,0.3398125,0.7410336,-0.013934543,0.30179766,0.7152197,-0.005811013,0.30933106,0.6772303,-0.037448637,0.3137086,0.75312626,-0.023721943,0.306381,0.7561718,-0.006634002,0.26251155,0.720901,-0.011984002,0.2759521,0.7036858,-0.033628825,0.2811405,0.7559127,-0.023672612,0.2729401,0.7597086,-0.011387833,fist
0.28393957,0.86186934,-3.1251824e-07,0.33396766,0.85816205,-0.019100439,0.38720295,0.77533734,-0.022024354,0.3996019,0.68987334,-0.023162268,0.37077016,0.64744544,-0.018568924,0.3711666,0.71526116,-0.003224978,0.38110965,0.66899705,-0.023653936,0.37394145,0.7189798,-0.0284679,0.36357385,0.7291897,-0.029363615,0.33494282,0.7088293,-0.0032264541,0.3472783,0.66385335,-0.026365729,0.34411377,0.74236006,-0.024331236,0.33733338,0.73906875,-0.016491458,0.29965702,0.7138834,-0.007780521,0.3088112,0.6759122,-0.038415954,0.3136223,0.7522214,-0.02478002,0.3040266,0.75433105,-0.008469724,0.2603587,0.72023326,-0.013248475,0.27575088,0.7042904,-0.034556102,0.28124043,0.75593275,-0.024935095,0.27088875,0.75825083,-0.013294423,fist
0.28337428,0.8600089,-3.1848646e-07,0.33423758,0.8572266,-0.01802304,0.38659897,0.77411705,-0.020775637,0.39825186,0.6879592,-0.021946251,0.36962336,0.6456351,-0.017541252,0.36845165,0.7136503,-0.0041032336,0.37863618,0.66393363,-0.024683865,0.37363112,0.7148549,-0.02930893,0.36371118,0.72853845,-0.029872477,0.33235487,0.70778,-0.0043123737,0.3447716,0.66154444,-0.027321462,0.342895,0.7409105,-0.024806948,0.3357649,0.73950964,-0.016756933,0.29715425,0.71321136,-0.008876267,0.30661896,0.6750025,-0.03898928,0.3122228,0.7511459,-0.024760878,0.3022225,0.7548366,-0.008249779,0.25787205,0.7199366,-0.014261119,0.2738212,0.70299923,-0.035373658,0.27978635,0.75464046,-0.025511663,0.26884055,0.7580066,-0.013760203,fist
0.2827098,0.8671776,-2.866693e-07,0.3345324,0.8512124,-0.019484922,0.38496798,0.77123946,-0.023531076,0.39498556,0.6896288,-0.025974384,0.36763105,0.64399445,-0.022721786,0.3649517,0.7120678,-0.0042617773,0.37755805,0.6643146,-0.02565793,0.3723528,0.715923,-0.03052193,0.35986608,0.7277058,-0.030945513,0.32961938,0.7068434,-0.004621908,0.3434546,0.66069007,-0.02870207,0.34277448,0.737455,-0.028017346,0.3335736,0.73620147,-0.021248175,0.2937768,0.71291906,-0.0095294975,0.30527407,0.67436445,-0.04202648,0.3113872,0.7509415,-0.030480038,0.2998668,0.7529453,-0.015035977,0.2539866,0.7228738,-0.015115864,0.27299517,0.7049745,-0.037304595,0.2792555,0.7544589,-0.028117362,0.26606584,0.75627244,-0.01652404,fist
0.28771278,0.8711878,-2.4931447e-07,0.34217912,0.84714615,-0.018582761,0.38665798,0.7634361,-0.023434376,0.39736027,0.68553364,-0.026894018,0.37011516,0.6425988,-0.024975313,0.35761842,0.70403165,-0.006471872,0.37383208,0.66013336,-0.028801631,0.3747073,0.7145215,-0.03405404,0.36029866,0.72936326,-0.034126095,0.32433712,0.7015281,-0.00753806,0.34354696,0.6563164,-0.03230554,0.34741327,0.73296577,-0.032703016,0.3339627,0.7357901,-0.02664486,0.2899195,0.708736,-0.012875408,0.3091553,0.67431796,-0.04589599,0.31715778,0.74992144,-0.03610721,0.3009525,0.752727,-0.021739697,0.25220627,0.7213032,-0.018646609,0.27896225,0.70356506,-0.041596506,0.28595427,0.75228393,-0.032995276,0.2683748,0.7559623,-0.02169931,fist
0.30189866,0.8786864,-1.9245495e-07,0.35605237,0.8369255,-0.011212521,0.38687772,0.7555558,-0.01598481,0.398286,0.68624324,-0.022433784,0.3731956,0.64670557,-0.023910433,0.33674857,0.688991,0.0050268155,0.3614777,0.6541375,-0.021521548,0.36931047,0.7132083,-0.031425174,0.3566992,0.73206925,-0.033460677,0.31012365,0.688779,-0.0008803184,0.3430119,0.6555612,-0.02900525,0.35001326,0.7329118,-0.031795487,0.33310062,0.741974,-0.026415562,0.28217658,0.6965114,-0.011638234,0.3200708,0.6775071,-0.046952277,0.32566118,0.75147057,-0.039141677,0.30521035,0.75894654,-0.024456287,0.25284797,0.7120811,-0.022510724,0.29728892,0.7015109,-0.04435653,0.30307811,0.75132215,-0.035327625,0.28159624,0.76146764,-0.02285269,fist
0.3071874,0.88741744,-2.5356982e-07,0.35338008,0.82330096,0.0038452097,0.37369108,0.7527085,-2.6096963e-05,0.39017785,0.695217,-0.009411796,0.37681258,0.65074956,-0.014398422,0.29985657,0.67013425,0.021178378,0.35823324,0.647373,-0.0069849705,0.36461473,0.7064302,-0.024066648,0.34891975,0.7274533,-0.031932034,0.2796046,0.6742518,0.0068342756,0.35158414,0.6565831,-0.020435369,0.35490793,0.72617096,-0.026043808,0.3351706,0.74077904,-0.023895502,0.2661482,0.68826354,-0.011675937,0.34107453,0.6796553,-0.039543036,0.34168103,0.74673605,-0.031945337,0.31877786,0.7594143,-0.020021051,0.25981724,0.71207386,-0.030333558,0.32611725,0.7064242,-0.04531754,0.32722372,0.7539286,-0.036650635,0.30490586,0.7680084,-0.02598541,fist
0.30338845,0.8808993,-2.9806284e-07,0.3501493,0.81250614,0.002922047,0.3675897,0.74855447,-0.0019542684,0.38204116,0.69396496,-0.011664553,0.3745721,0.64722115,-0.016839553,0.2788693,0.6690708,0.016095655,0.35018158,0.64271504,-0.008646931,0.35988742,0.69769114,-0.023286423,0.3460158,0.72206354,-0.030770496,0.26387304,0.67268294,0.0027431543,0.35155115,0.65333486,-0.021209896,0.35391587,0.717903,-0.02540625,0.33359644,0.7350142,-0.023615243,0.26085934,0.688278,-0.014247196,0.34884793,0.6819147,-0.037421882,0.34684893,0.743252,-0.03206349,0.32395902,0.75821286,-0.023637123,0.2670844,0.71124214,-0.031735953,0.33751324,0.71138215,-0.04386348,0.3360473,0.7541516,-0.03921053,0.31550696,0.7676078,-0.032837354,fist
0.29778808,0.87618107,-2.9106377e-07,0.34772134,0.80377555,0.0026468788,0.35970658,0.7426433,-0.001721629,0.3708393,0.69267815,-0.010028418,0.3694702,0.64615136,-0.014279681,0.26736182,0.6705873,0.012524849,0.34294277,0.6459846,-0.008220222,0.35099927,0.69699585,-0.023217656,0.33682266,0.72366744,-0.032968707,0.25771523,0.6738698,0.0002590016,0.34884033,0.6538203,-0.019783758,0.3513634,0.71109605,-0.026133645,0.3331098,0.7327405,-0.027865516,0.261396,0.68858993,-0.014697573,0.35212886,0.68074185,-0.031527676,0.35059652,0.7359494,-0.02829415,0.32887396,0.7558311,-0.024008887,0.27389985,0.711019,-0.030541224,0.34482694,0.71542954,-0.03982864,0.34366542,0.75565743,-0.03782195,0.32547343,0.76900625,-0.035052583,fist
0.29204154,0.87307686,-2.5283822e-07,0.33952162,0.7948161,0.0067205834,0.3504948,0.7360895,0.0027052644,0.36272845,0.69183296,-0.0060907807,0.36509082,0.64707327,-0.010900142,0.26052946,0.6713549,0.015665304,0.3364778,0.6437233,-0.0014949057,0.34260798,0.68754256,-0.0137316175,0.32693687,0.7093402,-0.02206967,0.255657,0.67411256,0.0019251627,0.34705067,0.6549631,-0.011819726,0.34754702,0.7050093,-0.0139654195,0.3283819,0.72186196,-0.0148856975,0.2631759,0.6890166,-0.014441177,0.3530927,0.67991906,-0.023415785,0.34908733,0.7280149,-0.018360717,0.3269651,0.7429918,-0.016150523,0.2804187,0.7102313,-0.031868804,0.3504095,0.7166447,-0.035286162,0.3462464,0.7535795,-0.033516336,0.3266605,0.7634062,-0.033173546,fist
0.28969407,0.8711786,-2.618944e-07,0.33190024,0.7958125,0.00927825,0.34237212,0.7330902,0.0066714976,0.35376576,0.68560046,-0.000649405,0.3582385,0.6449475,-0.004252531,0.25653222,0.6736178,0.014550438,0.33092666,0.6425588,0.0015263428,0.33594677,0.6825538,-0.0077717574,0.32069302,0.70309067,-0.015129748,0.25529766,0.6759474,0.0005293063,0.34540096,0.658108,-0.009127234,0.34431723,0.7013982,-0.010163305,0.32523072,0.7166761,-0.0121699395,0.2664032,0.68984133,-0.015226116,0.3546564,0.6811205,-0.020332623,0.34851107,0.72454256,-0.015263825,0.3260092,0.7388826,-0.015008394,0.28733516,0.7086164,-0.03179865,0.3551262,0.7183122,-0.033215947,0.34921032,0.7551958,-0.031999886,0.32878292,0.76570034,-0.03335355,fist
0.28754473,0.87018675,-2.6430092e-07,0.30527776,0.8004759,0.008246142,0.31936947,0.7322809,0.0043049776,0.3427319,0.68221146,-0.0036245787,0.35691887,0.6449807,-0.007974579,0.25205836,0.67318994,0.009751359,0.3269711,0.6416437,-0.0021290495,0.33138672,0.68132377,-0.009938311,0.316829,0.70184493,-0.01610179,0.25618505,0.6748087,-0.003190681,0.34396446,0.6625346,-0.010073709,0.34061214,0.70485413,-0.009740069,0.32230857,0.7197394,-0.011514905,0.2711939,0.6890476,-0.017399702,0.35674065,0.6847046,-0.020245397,0.34842786,0.7275102,-0.014261891,0.32707527,0.74210215,-0.013594186,0.29428777,0.7090731,-0.032437567,0.36068067,0.7195549,-0.030771472,0.3537367,0.7557066,-0.027461238,0.33393744,0.76740515,-0.027456172,fist
0.28301436,0.8675012,-2.5322362e-07,0.2727463,0.7954889,0.011819866,0.28680062,0.7231295,0.007807683,0.32395488,0.67441374,-0.00068499136,0.35406247,0.6444339,-0.0062345006,0.24692404,0.67432666,0.006753724,0.31745926,0.63546246,-0.0036392799,0.32419673,0.6752586,-0.009075973,0.3131049,0.6969547,-0.013482594,0.2594759,0.67807144,-0.007876079,0.33947685,0.66146517,-0.012369593,0.33683175,0.70347655,-0.011007504,0.31906703,0.71933484,-0.012271458,0.27994722,0.69304997,-0.022815416,0.35649204,0.6854589,-0.02371895,0.3483326,0.72800136,-0.016915064,0.32697564,0.74271077,-0.015596177,0.3056557,0.71433413,-0.038028743,0.36406708,0.7220759,-0.033916794,0.35655037,0.75888014,-0.027887871,0.3372076,0.77203465,-0.02579806,fist
0.28081477,0.871367,-2.4157998e-07,0.27017128,0.7979733,0.0059393337,0.28315842,0.7220185,-0.0004850349,0.32059944,0.67053926,-0.010021592,0.34954333,0.6429409,-0.015926355,0.24221131,0.67802626,-0.0011919802,0.31218678,0.6333432,-0.014787266,0.32008892,0.6741948,-0.02135413,0.30880946,0.69798326,-0.02606683,0.25726333,0.6822105,-0.0137169855,0.33545226,0.6585151,-0.022889705,0.3351547,0.70099455,-0.023452403,0.31763154,0.7186175,-0.024855936,0.28011456,0.69515294,-0.026803387,0.35462165,0.6824748,-0.03140882,0.34775406,0.7263713,-0.02500128,0.3262042,0.74182224,-0.022715569,0.30837104,0.714482,-0.04053044,0.3641979,0.7186445,-0.03942496,0.35618496,0.7572875,-0.033620004,0.33670774,0.77047867,-0.030804189,fist
0.2781756,0.8730165,-2.670718e-07,0.26478085,0.79734874,0.008997772,0.27761835,0.720938,0.0032724733,0.3147426,0.6689359,-0.006173727,0.34399593,0.6415272,-0.012341993,0.23845285,0.6767366,0.00023054756,0.30746704,0.6327542,-0.011604752,0.3158495,0.6737134,-0.017041245,0.30547622,0.6987601,-0.021106616,0.25585738,0.681204,-0.013707346,0.33189794,0.6576299,-0.021508835,0.33173102,0.70097256,-0.022128692,0.31450886,0.72080016,-0.023615524,0.28085086,0.6943084,-0.02757712,0.352515,0.6822772,-0.030632727,0.34607124,0.72709566,-0.023994787,0.32534003,0.74430317,-0.021681517,0.3106359,0.71358293,-0.04178117,0.36388338,0.71834403,-0.038909763,0.35614043,0.75748134,-0.03202907,0.33767423,0.7716377,-0.028562212,fist
0.2762197,0.87182915,-2.4765876e-07,0.25945923,0.7939912,0.0062053166,0.27076742,0.7166052,-0.00052612944,0.30812407,0.6655581,-0.010358657,0.33915597,0.64192957,-0.016688922,0.2346467,0.673825,-0.0011982303,0.30144,0.63228947,-0.012444027,0.30909613,0.67251235,-0.01858633,0.29871956,0.69754916,-0.02374119,0.2553383,0.67951673,-0.014109025,0.32728872,0.6549974,-0.021622548,0.32721955,0.6952359,-0.023891963,0.31134367,0.7148446,-0.026791364,0.28323194,0.6931672,-0.026976986,0.3504147,0.6812758,-0.029106872,0.3435337,0.7221658,-0.023497805,0.32356873,0.73805046,-0.022409987,0.31561932,0.71311945,-0.040494163,0.36370564,0.7182279,-0.037481986,0.35501248,0.755193,-0.031094844,0.33701113,0.76791334,-0.02821467,fist
0.27539593,0.86960924,-2.1691106e-07,0.2542414,0.7915104,0.0045980513,0.26378605,0.7120496,-0.002648703,0.30114818,0.66233927,-0.012029577,0.33420366,0.6457537,-0.017836962,0.22977155,0.67197055,-0.005292561,0.2932858,0.62943923,-0.015356957,0.30129176,0.668696,-0.020772045,0.29182717,0.69352084,-0.025691157,0.2537787,0.6787743,-0.016917715,0.32059905,0.6512641,-0.023713699,0.32144552,0.6902943,-0.026167361,0.30772936,0.7100431,-0.029122908,0.28491488,0.69279695,-0.028097255,0.34644064,0.6818986,-0.028927572,0.33958995,0.71951705,-0.0241934,0.3210466,0.7338632,-0.023824204,0.31966716,0.7124987,-0.03994412,0.36227378,0.71794164,-0.03541855,0.35307547,0.75231403,-0.029137809,0.3363523,0.76285017,-0.026548265,fist
0.27318254,0.8692634,-2.4193014e-07,0.24834952,0.79144573,0.0042042267,0.25527182,0.7135399,-0.0023041964,0.2894655,0.665044,-0.010393541,0.32289538,0.65001494,-0.015147192,0.22947404,0.66878,-0.0071746325,0.28813386,0.62895286,-0.015869616,0.29543132,0.666461,-0.020693844,0.2847766,0.69134307,-0.024938961,0.25955242,0.6778283,-0.017616907,0.317383,0.6499429,-0.021833183,0.31810772,0.6853618,-0.023257433,0.30481324,0.70613706,-0.02571862,0.29436854,0.6939783,-0.027244007,0.3432019,0.6826569,-0.02623339,0.33734497,0.71562904,-0.021063576,0.32042715,0.73161453,-0.020439168,0.3296876,0.715533,-0.037404466,0.3623207,0.71697164,-0.031501886,0.35340232,0.74824536,-0.02372389,0.33792973,0.76089585,-0.019826038,fist
0.27206677,0.86801887,-2.4943787e-07,0.24567807,0.7869993,0.006955889,0.2553476,0.70946956,0.00041772597,0.29005697,0.66115505,-0.008117988,0.32136416,0.6445398,-0.013417215,0.22715181,0.66859174,-0.00857583,0.2842036,0.6258782,-0.017159544,0.2921813,0.6634954,-0.021232145,0.28111354,0.6892831,-0.024682205,0.25805,0.6776063,-0.02006796,0.3139986,0.64915127,-0.023343239,0.31651396,0.68513715,-0.024350075,0.30330688,0.7063408,-0.026742449,0.2941805,0.69395447,-0.030147683,0.34142578,0.6833116,-0.027998803,0.3375296,0.71701324,-0.021984959,0.3209576,0.73376095,-0.02109138,0.33086675,0.7158429,-0.04043892,0.3618682,0.7184469,-0.03331772,0.3540064,0.7494509,-0.02470884,0.3390919,0.761732,-0.020389605,fist
0.27219623,0.8703188,-2.8374257e-07,0.244462,0.78783673,0.009859688,0.25345302,0.7102625,0.005538305,0.28534567,0.66078675,-0.0010708098,0.31414926,0.64241374,-0.004622231,0.22615823,0.66858494,-0.0050028325,0.28064722,0.6261744,-0.010900916,0.28895226,0.66398597,-0.013283119,0.2781673,0.689916,-0.01575815,0.2588553,0.67646766,-0.016777527,0.31115368,0.64977914,-0.01695968,0.3140426,0.68581074,-0.016976371,0.30113825,0.7074263,-0.01911916,0.2961122,0.6924932,-0.026767021,0.33937502,0.6829455,-0.022638358,0.33628213,0.7169031,-0.016554162,0.32055923,0.7349813,-0.015897082,0.33290675,0.71444875,-0.036620118,0.36029086,0.7190944,-0.028492536,0.35265592,0.74968255,-0.019837737,0.33817643,0.762478,-0.015499663,fist
0.2729829,0.87012565,-2.7512212e-07,0.24354742,0.78725076,0.008840924,0.2517721,0.7104606,0.003407169,0.2831855,0.6600864,-0.0040734066,0.31187895,0.64148206,-0.008509913,0.22511208,0.66784024,-0.008327159,0.2804342,0.6247263,-0.01481916,0.28905207,0.66285616,-0.017127808,0.27772447,0.689526,-0.019222004,0.25908205,0.6776954,-0.019791562,0.3110824,0.6491033,-0.020083245,0.31474647,0.68460244,-0.019483248,0.3024799,0.7074419,-0.021238593,0.29754174,0.6951819,-0.029392092,0.33942264,0.6824237,-0.025026472,0.33713818,0.7155316,-0.017949792,0.3224734,0.7355445,-0.016649017,0.3351453,0.7178955,-0.03892308,0.36092034,0.71731305,-0.030209992,0.35411078,0.7471539,-0.020300945,0.34099033,0.76206803,-0.0150542,fist
0.27276638,0.8700536,-2.857425e-07,0.24221614,0.7872688,0.009363795,0.25058272,0.71032155,0.0045251064,0.28161263,0.6593182,-0.0022798402,0.30981883,0.6403537,-0.006088436,0.22386624,0.6676418,-0.007750194,0.27914527,0.6245156,-0.0135082435,0.2877552,0.6625052,-0.015348777,0.27635393,0.6894536,-0.017108139,0.25885844,0.67734563,-0.018936869,0.3098417,0.6493726,-0.018406514,0.3133705,0.6846059,-0.017627437,0.30101094,0.7075704,-0.019378794,0.29810387,0.6946281,-0.028127309,0.33863866,0.68203205,-0.0233349,0.33633277,0.7148628,-0.01644804,0.32183072,0.7351299,-0.015299385,0.3359675,0.71702117,-0.037111163,0.36013162,0.71708256,-0.02812404,0.35294268,0.7467053,-0.018318847,0.33986756,0.7617322,-0.013130657,fist
0.27325553,0.8709477,-2.949352e-07,0.24153066,0.7878396,0.010210089,0.24950981,0.7105918,0.006356011,0.27990693,0.65904635,0.00054601615,0.30751684,0.6392118,-0.0022423102,0.2232641,0.6675108,-0.0059567057,0.27776816,0.6242553,-0.010266609,0.2865391,0.661499,-0.011102056,0.27483398,0.68859875,-0.012165212,0.2602452,0.6769637,-0.016949596,0.30894008,0.64901173,-0.0148652075,0.31281227,0.68371314,-0.0135074975,0.30053434,0.70708245,-0.0149933165,0.30067676,0.69399506,-0.02582306,0.33857015,0.67995995,-0.020096587,0.33674133,0.7127695,-0.012907725,0.32238,0.73429465,-0.011554494,0.33893055,0.71639246,-0.034363326,0.3611761,0.7146754,-0.024975235,0.35451913,0.74399716,-0.0148926005,0.34205455,0.7598882,-0.0093672685,fist
0.27405456,0.87176776,-2.914671e-07,0.24269083,0.7870575,0.0111580705,0.24937831,0.71052086,0.00817798,0.27993625,0.66197693,0.0030011374,0.3090902,0.6449826,0.0007412666,0.22508422,0.66802835,-0.0044030673,0.2792169,0.62381136,-0.0080129225,0.28813684,0.6602044,-0.008299935,0.27670553,0.68659014,-0.009016236,0.2626659,0.67694885,-0.015575522,0.31011528,0.64675486,-0.012986766,0.31427974,0.68101674,-0.011231513,0.302624,0.7049593,-0.01223947,0.3032482,0.69351083,-0.024604198,0.33900833,0.67875344,-0.018101722,0.33753785,0.7107905,-0.01089913,0.32375273,0.7326,-0.009482829,0.34120107,0.71606404,-0.033262167,0.36098096,0.71459925,-0.023305723,0.3545645,0.74280053,-0.013164115,0.34267536,0.7588389,-0.007562158,fist
0.27542403,0.8727019,-3.0180027e-07,0.24508008,0.7878624,0.011212749,0.25199914,0.7103349,0.00819918,0.2828118,0.6608575,0.0027544461,0.31201762,0.6445951,0.00028185124,0.2266734,0.66766614,-0.0023159692,0.28080845,0.62372124,-0.0066395192,0.28972602,0.6613864,-0.008395917,0.27838716,0.6886929,-0.010097932,0.26316315,0.6759746,-0.013778368,0.31114963,0.64678246,-0.011985426,0.3152935,0.68217945,-0.01166643,0.30321744,0.7062475,-0.013466533,0.30348897,0.6919558,-0.023243837,0.34031773,0.6779008,-0.017474182,0.33900824,0.7111361,-0.011135114,0.3252931,0.73292947,-0.010084626,0.34185314,0.71395963,-0.032380417,0.36272752,0.7129573,-0.023004021,0.35642114,0.7427578,-0.013262237,0.3450396,0.7592016,-0.007820312,fist
0.27692574,0.8723872,-2.9125263e-07,0.2462624,0.78726566,0.008961753,0.25426906,0.70879877,0.004730893,0.28616259,0.6588623,-0.0016692964,0.31512165,0.64207006,-0.0049808444,0.229322,0.66725314,-0.003818092,0.28366885,0.62329984,-0.00997877,0.29169968,0.66057336,-0.01358674,0.2796666,0.68741494,-0.016448056,0.26548088,0.6771891,-0.0146947345,0.3138098,0.648087,-0.014475751,0.31716388,0.6825787,-0.015157346,0.30458397,0.70601624,-0.017553966,0.30533665,0.6938952,-0.023903927,0.34226766,0.6794512,-0.01922684,0.34047636,0.71172726,-0.012894405,0.32655972,0.73293155,-0.011668087,0.34340692,0.71598035,-0.03304482,0.364116,0.7137016,-0.024049914,0.35742426,0.74318874,-0.013971485,0.34581763,0.7596376,-0.008229018,fist
0.27833417,0.8704348,-2.903161e-07,0.2480251,0.7842408,0.007453508,0.2560322,0.7070315,0.0019969179,0.28873688,0.65795016,-0.005320954,0.31920376,0.6410006,-0.009450241,0.23221408,0.66665345,-0.0069997706,0.28663015,0.6238966,-0.014040754,0.2939863,0.6612755,-0.017538002,0.2818174,0.68845856,-0.020246344,0.26792747,0.67646885,-0.017367411,0.31697422,0.65033036,-0.017896924,0.31933218,0.68497485,-0.018220063,0.30617905,0.70774835,-0.0204237,0.30718586,0.6935456,-0.0261524,0.34526232,0.6821905,-0.022319157,0.34229144,0.71389675,-0.016088976,0.32743365,0.73378474,-0.014945134,0.34453887,0.71599317,-0.034952823,0.36622292,0.71658117,-0.026869433,0.3590451,0.7458676,-0.017241113,0.34641623,0.7612595,-0.011771493,fist
0.2797907,0.8694427,-2.867255e-07,0.25120682,0.78482234,0.0061289934,0.25958169,0.7074241,-0.00042683704,0.29302412,0.65831375,-0.008793506,0.32356387,0.63994807,-0.013917003,0.23596199,0.6677756,-0.0082239285,0.293515,0.62738556,-0.016935287,0.29985458,0.66513926,-0.021491425,0.28744859,0.6920793,-0.025053654,0.2686881,0.6778497,-0.018929776,0.32128575,0.652308,-0.021540007,0.32251924,0.6867564,-0.022797955,0.3083254,0.7076887,-0.025639722,0.3058242,0.69530046,-0.02829609,0.34871697,0.68282366,-0.026152475,0.34540284,0.7144322,-0.01959934,0.32979172,0.732,-0.018245097,0.34195748,0.7183471,-0.03784272,0.36767894,0.71648186,-0.030707749,0.36097842,0.7459288,-0.020734362,0.3481667,0.7601713,-0.015179506,fist
0.28244564,0.86730385,-2.4525968e-07,0.2551697,0.7872516,0.004967611,0.2623446,0.7119606,-0.001934764,0.29675555,0.66440415,-0.010615966,0.32955757,0.64783037,-0.016025832,0.23953679,0.66746426,-0.008501891,0.29796204,0.6271644,-0.017135426,0.30449477,0.6638583,-0.021304822,0.2925216,0.6890095,-0.024747346,0.27004963,0.678712,-0.019086221,0.3259465,0.6509557,-0.022069285,0.3270321,0.68474585,-0.022518737,0.31316385,0.7052898,-0.024784284,0.304947,0.697722,-0.028663116,0.35104004,0.6845106,-0.026826004,0.34691352,0.71607774,-0.019911872,0.3311099,0.7326683,-0.018460268,0.33988312,0.72213954,-0.038632493,0.36974597,0.71840227,-0.03198704,0.3621175,0.7478466,-0.022310784,0.34813103,0.7612167,-0.017222278,fist
0.28370422,0.8698047,-2.4383357e-07,0.25995705,0.7914709,0.002726155,0.26808688,0.71357465,-0.0052701086,0.30403894,0.6631172,-0.014961185,0.3361769,0.6449034,-0.020880269,0.23945612,0.6715333,-0.008467691,0.30344814,0.6321381,-0.019889489,0.3098882,0.67031336,-0.025788708,0.2983888,0.69529796,-0.030889478,0.26552504,0.67968434,-0.01950127,0.33002934,0.6555012,-0.026873423,0.32968628,0.6914077,-0.029145299,0.3144796,0.70909494,-0.03241966,0.29722553,0.69536793,-0.030263154,0.35539976,0.684425,-0.03282162,0.34891737,0.71907073,-0.027615827,0.33042622,0.73193955,-0.027018806,0.33181164,0.7171627,-0.041741412,0.371974,0.72076327,-0.03971514,0.36263993,0.7544671,-0.033310946,0.34536877,0.76559645,-0.030390857,fist
0.284202,0.8712334,-2.4994145e-07,0.26562858,0.7951798,0.0037891425,0.27601445,0.7175793,-0.0034176286,0.3136128,0.66613024,-0.013101127,0.3441241,0.64126265,-0.019072892,0.24124202,0.6761716,-0.0051738536,0.3089572,0.63506246,-0.018591294,0.31722558,0.67413825,-0.025219863,0.30697268,0.69884443,-0.030269226,0.26233473,0.6805542,-0.016879145,0.33488774,0.6583385,-0.026556155,0.33480054,0.69806087,-0.028822275,0.31856877,0.7160838,-0.03142211,0.290708,0.69332445,-0.028765712,0.35834002,0.68357086,-0.033639375,0.3515205,0.72429806,-0.027955275,0.3316952,0.73879784,-0.026243573,0.32323787,0.71319497,-0.04139978,0.37190837,0.7204421,-0.04075942,0.3628556,0.7577684,-0.034870706,0.3443822,0.7697742,-0.031918302,fist
0.2858191,0.8701505,-2.5695488e-07,0.26871946,0.79604983,0.005630535,0.28078187,0.72080755,-0.0010999299,0.31890675,0.6698847,-0.010708976,0.3488701,0.6429083,-0.01692247,0.24636689,0.6758648,-0.0033661325,0.3146,0.63721836,-0.015903112,0.3234752,0.67604744,-0.022159839,0.3137147,0.7008092,-0.02686937,0.26635867,0.6809315,-0.015577883,0.34021637,0.6621419,-0.02375223,0.34024778,0.7022435,-0.025226528,0.32352963,0.72097754,-0.02759769,0.29328978,0.6950065,-0.027787833,0.3616011,0.6861792,-0.032187015,0.35547918,0.7276035,-0.02596091,0.33571595,0.7435219,-0.023834787,0.32369074,0.7158291,-0.040487826,0.37395388,0.7214511,-0.039621957,0.36610785,0.758372,-0.032992724,0.34792936,0.7715343,-0.029364118,fist
0.28863934,0.8712477,-2.5104987e-07,0.27397233,0.7984977,0.0064061573,0.28609586,0.7240036,0.00020788678,0.3228793,0.67230195,-0.009148749,0.35210273,0.6442132,-0.014981014,0.24861781,0.6786554,-0.0011550139,0.3170538,0.6382131,-0.01390953,0.3259797,0.677206,-0.020082014,0.31628004,0.70161253,-0.024523674,0.2667996,0.68243104,-0.013761676,0.34150633,0.66207236,-0.022792814,0.34138888,0.7025274,-0.0241846,0.32480294,0.72104985,-0.025988895,0.29215586,0.6956981,-0.026580112,0.3618577,0.6872912,-0.031693045,0.3555147,0.72989947,-0.025688678,0.3357268,0.7453983,-0.023273798,0.32175812,0.715792,-0.039845325,0.3732227,0.7225552,-0.039117813,0.36496142,0.759555,-0.03293245,0.34630468,0.77202,-0.029511178,fist
0.28752175,0.8745451,-2.783571e-07,0.28495473,0.8016368,0.003930292,0.29854745,0.7261508,-0.0022232914,0.33218932,0.6746183,-0.011177806,0.35943484,0.64463043,-0.01622879,0.25346223,0.67750525,0.0003894261,0.32432085,0.64127064,-0.013317446,0.33187437,0.681246,-0.021257335,0.32000157,0.70288366,-0.02728353,0.26639214,0.67990077,-0.01083832,0.34703454,0.66653764,-0.020102073,0.3453159,0.70844257,-0.021304995,0.32631624,0.72442734,-0.023492899,0.28776872,0.69254124,-0.023036964,0.36429465,0.689312,-0.028651405,0.3562536,0.73214465,-0.023263294,0.33441785,0.7459984,-0.02161752,0.3145788,0.7126827,-0.03611883,0.37247738,0.7231932,-0.03634805,0.36402175,0.7598524,-0.032013413,0.34401354,0.7713992,-0.030201238,fist
0.2872583,0.87619185,-2.921317e-07,0.29043594,0.8018289,0.0069047553,0.30551058,0.72844404,0.0024146268,0.33837357,0.679087,-0.005725993,0.36435595,0.6483449,-0.010318739,0.2580303,0.67547333,0.006501318,0.32946023,0.64507526,-0.005588515,0.33532277,0.6846796,-0.0133309625,0.32227358,0.70573366,-0.01917609,0.26922214,0.6779816,-0.0056302063,0.35097718,0.67004013,-0.012872049,0.34742612,0.7123234,-0.013734656,0.32699934,0.7275411,-0.015843382,0.28900525,0.69166857,-0.018724553,0.36584657,0.6929846,-0.022777123,0.35637036,0.7352242,-0.017828578,0.33350894,0.74847347,-0.016689569,0.3135634,0.7127011,-0.032449182,0.3716603,0.7238402,-0.03107854,0.3630726,0.7597603,-0.026313623,0.34302983,0.7715486,-0.024382176,fist
0.28969517,0.87631273,-2.479454e-07,0.3090027,0.805793,0.0020180163,0.32308304,0.73544747,-0.003959603,0.34674242,0.6854951,-0.012800038,0.36375374,0.65057236,-0.017482469,0.25965607,0.6761667,0.0057186917,0.3333421,0.64905894,-0.008312763,0.337448,0.6893666,-0.017511796,0.322705,0.70884687,-0.024374526,0.2654848,0.6769467,-0.0043300595,0.35158575,0.66881216,-0.014386698,0.3475482,0.7112466,-0.015812853,0.32759818,0.7245281,-0.01771978,0.281678,0.6899952,-0.016220631,0.3648748,0.6914433,-0.022804394,0.35533935,0.7334318,-0.01848461,0.33298144,0.7450697,-0.017447254,0.30502096,0.7100848,-0.029233081,0.36814165,0.7238027,-0.030410888,0.35987303,0.7588044,-0.027805213,0.33975714,0.7684349,-0.02733608,fist
0.2942989,0.87297356,-2.5092305e-07,0.33500692,0.79881483,0.003967169,0.34664953,0.73766285,-0.0013137592,0.3574876,0.6919304,-0.010331367,0.36221838,0.6516681,-0.015147662,0.2626807,0.6748581,0.010337387,0.33774915,0.652166,-0.0049532927,0.34183016,0.69309235,-0.01594736,0.32662234,0.71331125,-0.024085298,0.26122245,0.6753808,-0.0013896864,0.35157493,0.6680728,-0.013112303,0.34975564,0.7114679,-0.015451019,0.33161777,0.72552633,-0.017670434,0.27252844,0.68821836,-0.015272346,0.36152378,0.68924254,-0.023029467,0.35413238,0.7318263,-0.01896243,0.33281636,0.7449767,-0.018126186,0.2936773,0.70781195,-0.030315666,0.36097515,0.7221329,-0.033506054,0.35411158,0.75750196,-0.03222391,0.33457422,0.76741177,-0.03263757,fist
0.29368848,0.87313724,-3.175761e-07,0.33862928,0.80116135,0.008403879,0.35050276,0.7429605,0.005728918,0.36202058,0.6987145,-0.001463829,0.36513656,0.6562585,-0.0048901644,0.26555395,0.67679816,0.016443605,0.3414573,0.65844655,0.0025401078,0.34555453,0.7016016,-0.00857753,0.32913414,0.72081167,-0.017451687,0.26306492,0.6755883,0.002288802,0.354539,0.6676797,-0.008713848,0.3522982,0.71414477,-0.0111494595,0.3327647,0.7305176,-0.013606275,0.27223238,0.6873382,-0.013865448,0.36165205,0.68778145,-0.020724414,0.35462013,0.7341855,-0.01595704,0.3318482,0.74942154,-0.015098462,0.29141542,0.7059093,-0.030948719,0.35856247,0.720648,-0.03448433,0.3522091,0.7581618,-0.03330305,0.33186603,0.7683903,-0.033947665,fist
0.29604962,0.8753072,-2.6470448e-07,0.34564406,0.80465734,0.007171632,0.35700756,0.74647504,0.004402932,0.36777824,0.70196855,-0.0029930873,0.3676501,0.65874195,-0.006443176,0.26895037,0.67713237,0.017789632,0.3431296,0.6593683,0.00256828,0.348689,0.70171946,-0.00825538,0.33375075,0.71980375,-0.016123297,0.26299307,0.67803216,0.004411596,0.35399708,0.6688316,-0.008990952,0.35454044,0.7182907,-0.011039592,0.33659875,0.73285836,-0.01167003,0.2691078,0.69111615,-0.01149772,0.35910243,0.68970853,-0.021443292,0.3544325,0.7374344,-0.017166032,0.3328076,0.75069743,-0.014896088,0.2852425,0.7104009,-0.028261606,0.35519502,0.7222009,-0.033369385,0.35038444,0.7585897,-0.0326749,0.3309919,0.7666372,-0.03265892,fist
0.29831877,0.8817822,-3.7675818e-07,0.34868658,0.8184294,0.007931589,0.36232015,0.7590301,0.0064545604,0.3758328,0.70950407,-0.0004752192,0.37186646,0.66480654,-0.00336738,0.27511188,0.6802849,0.024414795,0.34638375,0.6622698,0.0053178985,0.352381,0.71399605,-0.007800964,0.33639166,0.7337994,-0.016205514,0.26548806,0.67952156,0.009256126,0.35278818,0.6664177,-0.010880872,0.35307038,0.7265896,-0.016073333,0.33336762,0.74231,-0.01588835,0.26719946,0.6918528,-0.009017858,0.35484013,0.6886165,-0.026886052,0.3519911,0.74634206,-0.023136534,0.3289448,0.7601145,-0.017517637,0.27872097,0.7117629,-0.02770497,0.34693402,0.7175357,-0.037715554,0.34269878,0.7572275,-0.0360603,0.32155475,0.76573646,-0.032968607,fist
0.30260965,0.8797114,-3.3106613e-07,0.3497855,0.8198148,-6.430264e-05,0.36611584,0.76188934,-0.0044104336,0.37823847,0.7109313,-0.012292112,0.3724544,0.66318166,-0.015407433,0.28251943,0.6803838,0.017266093,0.35114163,0.66329414,-0.0044748452,0.35694999,0.7157588,-0.018736744,0.34129605,0.7357355,-0.027037887,0.2696324,0.6791328,0.006476539,0.3539265,0.6689235,-0.01528603,0.35468206,0.7281259,-0.021284439,0.33558232,0.74409544,-0.021282509,0.26725543,0.69119525,-0.007991193,0.3515032,0.69266427,-0.028030941,0.3491432,0.74800366,-0.025051387,0.3270588,0.76131225,-0.019109674,0.27368078,0.7109893,-0.023360552,0.34074894,0.72017676,-0.0345409,0.33829612,0.7595593,-0.032677077,0.3182899,0.7693995,-0.028693397,fist
0.30572024,0.8823935,-3.3353604e-07,0.34997776,0.8273582,-0.0046989853,0.36928114,0.767046,-0.01094376,0.38246748,0.71345323,-0.019923806,0.37327734,0.66417766,-0.023620967,0.29103303,0.6808211,0.014257316,0.3539832,0.66133267,-0.010417003,0.36036786,0.7163783,-0.025491063,0.34542733,0.74023324,-0.03306491,0.27560335,0.68005353,0.0056695743,0.35356304,0.668498,-0.017961146,0.35568246,0.7316022,-0.023273915,0.33726168,0.7490384,-0.021820279,0.26889455,0.6917913,-0.007405187,0.34802085,0.69268036,-0.0305755,0.34686285,0.7511324,-0.026996668,0.32573056,0.7660982,-0.01913354,0.27036947,0.71169055,-0.021612318,0.33569923,0.7177543,-0.034148835,0.33487397,0.7584395,-0.03128228,0.31517678,0.771192,-0.025592538,fist
0.30592456,0.88326585,-3.456237e-07,0.34988385,0.82859707,-0.0042256247,0.37204862,0.7677841,-0.009765138,0.38748017,0.7131955,-0.018956715,0.3754696,0.6671357,-0.02304944,0.30406463,0.681908,0.018759405,0.35938287,0.65916884,-0.0070177224,0.3651054,0.7151829,-0.022185707,0.35060945,0.73855585,-0.029189,0.2860486,0.68145853,0.009446513,0.3542621,0.6681593,-0.016011944,0.3565722,0.7339742,-0.021519035,0.33885846,0.749396,-0.019061426,0.27425268,0.6922826,-0.0048892214,0.34574905,0.68988067,-0.030807368,0.34494808,0.752145,-0.026668258,0.32394987,0.76624346,-0.017000653,0.26905018,0.71066505,-0.020293321,0.33011332,0.7148417,-0.034349237,0.32977027,0.75718343,-0.030589888,0.31020853,0.76924306,-0.023351885,fist
0.3051463,0.88467926,-3.204093e-07,0.3513663,0.8316213,-0.008225005,0.375278,0.76834095,-0.015150547,0.3897446,0.71243215,-0.024901656,0.3767283,0.6682565,-0.029536568,0.31279042,0.6820905,0.01365589,0.36537242,0.65874183,-0.013898694,0.36998782,0.7145171,-0.030333176,0.35555685,0.73950523,-0.037926227,0.29284504,0.68254757,0.006562644,0.35678092,0.667736,-0.02179421,0.35879952,0.7338275,-0.029053995,0.34135067,0.75212365,-0.027075963,0.27837533,0.6931236,-0.005613303,0.3451428,0.6909339,-0.0336172,0.34499007,0.75230426,-0.030209761,0.32508165,0.7675378,-0.020224757,0.26962766,0.71137166,-0.019071132,0.32789084,0.7165236,-0.034380026,0.32795295,0.75769955,-0.03096377,0.30858687,0.7691068,-0.023574283,fist
0.30622694,0.88675535,-2.9703858e-07,0.35309282,0.83123064,-0.008221541,0.37670434,0.7669103,-0.014885893,0.38999245,0.70964444,-0.024710396,0.37671056,0.6652572,-0.029233383,0.31780544,0.6866336,0.015623518,0.3675311,0.66329634,-0.012630921,0.37180677,0.7183852,-0.028112777,0.35605145,0.73799163,-0.03467739,0.29715055,0.6875205,0.008416375,0.35705137,0.66951156,-0.021322114,0.35937685,0.7367973,-0.02762791,0.3407026,0.749512,-0.024404585,0.28118622,0.69669116,-0.004209532,0.3436516,0.6921805,-0.03509376,0.3439364,0.75477797,-0.03104917,0.3225143,0.76627654,-0.019646896,0.26972845,0.712838,-0.017820723,0.32495883,0.71558654,-0.034300853,0.32529813,0.75741273,-0.029777657,0.30486968,0.76707053,-0.021205189,fist
0.30485174,0.8865024,-2.9160708e-07,0.35158244,0.8320154,-0.009887657,0.3780998,0.76795423,-0.01697739,0.39291894,0.7081622,-0.026744075,0.37772605,0.6636162,-0.031144122,0.32168877,0.69062215,0.013900157,0.36777788,0.6672324,-0.013626251,0.36966264,0.7244794,-0.028192895,0.35038546,0.7414244,-0.034532875,0.30012637,0.69080174,0.007171287,0.35455006,0.66851246,-0.021990538,0.35681564,0.737451,-0.027992291,0.3358674,0.7474536,-0.025019526,0.28156725,0.69934577,-0.0049634576,0.3390428,0.6874939,-0.036553875,0.34093335,0.75244147,-0.031769924,0.31756887,0.7629769,-0.020102402,0.26561123,0.7152643,-0.018004084,0.319126,0.7119071,-0.035892237,0.32100978,0.7555905,-0.03060856,0.29898423,0.76622474,-0.021503244,fist
0.3030448,0.8857243,-2.9386848e-07,0.35067832,0.8345461,-0.01217786,0.38089204,0.7682067,-0.019136375,0.39560303,0.7048123,-0.027782412,0.37793073,0.6625111,-0.031021666,0.32536575,0.69210744,0.01032757,0.36922592,0.6678826,-0.015885733,0.36977488,0.72664183,-0.028667102,0.3492842,0.74114394,-0.0341766,0.30212995,0.69152933,0.005115088,0.35331205,0.6691707,-0.023224717,0.3551803,0.7390542,-0.028483948,0.3343162,0.7467068,-0.025254225,0.28186488,0.70038444,-0.0053424146,0.3358432,0.68854994,-0.037189916,0.33767024,0.75470257,-0.032087322,0.31401587,0.76286405,-0.020333922,0.2636149,0.7167463,-0.016663944,0.31496048,0.7126679,-0.03560858,0.31732035,0.75692856,-0.030463027,0.2950737,0.76627374,-0.02140144,fist
0.2986748,0.8845571,-2.9866194e-07,0.34938034,0.8362647,-0.013425,0.38221925,0.7701583,-0.020101327,0.39694405,0.7038528,-0.028215878,0.3776822,0.66101724,-0.031034753,0.33373272,0.69717664,0.010976585,0.37315348,0.6714624,-0.015745917,0.3712464,0.7287041,-0.028319422,0.35027426,0.7415551,-0.033516653,0.30907527,0.6947046,0.0062398817,0.3539183,0.6684966,-0.02327607,0.35406607,0.7394464,-0.028955692,0.33297622,0.7454598,-0.025285818,0.28608897,0.70186573,-0.004025396,0.3329707,0.6886448,-0.03794329,0.33439803,0.75609714,-0.03314039,0.31075817,0.7616719,-0.020816091,0.26364782,0.71649665,-0.015047785,0.30947244,0.7133544,-0.035502717,0.31178138,0.7584662,-0.030411508,0.28976464,0.76527363,-0.020979695,fist
0.29573312,0.8812725,-2.768854e-07,0.34810364,0.8416124,-0.01664622,0.38354945,0.7725594,-0.023541672,0.39902765,0.7032553,-0.030928446,0.37734777,0.6617924,-0.032963697,0.34232217,0.70331776,0.006152819,0.3748248,0.6729774,-0.020000815,0.37279412,0.72691655,-0.030119494,0.35427958,0.7388076,-0.033336483,0.31561434,0.7002085,0.0030672373,0.35333055,0.66770095,-0.02689367,0.35260624,0.74040526,-0.030632054,0.33336565,0.7442271,-0.024963995,0.28977653,0.7058781,-0.005627294,0.32848334,0.68904334,-0.04129022,0.3292269,0.7578942,-0.035010733,0.3067574,0.7607227,-0.02110651,0.26342234,0.7180363,-0.015065202,0.30327702,0.71128285,-0.037009213,0.30470878,0.7576451,-0.030814406,0.2825417,0.76299363,-0.020387746,fist
0.29327047,0.8756793,-2.8025417e-07,0.34659302,0.8436352,-0.018578121,0.38673022,0.7737957,-0.024905715,0.4001301,0.703569,-0.0307384,0.37805197,0.6608333,-0.03099754,0.35316062,0.7076201,0.00047339813,0.37846935,0.67007554,-0.02385138,0.37654927,0.7253952,-0.03023798,0.35979104,0.7358576,-0.030947987,0.32428494,0.70297676,-0.00096547516,0.3539932,0.66653275,-0.029138558,0.35304365,0.74216056,-0.030239493,0.33549845,0.74327713,-0.02343027,0.29468358,0.7082028,-0.007677593,0.32568893,0.68606097,-0.042881064,0.32706204,0.7583949,-0.034192495,0.30675974,0.7608255,-0.019208495,0.26226762,0.71881014,-0.015076465,0.29631966,0.7100663,-0.03760143,0.29970458,0.7584604,-0.030170958,0.2792492,0.7630335,-0.019003553,fist
0.28911522,0.8696944,-3.0954757e-07,0.34268448,0.8474019,-0.019235589,0.3880947,0.774239,-0.024623783,0.40219295,0.699412,-0.028913612,0.37714925,0.65903723,-0.02805323,0.35892344,0.7130543,-0.0035094656,0.3787176,0.6707256,-0.026426882,0.37580472,0.7259214,-0.032737147,0.36106876,0.73592335,-0.033928037,0.3276329,0.7085894,-0.0038880676,0.3497407,0.6681737,-0.031395048,0.35016727,0.7438746,-0.032961845,0.3356702,0.7452681,-0.02702345,0.2958716,0.7133422,-0.008802829,0.31749564,0.68269444,-0.04271721,0.32227457,0.755119,-0.032607783,0.3057635,0.759884,-0.017364362,0.26010704,0.722219,-0.014380363,0.28753018,0.7063585,-0.03628583,0.2942221,0.75503,-0.027319968,0.27765745,0.7613389,-0.015362952,fist
0.28517306,0.8669369,-3.3147785e-07,0.33710238,0.8501019,-0.019765105,0.3878289,0.7742588,-0.02409601,0.39980716,0.6957232,-0.026639245,0.37114713,0.65636116,-0.023927925,0.36501542,0.7178991,-0.0034635875,0.38088617,0.6747606,-0.024468128,0.37526077,0.72539055,-0.0300204,0.36112225,0.734535,-0.031105788,0.33254912,0.7128163,-0.0032220555,0.34876156,0.66997236,-0.028302645,0.34755585,0.74305105,-0.029396892,0.33606285,0.7411674,-0.023729403,0.29949865,0.7174933,-0.007325307,0.3138101,0.682017,-0.03951143,0.31892824,0.75349927,-0.028830245,0.30624953,0.7553825,-0.014123809,0.26155326,0.7259964,-0.012139705,0.2814328,0.70807964,-0.033832412,0.28736818,0.75681335,-0.024790196,0.2736451,0.76054287,-0.0133848395,fist
0.28426003,0.86552,-3.0735976e-07,0.33534288,0.85422796,-0.019275278,0.3867547,0.7784749,-0.023422712,0.39818478,0.69760877,-0.025747512,0.37098575,0.6556084,-0.022424137,0.36994594,0.7217441,-0.0029244118,0.38341606,0.67809135,-0.023298884,0.37526727,0.7253398,-0.027308943,0.36210936,0.7329486,-0.027298272,0.3360188,0.7148862,-0.0026037423,0.3502046,0.66947776,-0.025612907,0.34629083,0.74318534,-0.023677878,0.33825684,0.73820406,-0.016128384,0.30190533,0.71814626,-0.0068011764,0.31287014,0.6821334,-0.037252355,0.31599197,0.754205,-0.024336474,0.30613166,0.7539149,-0.0086497795,0.26318908,0.72409075,-0.011825319,0.2796756,0.7081382,-0.03230642,0.2845667,0.7569958,-0.022662846,0.27357453,0.7583579,-0.011218172,fist
0.28355494,0.86136734,-3.2272573e-07,0.33323935,0.8583751,-0.017701648,0.38597643,0.7800363,-0.020731322,0.39858443,0.6962176,-0.022291433,0.37101012,0.65475,-0.018174475,0.37258315,0.7228188,-0.0019772132,0.38315472,0.67474765,-0.022476794,0.37456554,0.7233155,-0.027350765,0.3643374,0.7346973,-0.028153766,0.33766973,0.7157845,-0.002006967,0.3495651,0.6686204,-0.024513653,0.3448934,0.74514776,-0.021830572,0.3396371,0.7421096,-0.01370446,0.30352575,0.719212,-0.0065167346,0.31217635,0.6817675,-0.03506177,0.3151557,0.7543783,-0.020483691,0.30686033,0.7564679,-0.0041607907,0.2652461,0.7231306,-0.012013454,0.27885282,0.70841014,-0.031385187,0.28382975,0.7586693,-0.021420177,0.27528134,0.761143,-0.009948593,fist
0.2845788,0.86219,-3.1064545e-07,0.33290717,0.8590938,-0.0182486,0.38554358,0.779505,-0.021551099,0.3966625,0.69483036,-0.02368947,0.3679514,0.6536067,-0.020073386,0.37314743,0.7212569,0.00021040817,0.38214406,0.6722941,-0.021121155,0.37325746,0.72134656,-0.027282914,0.3657073,0.73359644,-0.02895088,0.3372261,0.7145552,-0.000467249,0.34798908,0.66975033,-0.024421845,0.34266615,0.7471131,-0.023119975,0.33900344,0.74407274,-0.0155480895,0.30250484,0.71889836,-0.005950129,0.3103104,0.68183154,-0.036677245,0.31254587,0.7557467,-0.02316389,0.30595532,0.75730723,-0.0067166034,0.2640711,0.72378904,-0.012400563,0.27701518,0.7071155,-0.03291725,0.28110152,0.7585473,-0.022835558,0.2732889,0.7613859,-0.010820578,fist
0.2850646,0.86378986,-3.108811e-07,0.33382288,0.85982585,-0.019133184,0.38670862,0.77915627,-0.022375787,0.39755824,0.6937446,-0.02425706,0.36846444,0.6531889,-0.020179477,0.37315896,0.72008246,0.000952993,0.3818144,0.67080456,-0.020844951,0.37380022,0.7200167,-0.027318614,0.36585376,0.7330055,-0.0288948,0.33787107,0.7141764,0.0008724173,0.3475338,0.6684484,-0.02293271,0.34363374,0.7461902,-0.02148061,0.34010795,0.74307853,-0.013630226,0.3033851,0.71843576,-0.004318256,0.31000733,0.6815792,-0.035293665,0.3133607,0.755615,-0.02196107,0.30750635,0.7565851,-0.005448438,0.26482117,0.72381055,-0.01056428,0.2771385,0.707389,-0.031170694,0.28203902,0.7592776,-0.021183953,0.2748935,0.7623223,-0.009122218,fist
0.2854149,0.86430615,-3.162673e-07,0.33555517,0.8592549,-0.01877541,0.3882079,0.77860177,-0.021727951,0.39871657,0.69327766,-0.023416061,0.37010297,0.65301704,-0.019218521,0.37412462,0.7204047,0.0008324623,0.3841821,0.6717296,-0.020739423,0.37620136,0.7211302,-0.026778078,0.36736888,0.73422635,-0.02812171,0.3391651,0.71412426,0.0004614443,0.349753,0.6674899,-0.023542998,0.34599942,0.7450212,-0.022102823,0.34161925,0.7429871,-0.01424092,0.30484793,0.7183783,-0.0049063857,0.31229407,0.6810319,-0.036283065,0.31575087,0.7555877,-0.02300294,0.3091136,0.7577018,-0.0064042634,0.26613432,0.72410274,-0.011247446,0.27918518,0.7075006,-0.032263607,0.2844759,0.75936055,-0.02235092,0.27692258,0.7628027,-0.010270607,fist
0.2855206,0.8654295,-3.1044038e-07,0.3358522,0.8599682,-0.018799746,0.3888417,0.7794578,-0.021991378,0.40002924,0.69405574,-0.02390294,0.37032565,0.6537397,-0.019878935,0.37334615,0.72007155,0.00061199284,0.3837982,0.67178476,-0.020773113,0.37601736,0.7212115,-0.026359882,0.36680195,0.73337716,-0.027365511,0.33853313,0.714008,0.00017479603,0.34962422,0.66829264,-0.0235297,0.34574118,0.74633723,-0.021672437,0.34103462,0.742897,-0.013582774,0.3042771,0.7184446,-0.005266732,0.31235412,0.68150425,-0.0365129,0.31590927,0.75652385,-0.023176374,0.3086857,0.75772715,-0.0065829977,0.2656358,0.72445065,-0.011665325,0.2794271,0.70784867,-0.03257212,0.28474206,0.7596694,-0.0226439,0.27655447,0.7627181,-0.010576987,fist
0.2862728,0.86564237,-3.2765095e-07,0.33577973,0.8605062,-0.018576303,0.38897863,0.77935827,-0.021679915,0.39988,0.6949671,-0.023409147,0.3705334,0.6538677,-0.019132134,0.37528896,0.7195643,-0.0014177534,0.38722324,0.6710984,-0.022521403,0.37764776,0.72147834,-0.02752257,0.36688367,0.732366,-0.028403131,0.3397791,0.71313274,-0.0018830205,0.352131,0.6672566,-0.026062503,0.34734482,0.7454954,-0.024326043,0.34160596,0.7419069,-0.0164813,0.30517834,0.7182244,-0.00701903,0.314162,0.6804927,-0.038036175,0.317622,0.75592273,-0.024344202,0.30930808,0.7573,-0.007866811,0.26665887,0.72413236,-0.013092148,0.28099945,0.70875436,-0.034003124,0.28633,0.76050645,-0.024298733,0.2773776,0.7625207,-0.012623554,fist
0.28646544,0.8685518,-3.1191308e-07,0.33586952,0.85834724,-0.019127747,0.38819364,0.7792213,-0.023056269,0.40037936,0.69721764,-0.025755946,0.37214923,0.6544605,-0.022623977,0.37357074,0.7177208,-0.0018807158,0.38660502,0.67142314,-0.023749707,0.37826672,0.7208786,-0.029228086,0.3660587,0.73236287,-0.029951405,0.33841646,0.7111808,-0.0026028852,0.35197452,0.667773,-0.026943155,0.3480906,0.74435014,-0.025929643,0.3405739,0.7413333,-0.018665195,0.30372763,0.71654165,-0.008120634,0.31469095,0.67995983,-0.040169615,0.31818417,0.7554375,-0.027802529,0.30818585,0.7565324,-0.011912858,0.2651723,0.7246574,-0.014541227,0.28183532,0.70919734,-0.036086373,0.28658497,0.75969046,-0.026652142,0.2755679,0.7612268,-0.014977024,fist
0.2852859,0.8671468,-3.306756e-07,0.33508328,0.8588019,-0.01921339,0.38706693,0.77890646,-0.023206914,0.399163,0.69615805,-0.025819166,0.37171775,0.6530081,-0.02257971,0.37186563,0.71727705,-0.0036163982,0.38576114,0.6685098,-0.02566273,0.37775892,0.72001225,-0.03069508,0.36509717,0.73292404,-0.031052228,0.33703807,0.71108735,-0.003943267,0.35101905,0.66556865,-0.028053692,0.34717742,0.7433203,-0.025999427,0.33926868,0.7409045,-0.018056924,0.30252776,0.71625316,-0.009038244,0.31384012,0.68015903,-0.04047104,0.31724066,0.75529504,-0.027296863,0.30714807,0.75665814,-0.0111173615,0.26409742,0.7236352,-0.01505448,0.28121018,0.708924,-0.036430772,0.28598014,0.759754,-0.02698564,0.2746419,0.76149833,-0.015422232,fist
0.28459576,0.8687508,-3.190749e-07,0.33465514,0.8563794,-0.01852011,0.385843,0.77702856,-0.022394158,0.39873576,0.6955223,-0.02503392,0.37098855,0.65234,-0.022089299,0.3687209,0.71557057,-0.0033626552,0.38224378,0.6688311,-0.024236575,0.37516516,0.7198697,-0.029002793,0.3625035,0.73112124,-0.029610163,0.33410352,0.7102492,-0.004161057,0.3479722,0.66608816,-0.027356045,0.34524736,0.74278545,-0.025733095,0.33650327,0.74032253,-0.018680882,0.29931003,0.7162579,-0.009483779,0.31129187,0.67889196,-0.040369134,0.3155551,0.7540787,-0.027747162,0.30443823,0.75569326,-0.012283856,0.26064026,0.725313,-0.015618095,0.2790032,0.7082014,-0.036583386,0.28429925,0.7580617,-0.026967866,0.27211404,0.7602345,-0.015534708,fist
0.2832595,0.8656837,-3.301856e-07,0.33486462,0.85445505,-0.018704928,0.38555938,0.7755109,-0.022216443,0.3971516,0.6938,-0.024282092,0.37057057,0.6516378,-0.02067041,0.36765113,0.71548283,-0.0037663833,0.38219756,0.6680099,-0.025133355,0.3750718,0.7188212,-0.029483542,0.36200327,0.7309456,-0.0294902,0.3333086,0.7105044,-0.0040305685,0.3476672,0.66437554,-0.02840182,0.34502542,0.74039567,-0.026976878,0.33624017,0.73870456,-0.019665264,0.29880857,0.7156037,-0.008807513,0.311201,0.6786975,-0.041042387,0.31469297,0.75315297,-0.028567864,0.30370063,0.75505286,-0.012713449,0.25984195,0.7233896,-0.014278013,0.27879694,0.70609796,-0.036360968,0.28357354,0.7566414,-0.027098779,0.2710892,0.75925195,-0.015605062,fist
0.28337377,0.86719114,-3.130508e-07,0.33508897,0.8540391,-0.01948469,0.38543606,0.7750413,-0.023316257,0.3964486,0.6940364,-0.025554955,0.3698334,0.65114194,-0.022132063,0.36611247,0.71354574,-0.0049357773,0.38024193,0.6664337,-0.026471758,0.37445036,0.7182619,-0.031227617,0.36192003,0.7311174,-0.031503942,0.33152676,0.7089032,-0.005049446,0.34595686,0.6639639,-0.029225666,0.3443206,0.7399353,-0.028282879,0.33488277,0.7390191,-0.021513756,0.29660615,0.71466684,-0.009701819,0.30952772,0.67865175,-0.042085957,0.31366977,0.7534592,-0.030493535,0.3020162,0.7554544,-0.015232627,0.25754875,0.7238431,-0.015060121,0.27758902,0.7065815,-0.037334867,0.28269196,0.75644934,-0.028393542,0.26953155,0.75903636,-0.017096398,fist
0.28928128,0.87239647,-2.4305166e-07,0.34223583,0.8475088,-0.018307334,0.38635606,0.7679325,-0.023439975,0.39712542,0.69307476,-0.02749141,0.3715829,0.6501291,-0.026187366,0.3599849,0.7052446,-0.0048178267,0.37724778,0.6638891,-0.026707647,0.37654784,0.7173681,-0.03219373,0.36183086,0.7309986,-0.032576647,0.32703117,0.7023308,-0.0060581826,0.34615988,0.6605358,-0.030039396,0.34925404,0.7356909,-0.030701924,0.3365214,0.73774624,-0.025150688,0.29292658,0.7096559,-0.011603509,0.312511,0.67804307,-0.04380189,0.31983334,0.7523482,-0.034299474,0.30443603,0.75483286,-0.02033822,0.2556954,0.7226288,-0.017660473,0.28266862,0.7068805,-0.03984507,0.2895719,0.7548122,-0.031235125,0.2729171,0.7583555,-0.020032378,fist
0.29934838,0.87925947,-2.0533022e-07,0.35247344,0.84034383,-0.013039414,0.385851,0.7607599,-0.01881871,0.39742807,0.69206434,-0.025726447,0.37215987,0.65343344,-0.02760578,0.33957142,0.69334805,0.0018876441,0.36602622,0.65953356,-0.02469214,0.3708526,0.7172658,-0.034136415,0.35670862,0.73509765,-0.036010392,0.3118082,0.6916048,-0.003347079,0.34608892,0.6598132,-0.031864934,0.3499553,0.7374341,-0.034100443,0.33260357,0.74451727,-0.02800846,0.28370777,0.69882655,-0.0133710895,0.32132712,0.6815236,-0.048964467,0.32479614,0.7555417,-0.040781494,0.30441177,0.7606402,-0.025711657,0.25492463,0.7142298,-0.023630198,0.29777086,0.70499927,-0.045768403,0.30198985,0.7547389,-0.036543626,0.2806977,0.7630064,-0.023853835,fist
0.30809706,0.88567764,-2.2446608e-07,0.35440996,0.8285702,-0.0052741133,0.37891364,0.7579554,-0.011762821,0.39360496,0.69656515,-0.021450792,0.3758691,0.65352494,-0.026428854,0.3142461,0.6787384,0.01098968,0.36059937,0.6554019,-0.016730225,0.36459756,0.71430606,-0.03144815,0.34763014,0.7336805,-0.03770593,0.29054278,0.6815003,0.0018243833,0.3480925,0.6618506,-0.025854647,0.35170856,0.7325726,-0.03074343,0.33226547,0.74537516,-0.028016526,0.27126092,0.69317436,-0.011846086,0.33267072,0.6841247,-0.04174461,0.3348773,0.75099593,-0.0347321,0.3122339,0.76274675,-0.022567896,0.25671157,0.7138166,-0.025981482,0.31476256,0.7094598,-0.04261388,0.31779706,0.7560344,-0.03460979,0.29547617,0.76854503,-0.02409881,fist
0.3037393,0.88311183,-2.6342678e-07,0.34991693,0.82519,-0.0050085075,0.3728482,0.7574162,-0.012579471,0.38747215,0.69780976,-0.023744868,0.37258154,0.6576488,-0.030164918,0.30037886,0.6713571,0.01170565,0.35783413,0.64319336,-0.016708562,0.36916158,0.69523257,-0.03164453,0.3598463,0.7187638,-0.037547663,0.2790541,0.6743597,0.0024276967,0.35135928,0.6594514,-0.024792718,0.35418877,0.7289624,-0.02792748,0.33513364,0.74296796,-0.023442872,0.26621833,0.6888599,-0.011681379,0.34140575,0.6865571,-0.03969266,0.34097856,0.7508971,-0.033014555,0.32024994,0.7634958,-0.021279,0.2610025,0.7118673,-0.02673669,0.32439992,0.7139011,-0.041839696,0.32488468,0.757363,-0.03601074,0.30521172,0.76970243,-0.027082542,fist
0.29840642,0.88507485,-3.2473554e-07,0.34706822,0.81991327,-0.0009028849,0.3669936,0.75700426,-0.0075049796,0.38226357,0.7013083,-0.018131487,0.37389484,0.6542851,-0.023931686,0.28301778,0.66977024,0.011496695,0.3521384,0.64357376,-0.014143786,0.35975757,0.69979084,-0.028646708,0.34498048,0.72408444,-0.03576323,0.26652446,0.6727495,1.5111986e-05,0.3522574,0.65722203,-0.024334574,0.35351264,0.72387874,-0.027731443,0.33344892,0.7400983,-0.025245655,0.26120812,0.6882628,-0.015407341,0.34685522,0.6852344,-0.038492095,0.34427983,0.747459,-0.032406554,0.32216015,0.76253873,-0.02346174,0.26521534,0.71176076,-0.031748593,0.33406824,0.7139168,-0.043980315,0.33216512,0.75698197,-0.039417665,0.31188896,0.77031815,-0.032952778,fist
0.29878587,0.87615514,-2.684702e-07,0.34775907,0.8049757,0.0009645948,0.36136317,0.74547416,-0.0050563645,0.3725054,0.6962625,-0.014958004,0.3703382,0.650163,-0.020628506,0.2705453,0.6692497,0.008575419,0.34415123,0.6440503,-0.01451206,0.35173053,0.6954291,-0.029749738,0.33747333,0.72234386,-0.038733248,0.25883406,0.6731674,-0.0031965817,0.34974062,0.65415,-0.02545322,0.3513764,0.7123333,-0.031246776,0.33197516,0.7332625,-0.031877264,0.26020944,0.6884976,-0.017840123,0.35147464,0.6835051,-0.03737551,0.3486456,0.74006563,-0.033899948,0.32636902,0.7588856,-0.028469456,0.2702081,0.71172035,-0.033327673,0.34215438,0.7173495,-0.043989368,0.34031177,0.75846446,-0.041608445,0.3216048,0.7719047,-0.037979383,fist
0.29056033,0.8744187,-3.2926565e-07,0.34317324,0.79757094,0.008774344,0.35562536,0.7395809,0.005971897,0.36861163,0.6929623,-0.002445848,0.36693397,0.64837825,-0.007173709,0.26372936,0.6702997,0.018961055,0.3398844,0.64613557,-0.0007186254,0.34598318,0.694314,-0.014671219,0.33056355,0.7174105,-0.02388193,0.25671962,0.6724332,0.0031342532,0.3489946,0.65792954,-0.015625052,0.34934345,0.7154989,-0.020570548,0.3297547,0.73408616,-0.021671528,0.26209438,0.6871757,-0.015303855,0.353528,0.68468475,-0.029876994,0.35024452,0.7402938,-0.025824135,0.3268672,0.756325,-0.022093007,0.2764528,0.7089332,-0.03439038,0.34709156,0.7199252,-0.042202707,0.34377742,0.7609139,-0.040655494,0.32355374,0.77081114,-0.038982634,fist
0.28971702,0.8708649,-2.41807e-07,0.33914745,0.7933759,0.006367787,0.35084158,0.73433584,0.0021423148,0.36291796,0.68984336,-0.006551896,0.36449265,0.647544,-0.011141161,0.2621686,0.6690452,0.012633805,0.3368774,0.6426759,-0.0038098143,0.34158432,0.68468773,-0.014679744,0.3263448,0.70331085,-0.022446325,0.257522,0.6726952,-0.00085452746,0.349454,0.65830714,-0.014400796,0.348822,0.70608586,-0.016050013,0.33011127,0.7190588,-0.01724993,0.265334,0.68834543,-0.016684406,0.35621586,0.6836103,-0.025322387,0.34991613,0.729756,-0.020151498,0.3271028,0.74208754,-0.01856075,0.28296214,0.70975494,-0.03359204,0.35331023,0.7205298,-0.037553266,0.3477812,0.7566616,-0.036577784,0.32765532,0.764658,-0.037140287,fist
0.28744176,0.86990565,-2.7162503e-07,0.32924467,0.79635864,0.009600059,0.34212554,0.7335536,0.0067276172,0.35558218,0.686963,-0.0007291552,0.36058873,0.6452612,-0.004443893,0.25790128,0.67091465,0.012848786,0.33347192,0.6423856,0.00010968916,0.337672,0.6824998,-0.0088864835,0.32226655,0.7027544,-0.01603421,0.25756866,0.6733023,-0.0013818287,0.34715632,0.66046524,-0.010298168,0.34515348,0.7022728,-0.011144224,0.32690758,0.7170803,-0.013385743,0.2693082,0.6884332,-0.017098214,0.35627317,0.68509245,-0.02119397,0.34924138,0.72749895,-0.015763985,0.32735887,0.7411928,-0.015618735,0.29065943,0.7087441,-0.03361687,0.35721472,0.7223514,-0.034191377,0.35083565,0.75843084,-0.03250683,0.3308853,0.7682937,-0.03370162,fist
0.28673255,0.8685444,-2.4262712e-07,0.30686265,0.7990427,0.007468587,0.32281217,0.7327696,0.0024279268,0.34726837,0.6831669,-0.0065067834,0.36064795,0.64523005,-0.011802696,0.25519633,0.67057073,0.007215162,0.33007428,0.6391338,-0.005622715,0.33463696,0.67891186,-0.013437802,0.32043448,0.69908935,-0.01920579,0.2589305,0.673427,-0.005576799,0.34687465,0.6631777,-0.012747037,0.3436122,0.7047398,-0.012055328,0.32586357,0.71850145,-0.013541279,0.2734889,0.68941146,-0.01966506,0.35934237,0.68733156,-0.023118699,0.35067376,0.7294219,-0.017109632,0.32954755,0.7428402,-0.016219418,0.2963297,0.7111005,-0.034560353,0.3636178,0.7234155,-0.03318113,0.35619366,0.7589485,-0.029878829,0.33588296,0.76953167,-0.02972544,fist
0.28252286,0.87177235,-2.7331183e-07,0.27726516,0.79940695,0.010020237,0.2934935,0.7237552,0.005159338,0.33105814,0.6724957,-0.003519853,0.35999423,0.6426609,-0.00890015,0.2523554,0.67411786,0.0029669944,0.3240721,0.63532215,-0.008820708,0.3300627,0.67650634,-0.015149314,0.31779027,0.69718915,-0.02025058,0.2650249,0.67874306,-0.011287155,0.34539443,0.6642857,-0.016927263,0.342387,0.7066954,-0.015727805,0.32414255,0.7215325,-0.017198402,0.28529066,0.69403404,-0.025969643,0.36163473,0.689047,-0.027541934,0.3525541,0.7318841,-0.020608436,0.3304983,0.7453395,-0.019291785,0.31131,0.71511376,-0.0411228,0.36978957,0.72601974,-0.03786932,0.36111766,0.76382995,-0.032285858,0.34094265,0.77551013,-0.030479595,fist
0.28417036,0.87422377,-2.5973728e-07,0.27356976,0.799297,0.008068993,0.288544,0.72226316,0.0021325825,0.32696214,0.6706472,-0.007268038,0.35592452,0.6429594,-0.013089435,0.24905539,0.67529804,-0.00033855462,0.32046744,0.63414586,-0.012946521,0.32751226,0.6756542,-0.018958211,0.3155735,0.69930065,-0.02345409,0.26573443,0.68071854,-0.014116558,0.34337837,0.66002685,-0.022020712,0.34206071,0.70197177,-0.0224924,0.32399812,0.7192926,-0.024190249,0.28994435,0.695518,-0.028072748,0.36250693,0.6859095,-0.03134365,0.35495928,0.729288,-0.02446577,0.33348578,0.74404436,-0.022354497,0.31922713,0.7167373,-0.042491503,0.37293386,0.7235309,-0.040260177,0.36386016,0.76228106,-0.033573408,0.34430557,0.77472216,-0.030385248,fist
0.28386378,0.8726881,-2.5651687e-07,0.26837364,0.7958767,0.0054940423,0.28163216,0.71789616,-0.0009975479,0.3206475,0.6674038,-0.010376297,0.35129517,0.6430408,-0.016172048,0.24733421,0.66987336,-0.00079723424,0.316674,0.6337395,-0.012405287,0.32243583,0.67381656,-0.019098092,0.3110952,0.6969451,-0.024593554,0.26817304,0.6778742,-0.013398999,0.3414492,0.65848744,-0.021096952,0.33893543,0.6984492,-0.023412542,0.32218197,0.7159958,-0.026312785,0.29568487,0.6946455,-0.026119152,0.3628986,0.68560225,-0.028647041,0.35410506,0.72533256,-0.022820743,0.33380002,0.73928076,-0.021441817,0.32696226,0.7177297,-0.039539207,0.37450045,0.722967,-0.03680753,0.36489642,0.7586632,-0.030010061,0.34686,0.76966095,-0.02664946,fist
0.28446683,0.871169,-2.3644262e-07,0.26498345,0.7926275,0.0037915397,0.27631512,0.7134002,-0.0034867078,0.313659,0.6636828,-0.012661534,0.34656596,0.6458494,-0.01821898,0.24548948,0.66808856,-0.0054253717,0.3113682,0.63207585,-0.015897783,0.3165673,0.6711158,-0.021900266,0.30485213,0.69460565,-0.027251324,0.26977485,0.6778113,-0.016858436,0.3374689,0.6560194,-0.023383582,0.33600673,0.6933126,-0.025693752,0.3209624,0.7108659,-0.02890972,0.30064774,0.6953918,-0.02799398,0.3618911,0.6863403,-0.028986216,0.3533296,0.72233796,-0.023718225,0.3341274,0.7353289,-0.023212876,0.3344119,0.71883976,-0.03987004,0.37593368,0.7238882,-0.03586522,0.36552826,0.7578135,-0.029107954,0.34825543,0.768004,-0.026143113,fist
0.283835,0.8713935,-2.4638607e-07,0.26192406,0.79194295,0.005358391,0.2726486,0.7126364,-0.0005618894,0.30928642,0.6644496,-0.008421245,0.34271842,0.6499211,-0.012800086,0.2446925,0.6683861,-0.0038331226,0.30602503,0.6303416,-0.012386555,0.3120505,0.66867614,-0.017464496,0.3006464,0.6935583,-0.021950567,0.27255338,0.67825794,-0.014833892,0.33386242,0.6541089,-0.018693665,0.33310142,0.6905456,-0.020499805,0.31839344,0.70945305,-0.023471497,0.30601352,0.69555664,-0.025172805,0.35933173,0.6858602,-0.023690216,0.35187805,0.71988404,-0.018678421,0.33351833,0.73365915,-0.018551271,0.34095335,0.7182744,-0.036019146,0.3763892,0.7220443,-0.029652297,0.36621773,0.754538,-0.022034843,0.3497181,0.76525086,-0.0185867,fist
0.28209713,0.8712476,-2.5440207e-07,0.25833043,0.7875697,0.008496042,0.2689145,0.7100184,0.0037012799,0.30463234,0.6663173,-0.0034923262,0.33714074,0.65568566,-0.0077167465,0.24538678,0.665497,-0.0034207318,0.3027659,0.62938124,-0.010122403,0.30844986,0.6670602,-0.013955326,0.29683474,0.6910813,-0.01771356,0.2764687,0.67643785,-0.015341097,0.33204356,0.6522047,-0.016719475,0.33219275,0.68757343,-0.017460536,0.31880844,0.7082928,-0.019935302,0.31166828,0.69523823,-0.025974939,0.3571917,0.6885704,-0.021971876,0.35114053,0.72136414,-0.01641857,0.33428678,0.7369093,-0.016264908,0.3468183,0.71986526,-0.03684398,0.37608445,0.7253716,-0.028607829,0.36597592,0.75607085,-0.020231698,0.35012403,0.76748884,-0.016344877,fist
0.28242496,0.8713141,-2.5002575e-07,0.2568801,0.78523225,0.009478717,0.26686826,0.709395,0.004653301,0.3018292,0.6655576,-0.0028971815,0.3337795,0.65510166,-0.007491497,0.24418591,0.6649893,-0.0031015752,0.2989057,0.62935466,-0.009444345,0.3051309,0.66631544,-0.012805041,0.29357147,0.691121,-0.015973741,0.2760787,0.6760953,-0.015293831,0.32939482,0.65322614,-0.016201202,0.33128706,0.6878614,-0.016862879,0.31805992,0.70907414,-0.019203182,0.31196025,0.6953711,-0.026005471,0.3559734,0.68848974,-0.022009168,0.3519648,0.7214485,-0.016132066,0.3359939,0.7386814,-0.015474149,0.34763628,0.7207033,-0.036803108,0.3760846,0.7242486,-0.028710542,0.36745495,0.7538112,-0.019852195,0.35257375,0.76647407,-0.015294891,fist
0.28340265,0.8719709,-2.7065767e-07,0.25361016,0.78650814,0.011947675,0.26020995,0.7123625,0.010080718,0.29092413,0.6701929,0.0054233535,0.3216231,0.6604726,0.00317285,0.2429789,0.6650494,0.00027987626,0.29269964,0.6315645,-0.002347553,0.29938874,0.66639423,-0.0033229932,0.28830734,0.69155264,-0.004642488,0.27931878,0.6753613,-0.011162277,0.3239928,0.65294254,-0.007291332,0.32673165,0.68570834,-0.005713094,0.31508374,0.70975035,-0.0068227644,0.3176515,0.6943218,-0.020752365,0.35238308,0.685598,-0.01301275,0.34957796,0.7162959,-0.0065528285,0.33541518,0.73718226,-0.005725218,0.35290736,0.71992296,-0.030108515,0.37331685,0.72198296,-0.019474138,0.36608624,0.7492503,-0.00973531,0.35335082,0.7642408,-0.0044102217,fist
0.28233448,0.8697382,-2.7121988e-07,0.25190207,0.7853429,0.01241558,0.25680402,0.71373117,0.010837082,0.28481624,0.67465144,0.006261636,0.31411895,0.6672373,0.003843054,0.24264523,0.66459984,0.0011154973,0.29101273,0.63214695,-0.0013806435,0.29787078,0.66586304,-0.0021148666,0.2867846,0.6915874,-0.003059322,0.280151,0.6748269,-0.010491376,0.32245222,0.6531491,-0.006499903,0.32516187,0.68582845,-0.004708968,0.3138449,0.710475,-0.005528233,0.31900856,0.69430774,-0.02026043,0.351283,0.68432486,-0.012756651,0.34850967,0.7151034,-0.0062539456,0.33501285,0.73674864,-0.0052094217,0.3540622,0.7207472,-0.029702073,0.37258524,0.7223025,-0.019525804,0.36546078,0.7492644,-0.0097514065,0.35347456,0.76497525,-0.0042098965,fist
0.28247994,0.8719928,-2.8331203e-07,0.25170264,0.7883424,0.013680889,0.2560635,0.7159343,0.013796439,0.28379592,0.6777237,0.010757978,0.3129656,0.6728216,0.009655696,0.24221176,0.6645012,0.00517231,0.2896573,0.6326381,0.004720107,0.29665452,0.6657158,0.004579313,0.2854113,0.69162244,0.0040131393,0.28076282,0.67390513,-0.006212951,0.32081833,0.65326214,-0.00011153355,0.32378894,0.68536216,0.0014101504,0.31252223,0.71034044,0.00033351412,0.32054007,0.6927292,-0.015639536,0.34994158,0.68250877,-0.0065573314,0.34798467,0.71275157,-0.0006492788,0.33545774,0.73538095,2.381095e-05,0.3559113,0.7185405,-0.024601784,0.37190413,0.7180378,-0.013338128,0.36580142,0.7451751,-0.0032735923,0.35549927,0.7628105,0.0026024173,fist
0.28331614,0.87391436,-2.925197e-07,0.25295854,0.7910407,0.014761512,0.25603083,0.7192449,0.015177135,0.28189188,0.6803699,0.012034106,0.30915445,0.6720029,0.010915542,0.24315155,0.66609025,0.006482252,0.2912269,0.6337977,0.005646183,0.2994541,0.6668515,0.0056937775,0.28865752,0.6922243,0.0051769223,0.27987686,0.6743312,-0.005817695,0.32249495,0.6534955,-0.0009805214,0.3262258,0.68625855,0.00033945922,0.31481668,0.7106888,-0.0006827535,0.31857413,0.6923545,-0.016254209,0.35100448,0.6840086,-0.008532852,0.34923047,0.7152966,-0.0030904417,0.33634573,0.7370978,-0.0026573252,0.35423976,0.71799767,-0.026154581,0.37285203,0.7207052,-0.016332265,0.3656606,0.7487423,-0.007422691,0.3536932,0.7655118,-0.002349061,fist
0.28366578,0.87598,-2.9869776e-07,0.254547,0.79029614,0.0155492,0.25945628,0.7176465,0.015759885,0.2878265,0.6804883,0.012244435,0.31611687,0.67623687,0.010603354,0.24475878,0.66552955,0.007011386,0.29562777,0.63635355,0.0066906502,0.30309385,0.6705662,0.0063194647,0.29146644,0.6956208,0.0050544473,0.28131905,0.6740767,-0.0058177537,0.32606563,0.65760756,-0.00048473512,0.328096,0.69104546,0.00017311434,0.31499365,0.7149597,-0.0016528055,0.31991416,0.6927742,-0.016570317,0.35359004,0.68697524,-0.007897607,0.3505883,0.7185706,-0.002823734,0.33638635,0.7399285,-0.0030226987,0.35543978,0.71861374,-0.026763296,0.37407476,0.7237074,-0.016258655,0.36647707,0.75202113,-0.007346269,0.35381737,0.7684503,-0.0024544839,fist
0.28360462,0.874616,-2.8552247e-07,0.25555652,0.7874298,0.013508699,0.26200986,0.71497214,0.012277963,0.2917835,0.6770197,0.0077087935,0.32092708,0.67046505,0.005202207,0.24757634,0.66505414,0.0031223868,0.2977563,0.6351863,0.0014769809,0.30440247,0.6694228,0.00071913376,0.29189155,0.6936945,-0.0006683682,0.28437877,0.6760551,-0.009270202,0.32846984,0.6576425,-0.0050991685,0.33042967,0.69054574,-0.004332279,0.31707326,0.7138848,-0.0060194433,0.322745,0.6963647,-0.019690042,0.35619062,0.6879861,-0.011915473,0.35306987,0.71866465,-0.0060506556,0.33824596,0.73943543,-0.005578667,0.3575676,0.7238636,-0.029697424,0.37630767,0.72563773,-0.019390583,0.36859363,0.7529131,-0.009616075,0.3555501,0.7691837,-0.004110921,fist
0.28414965,0.87360114,-2.883533e-07,0.2566683,0.78698397,0.013203403,0.26443195,0.71442235,0.011249031,0.2942428,0.673414,0.0060657733,0.3227034,0.6636454,0.0032823829,0.24737889,0.6648659,0.0021833526,0.299083,0.6356685,-0.00035363252,0.30596662,0.6707526,-0.0012639229,0.29387468,0.6957612,-0.002637739,0.28266174,0.6759814,-0.010396601,0.32937616,0.65914637,-0.0073944745,0.33118042,0.69307554,-0.006708717,0.31746018,0.7159593,-0.008329552,0.32019833,0.69611764,-0.021067066,0.35674527,0.68874097,-0.01455684,0.35342628,0.7205366,-0.008484201,0.33830842,0.74078995,-0.007725981,0.35491282,0.7231466,-0.03132911,0.37597656,0.7266768,-0.022124557,0.3681747,0.7548336,-0.012703255,0.35482427,0.770167,-0.007370195,fist
0.28336877,0.8739026,-2.8554743e-07,0.2564051,0.7865133,0.012996166,0.26439855,0.71393126,0.010856191,0.29534617,0.67544234,0.0056087803,0.32534084,0.66891354,0.0025687674,0.2482559,0.6646339,0.001260714,0.30113477,0.63685215,-0.00078767125,0.30720904,0.6724812,-0.0017397064,0.29446802,0.6967415,-0.0034316222,0.28403968,0.6756581,-0.0111064315,0.3310915,0.6597634,-0.0071866396,0.33228025,0.6934711,-0.0062842933,0.31817448,0.71589726,-0.0080838,0.32187483,0.6960309,-0.021428747,0.35754204,0.6894775,-0.013699879,0.35395193,0.72114146,-0.0074286037,0.33861464,0.74149793,-0.0068798023,0.35663262,0.7232337,-0.03139554,0.3764795,0.7267292,-0.021123441,0.3687342,0.7548842,-0.011249469,0.35540807,0.7707252,-0.0057964893,fist
0.2830019,0.8721272,-2.613721e-07,0.25596684,0.78255594,0.011757665,0.26316562,0.71074814,0.009262764,0.29484168,0.67509276,0.0037111335,0.3262391,0.6701121,0.00040183452,0.25089592,0.6642273,0.00055192865,0.30107388,0.6363465,-0.0021507002,0.30660263,0.67032796,-0.0032661797,0.293764,0.6935358,-0.004893596,0.28666455,0.6766922,-0.011453483,0.33116844,0.6580572,-0.008524596,0.33274335,0.69074714,-0.0074517946,0.31931397,0.71398824,-0.008730676,0.32373655,0.69829196,-0.02167442,0.35763323,0.6895144,-0.014889827,0.35448128,0.7199116,-0.008226553,0.33946624,0.74026406,-0.0069453036,0.35727495,0.72734034,-0.031651527,0.37590194,0.727226,-0.02203706,0.368443,0.7533756,-0.011843065,0.35533428,0.7688752,-0.005911983,fist
0.28124142,0.8721689,-2.5417043e-07,0.25664434,0.7813429,0.011370012,0.26586875,0.70874715,0.008137658,0.29976586,0.6719055,0.0018223197,0.33190882,0.6666328,-0.0019212432,0.25011784,0.66462946,0.00080860493,0.30221272,0.6370119,-0.0029312377,0.3080664,0.67109936,-0.0048642294,0.29560587,0.6945323,-0.007056784,0.28417474,0.67665166,-0.011401941,0.33197886,0.6596228,-0.0100198025,0.33337018,0.6925511,-0.010055204,0.31898442,0.7146743,-0.011864102,0.32048428,0.69754064,-0.021964937,0.35819858,0.69049823,-0.016291458,0.35472623,0.72113425,-0.010200514,0.33873248,0.7403994,-0.009108935,0.3542068,0.72609043,-0.032365046,0.3751543,0.728292,-0.023593057,0.3674278,0.75471264,-0.0141057335,0.35371423,0.76917255,-0.008604289,fist
0.2800012,0.87148297,-2.3988957e-07,0.25579196,0.7825969,0.009732547,0.26482448,0.708557,0.006220572,0.2995547,0.6718834,-0.00018829286,0.33257928,0.6685801,-0.0038651456,0.24906638,0.6649827,0.0007766383,0.30169657,0.6367761,-0.0042568934,0.3068619,0.67054355,-0.0072294525,0.29425207,0.693367,-0.0101057775,0.2823729,0.6764405,-0.010873927,0.33140135,0.65881824,-0.011237338,0.3325334,0.69211197,-0.012178113,0.3181941,0.71364677,-0.0142143825,0.31806237,0.6965052,-0.021257289,0.35710886,0.69113785,-0.017138826,0.35296556,0.72202265,-0.012238965,0.3363537,0.73999107,-0.011609771,0.35165146,0.724131,-0.03165439,0.37397623,0.7301609,-0.02426862,0.3654198,0.75702447,-0.016298106,0.35075298,0.7701729,-0.0117485635,fist
0.27969486,0.8702248,-2.3947504e-07,0.25526777,0.78303105,0.008904788,0.26498,0.70897776,0.0051331082,0.30006936,0.6688762,-0.0013099626,0.332385,0.66043043,-0.0047095316,0.24721017,0.6654087,0.0005201016,0.30127883,0.63577485,-0.0051408005,0.30640376,0.6696036,-0.008283019,0.29411736,0.6930863,-0.010999963,0.2794116,0.6773821,-0.010706968,0.3303495,0.6591773,-0.0117527265,0.3310003,0.69256616,-0.012752863,0.3166704,0.7134183,-0.014776618,0.3145402,0.6975688,-0.020840883,0.3559866,0.69168866,-0.017409574,0.3514049,0.7222542,-0.012215907,0.3347737,0.7391591,-0.011327413,0.34812945,0.72476333,-0.031022683,0.37323734,0.729231,-0.023822468,0.3642326,0.7560564,-0.015576345,0.3490926,0.7681927,-0.010889984,fist
0.2784742,0.86949605,-2.2491452e-07,0.25468627,0.78323555,0.008044192,0.26342994,0.7083084,0.0040648007,0.2992821,0.670173,-0.0027633037,0.33243012,0.6674971,-0.00661717,0.24574487,0.6644843,0.0015083548,0.3014175,0.63513327,-0.004553139,0.30617416,0.6690048,-0.0082316,0.2941931,0.6913745,-0.011666591,0.27648258,0.6749934,-0.00992045,0.33023515,0.6573792,-0.011979089,0.33024228,0.69086987,-0.01330129,0.31577983,0.71068645,-0.0153204445,0.3103573,0.6944049,-0.020586252,0.35521972,0.6893132,-0.018113282,0.34987283,0.7208681,-0.013539437,0.3328039,0.7369166,-0.01287173,0.34393704,0.7214631,-0.03152225,0.3728577,0.72764456,-0.025500873,0.36364388,0.7562068,-0.018204091,0.34781098,0.768441,-0.0140943555,fist
0.27756518,0.868526,-2.2247703e-07,0.25426948,0.78511995,0.008047792,0.2632396,0.7109199,0.0037095943,0.29890886,0.67110986,-0.0033556386,0.33123195,0.6659099,-0.007386336,0.24422878,0.6660697,-0.00010804501,0.3013412,0.6338837,-0.0062576937,0.3068599,0.6688371,-0.0095584765,0.29579577,0.6920401,-0.012823053,0.27429646,0.6756972,-0.011606175,0.33022228,0.6565767,-0.013515214,0.33029142,0.690218,-0.014390713,0.31616947,0.7098575,-0.01645122,0.30774003,0.69434065,-0.022255652,0.35451606,0.689729,-0.019566195,0.34872395,0.7220684,-0.014933275,0.33172715,0.73769724,-0.0147624165,0.34167677,0.7202502,-0.03320088,0.3721785,0.7298127,-0.02737485,0.3624227,0.7599904,-0.020744609,0.34636012,0.7720205,-0.01747214,fist
0.2772403,0.8680179,-2.2894551e-07,0.2543618,0.7854978,0.008171838,0.26341614,0.7117124,0.003424161,0.29894188,0.67192584,-0.0040485864,0.33066672,0.665545,-0.008487462,0.24419817,0.6650812,-0.0010520037,0.30245265,0.6347511,-0.00724813,0.3081296,0.67070115,-0.010439604,0.297325,0.69355655,-0.013896017,0.27281156,0.6747371,-0.012931732,0.3309355,0.657382,-0.015120824,0.33054262,0.69119555,-0.015982242,0.31624806,0.70994025,-0.018272422,0.30508897,0.694097,-0.023875631,0.35426703,0.6910393,-0.021448638,0.34787366,0.72346723,-0.016847976,0.33061397,0.73747784,-0.016954059,0.3384471,0.7204686,-0.035104264,0.3712783,0.7304842,-0.02951019,0.360842,0.7605318,-0.023066532,0.34388947,0.7709647,-0.02015721,fist
0.276847,0.86759543,-2.2733647e-07,0.25433132,0.78419876,0.010179041,0.26244077,0.71149814,0.006465637,0.2966351,0.67353886,-0.0003970003,0.32884762,0.66855145,-0.0044707754,0.24431986,0.6656241,0.0010293076,0.30224127,0.6347978,-0.0038069673,0.3081854,0.66990834,-0.0060592755,0.2976063,0.69217855,-0.0090479,0.2728936,0.6744439,-0.011533386,0.3309495,0.65637684,-0.012484333,0.33086756,0.6899236,-0.012925431,0.31657878,0.70891255,-0.015025969,0.30501822,0.6932917,-0.022928793,0.354038,0.69037366,-0.019209236,0.3480381,0.7225739,-0.01454273,0.3305433,0.7368155,-0.014861279,0.33796173,0.7198347,-0.034453698,0.3709055,0.7297427,-0.02818838,0.3608996,0.75942576,-0.021731984,0.34368724,0.7702484,-0.01889465,fist
0.27585548,0.86833274,-2.3097185e-07,0.25360364,0.7851333,0.0107593,0.26191047,0.7114796,0.0073959404,0.2965164,0.67342246,0.0007513931,0.3287887,0.67043996,-0.0032185286,0.24313343,0.6657455,0.0018341056,0.30102757,0.6347165,-0.0029528174,0.30695838,0.670884,-0.005322308,0.29639,0.69395816,-0.0083346665,0.27173835,0.6738145,-0.010926295,0.32970265,0.6560649,-0.0117013585,0.32952738,0.69076157,-0.012168782,0.31516615,0.7102625,-0.014188389,0.30419675,0.692191,-0.022504978,0.3532609,0.6896114,-0.01851738,0.34703973,0.7230312,-0.0139893405,0.32942173,0.7376633,-0.01433189,0.33760312,0.71832544,-0.034189116,0.37080213,0.7292828,-0.027441047,0.3605726,0.7601309,-0.020923078,0.34336355,0.771206,-0.018064436,fist
0.27546042,0.8679222,-2.3843285e-07,0.25275734,0.78461134,0.010903971,0.2615151,0.7113845,0.007898011,0.29612938,0.6735951,0.0016733406,0.32820365,0.66918457,-0.0019208401,0.24400508,0.66442287,0.0022450674,0.30112222,0.6348548,-0.001998388,0.3068973,0.67036766,-0.004165003,0.29627907,0.6932135,-0.00699639,0.27305734,0.6730888,-0.010193497,0.32973617,0.65654325,-0.010150498,0.32965162,0.69054615,-0.010424031,0.31563148,0.7101578,-0.012430092,0.30553514,0.6921975,-0.021397812,0.35321474,0.69043577,-0.016824123,0.34708473,0.72288966,-0.012359233,0.32968417,0.73770833,-0.012834515,0.33850068,0.71900535,-0.032662936,0.37065977,0.7301264,-0.025629513,0.3603444,0.7600912,-0.019134928,0.3430212,0.7711935,-0.016273452,fist
0.45888257,0.9426587,-4.2903082e-07,0.4740324,0.8428963,0.0067654415,0.510946,0.7647259,0.0055756746,0.54371756,0.7003895,0.0032095944,0.5548091,0.6463717,0.002264897,0.58916557,0.78365445,0.009658979,0.61848384,0.8213347,0.021159885,0.59544146,0.8359416,0.024440346,0.573591,0.83452547,0.023950256,0.60493827,0.83915323,0.0067424905,0.6196865,0.8639548,0.030474156,0.59507585,0.87177646,0.03615497,0.5711293,0.87288994,0.032432865,0.6063634,0.898956,0.0059600896,0.6102241,0.903702,0.029525753,0.5879523,0.9113066,0.037573237,0.5636151,0.91421974,0.034417022,0.6029162,0.95373255,0.005376243,0.6030489,0.94711244,0.024406705,0.5820301,0.9515359,0.036653005,0.56244665,0.9537105,0.0416294,thumbs_up
0.45813733,0.9417662,-4.3935307e-07,0.4736263,0.842968,0.007283797,0.5112067,0.7646632,0.0066550267,0.5441617,0.70032525,0.0046747373,0.5551138,0.64638096,0.004028384,0.5886508,0.78298163,0.0109922355,0.616927,0.819575,0.022334833,0.59389585,0.8346941,0.025317704,0.5721105,0.83396995,0.024570886,0.6046866,0.8382769,0.007622798,0.61892474,0.86216706,0.031034159,0.59447616,0.87081015,0.036345635,0.5704365,0.87284297,0.032455612,0.6066072,0.8980714,0.0062984168,0.6103068,0.9027449,0.029226681,0.5879732,0.91085786,0.036938388,0.5633839,0.9143314,0.033702124,0.6034842,0.95318633,0.0051983297,0.6032896,0.9468641,0.023438778,0.5818717,0.95174134,0.035253588,0.5619694,0.954335,0.040039774,thumbs_up
0.459016,0.9432296,-4.276922e-07,0.4735973,0.8430751,0.0050873775,0.51073223,0.7648362,0.002866189,0.5440649,0.7004199,-0.00028301723,0.5555833,0.64579064,-0.0020082186,0.5888955,0.78256816,0.00750893,0.61589587,0.8181098,0.01720025,0.5929573,0.833008,0.019166356,0.5714118,0.83245933,0.0177905,0.6049309,0.8384075,0.004695044,0.6178384,0.86103976,0.026391288,0.5936471,0.86924636,0.031246323,0.5699279,0.8716318,0.027178628,0.6068043,0.8983471,0.0038044434,0.60959774,0.9017449,0.025118383,0.5876937,0.90956044,0.03288112,0.56341904,0.91379035,0.029977944,0.60366696,0.95343685,0.0029744927,0.60249895,0.946082,0.019912919,0.58147794,0.95078427,0.031623166,0.56198573,0.9540149,0.036610574,thumbs_up
0.4594978,0.9427474,-4.231703e-07,0.4738911,0.8425941,0.004013696,0.5110029,0.7639113,0.0010653985,0.5441546,0.69884986,-0.0027648814,0.55565965,0.6436334,-0.0051180203,0.5894387,0.78214747,0.006888087,0.61408615,0.8151972,0.015524761,0.59135103,0.83053434,0.01663261,0.5703954,0.83101135,0.01463997,0.6051864,0.83794874,0.0039748,0.6169099,0.8582745,0.024228048,0.5930634,0.8670367,0.028438099,0.56969213,0.8706713,0.024104219,0.6069416,0.89747334,0.002794801,0.6091083,0.89969265,0.022486618,0.58765215,0.90801847,0.030017218,0.563566,0.9133368,0.027302656,0.6038139,0.9523859,0.0015722846,0.6025759,0.9449517,0.016868304,0.5817185,0.95010555,0.02818711,0.5622656,0.95412916,0.03320629,thumbs_up
0.4592796,0.9421489,-4.3734985e-07,0.47475973,0.8416425,0.00605634,0.5121719,0.763188,0.004746807,0.5449289,0.69865483,0.0024163958,0.55618113,0.64438564,0.0015091714,0.59052396,0.78273773,0.008764963,0.6156798,0.81838197,0.020307723,0.5926724,0.8335198,0.023777457,0.57133526,0.83333963,0.023170272,0.6059708,0.8390626,0.005909609,0.6171456,0.86250395,0.02925611,0.5929087,0.87088656,0.034625206,0.5694715,0.87364846,0.030497152,0.6073072,0.89961463,0.005183981,0.60868347,0.9046653,0.027531812,0.5866507,0.91206527,0.03494038,0.56214887,0.91602135,0.031455826,0.6040706,0.9551512,0.0046753655,0.6025864,0.94943035,0.021867193,0.5818702,0.9539404,0.033097696,0.56233144,0.9569751,0.037613057,thumbs_up
0.4593938,0.94278425,-4.1144622e-07,0.47492406,0.8419285,0.007730204,0.5124578,0.7638709,0.006799223,0.5465088,0.6987608,0.004723317,0.5586524,0.6448794,0.0040791607,0.5892855,0.7831135,0.009545292,0.618409,0.81629246,0.022860447,0.5960326,0.83110666,0.0281198,0.57518715,0.83084285,0.028733555,0.6047917,0.8397705,0.0066637117,0.6209925,0.85887927,0.031564176,0.59757304,0.86702925,0.038282167,0.57420397,0.87030303,0.034982003,0.6061859,0.8998851,0.006275827,0.6115662,0.9001987,0.03106227,0.59025073,0.90811306,0.03969932,0.5660099,0.91313493,0.036465254,0.6032904,0.9547817,0.0062379534,0.6039502,0.94489443,0.026135854,0.5831524,0.9497402,0.038673278,0.56365603,0.9540326,0.043522205,thumbs_up
0.4607944,0.94437605,-4.3048655e-07,0.47456962,0.8430018,0.009341409,0.5123323,0.76430583,0.010195657,0.5463887,0.6994003,0.00941722,0.5582986,0.6458015,0.009914275,0.58939856,0.7835799,0.015423963,0.6177986,0.81469786,0.029863292,0.595289,0.8297362,0.034572996,0.5742551,0.830264,0.034752484,0.60531783,0.8392539,0.012153134,0.61969167,0.85842204,0.03892126,0.59612167,0.8670031,0.044824317,0.5730325,0.8708827,0.040830027,0.6069912,0.8992482,0.011175834,0.6120931,0.90054405,0.03746597,0.5908775,0.9088212,0.044928476,0.5670352,0.91371185,0.040724423,0.604112,0.9545692,0.010626505,0.6048134,0.9460779,0.031719442,0.58424336,0.9514017,0.043921787,0.5649401,0.9556772,0.048428375,thumbs_up
0.46069363,0.9419037,-4.3033862e-07,0.47500253,0.8421845,0.0049425624,0.5129031,0.7633834,0.0031141054,0.5465739,0.69892204,5.4546847e-05,0.55818146,0.64472824,-0.0015365394,0.5903813,0.7835174,0.0087831775,0.6188816,0.8169297,0.01738125,0.5964139,0.83199996,0.018695364,0.57476664,0.8324002,0.017072186,0.60532,0.83969027,0.0054976004,0.6203668,0.86104804,0.026143055,0.5967536,0.869798,0.030685367,0.5734272,0.87318325,0.026726006,0.60668904,0.8997808,0.0037871653,0.61250055,0.9039036,0.024027484,0.5915004,0.9118919,0.031590287,0.5676334,0.9162687,0.028843217,0.6030297,0.95538944,0.002056719,0.6032233,0.9503208,0.018152734,0.58256567,0.9546455,0.029410828,0.56320447,0.95729613,0.03422154,thumbs_up
0.45950675,0.94413394,-4.36434e-07,0.47370172,0.84402007,0.0047161295,0.5112521,0.76459765,0.0023518656,0.54600596,0.6998866,-0.0010288461,0.55845463,0.6459133,-0.0028652246,0.5888521,0.78354156,0.0068987776,0.61777884,0.81418806,0.015355917,0.59542704,0.8295261,0.01713895,0.57363784,0.83069736,0.015933726,0.6044743,0.8399703,0.0037565252,0.6198953,0.85820127,0.023886202,0.5960663,0.86726606,0.028630173,0.57235557,0.8713503,0.02488779,0.60635644,0.90012914,0.0023541464,0.61263525,0.901571,0.022226226,0.5916945,0.9099158,0.029979343,0.56761783,0.9153974,0.027359445,0.6031911,0.95579123,0.0009886044,0.604204,0.94796777,0.016797762,0.58332765,0.95299995,0.02814318,0.5639939,0.9572876,0.03302078,thumbs_up
0.45959473,0.94179785,-4.312179e-07,0.47360066,0.84210676,0.0039778403,0.5114331,0.76282275,0.0016448867,0.5454552,0.697924,-0.0016467278,0.55749434,0.6436961,-0.0033797245,0.5891458,0.7820841,0.0077046864,0.6165946,0.81560355,0.015727207,0.5942347,0.8308138,0.016747296,0.5729854,0.83149976,0.014839783,0.603987,0.8380395,0.0044701607,0.6180576,0.8597404,0.02415192,0.5942684,0.86850035,0.028476514,0.57112134,0.87176955,0.024467673,0.6056458,0.897615,0.0026926044,0.6101235,0.9020702,0.021695537,0.5891132,0.91029704,0.029289925,0.56564695,0.9147435,0.026839627,0.6024009,0.95294327,0.00079677894,0.6020805,0.94752043,0.015727995,0.5812467,0.9528239,0.026859887,0.5621657,0.9562361,0.03181208,thumbs_up
0.4565569,0.94280565,-4.3547175e-07,0.47023535,0.8430921,0.003337449,0.50908554,0.7629303,0.0005359224,0.54409707,0.6981057,-0.0030353838,0.55697507,0.6440349,-0.00504735,0.5868909,0.78253996,0.0057287402,0.6133265,0.809894,0.013005965,0.59091073,0.8245959,0.013824698,0.5700331,0.826737,0.011949479,0.6015593,0.83945525,0.003008622,0.6145811,0.8539648,0.021878256,0.5906122,0.8624614,0.026399888,0.5675916,0.86785436,0.022677321,0.60287017,0.89893454,0.0017938841,0.6065552,0.8973357,0.020009125,0.5854413,0.9052838,0.027716156,0.5618388,0.9119388,0.025529472,0.59971786,0.95401514,0.000506816,0.5986495,0.9446579,0.015017507,0.57751137,0.94937724,0.026032746,0.55847776,0.9543153,0.030954415,thumbs_up
0.45410058,0.9383316,-4.3917996e-07,0.46877044,0.84089154,0.0003207545,0.5076084,0.7615077,-0.0039101643,0.54173297,0.6976057,-0.008667586,0.5548093,0.6434368,-0.011814449,0.58625686,0.7820231,0.0030091333,0.6108144,0.8101353,0.0067610843,0.5882593,0.82418454,0.0047209323,0.5673413,0.8261807,0.0010811648,0.59938943,0.8396702,0.00043166662,0.61087567,0.85472655,0.015725408,0.5868528,0.8628881,0.018627949,0.5639225,0.86768895,0.014105943,0.59982294,0.89926064,-0.0012359853,0.6044239,0.89937526,0.013078605,0.58273184,0.90674126,0.020411767,0.5589808,0.9124067,0.018724427,0.5955816,0.95428497,-0.0032618963,0.59574986,0.9469804,0.007800149,0.57423633,0.95060444,0.017994853,0.55518633,0.95394355,0.02289088,thumbs_up
0.4519174,0.93894744,-4.3216508e-07,0.46647346,0.83971065,0.00310345,0.5053859,0.7604934,2.2772589e-05,0.53981715,0.6963872,-0.0040967534,0.552361,0.6419532,-0.006679493,0.5822352,0.7783549,0.0070963763,0.607643,0.8075558,0.01298899,0.5856946,0.8232125,0.012172051,0.5650937,0.8249531,0.009282787,0.5961503,0.8349242,0.0037064776,0.60739225,0.8515361,0.021223487,0.583391,0.8611327,0.024456538,0.56038594,0.8658059,0.020021765,0.5975185,0.89433503,0.0015119523,0.6002096,0.8954096,0.018357871,0.57865584,0.9045351,0.025674852,0.55505055,0.9105269,0.02354871,0.59438527,0.9500039,-0.00087464135,0.59419984,0.94317746,0.012659455,0.5732559,0.94876444,0.023574293,0.5542831,0.95339596,0.028655019,thumbs_up
0.45236462,0.93547875,-3.9653085e-07,0.4653077,0.8375964,0.0042294334,0.5043974,0.7581112,0.0023629204,0.53794646,0.69342464,-0.000772407,0.5506303,0.6402494,-0.0022866933,0.5773152,0.7762565,0.009856791,0.6085765,0.8003118,0.015664635,0.5886196,0.81544435,0.015209891,0.56819165,0.8179979,0.01294487,0.5909214,0.8307425,0.0061385366,0.6099196,0.8423618,0.023428826,0.5880023,0.8531718,0.027358659,0.5659387,0.85953355,0.023896307,0.59360605,0.88829505,0.0034319053,0.6045723,0.8837749,0.019822737,0.5845318,0.8954404,0.028221993,0.5621149,0.90431434,0.027322907,0.5922253,0.9424484,0.00064470025,0.5988913,0.9298745,0.014142953,0.5786836,0.93848735,0.026246112,0.5608633,0.94722587,0.032319754,thumbs_up
0.45049465,0.9313738,-4.0784013e-07,0.46168143,0.8351808,0.0050159562,0.50037944,0.7557639,0.003855572,0.53402364,0.6915345,0.0013458332,0.5465598,0.64008456,0.0004788226,0.57449704,0.7726648,0.011233005,0.6067642,0.7965175,0.017627658,0.5863848,0.81313705,0.017689446,0.5654438,0.81553894,0.015751595,0.58755904,0.8256456,0.007143668,0.607837,0.84065956,0.025295641,0.5852378,0.8536842,0.029569762,0.5631146,0.85951453,0.026217796,0.59013605,0.8827781,0.004026539,0.6029931,0.8840333,0.021231074,0.5823488,0.896121,0.029589927,0.5599338,0.9027081,0.028414149,0.5886743,0.93736184,0.00083685626,0.597539,0.9298737,0.0151830735,0.5770866,0.9389017,0.027157549,0.5594171,0.94565046,0.032832436,thumbs_up
0.4438824,0.9293998,-4.0999004e-07,0.45717192,0.8351562,0.006947347,0.49713767,0.75343627,0.006340083,0.5303891,0.68917596,0.0038743555,0.5420012,0.63775873,0.003381744,0.5685195,0.76702154,0.012051587,0.60585546,0.79348856,0.017664151,0.5854135,0.8143373,0.018101241,0.5627529,0.81633204,0.016603757,0.58202183,0.81767726,0.005874073,0.607521,0.83793366,0.022628617,0.5848353,0.85547477,0.027265321,0.5614407,0.86033446,0.024700886,0.5856663,0.8745045,0.00058235636,0.6018444,0.8813482,0.016463425,0.580897,0.8963058,0.025125884,0.55764884,0.9015118,0.02455507,0.5847057,0.93036467,-0.004680085,0.5973218,0.9264525,0.008392015,0.57704073,0.9374206,0.020272532,0.55867577,0.9432905,0.026193274,thumbs_up
0.4363188,0.9263313,-4.175084e-07,0.45090008,0.8353668,0.0014997321,0.49293944,0.7486473,-0.0012473162,0.52611005,0.6843162,-0.0048779855,0.5365196,0.6324423,-0.005963361,0.56407356,0.7612268,0.0027427962,0.605245,0.797001,0.0021502182,0.5820976,0.81858164,-0.00040443233,0.5567316,0.8167259,-0.0034497932,0.5759006,0.815104,-0.0029568227,0.6078695,0.84496784,0.0061527495,0.58457506,0.8630102,0.00937806,0.55936944,0.8639117,0.0073335166,0.5797344,0.8734125,-0.00842263,0.6014951,0.8935534,0.00026361062,0.57986045,0.9070313,0.00834762,0.5554307,0.9071527,0.00904653,0.5787887,0.92997414,-0.014302096,0.5924841,0.93834627,-0.0072865444,0.57007974,0.9470604,0.002483232,0.55007607,0.9471788,0.00797549,thumbs_up
0.42853585,0.92736757,-3.8522654e-07,0.4454593,0.83637524,0.0015748811,0.4881828,0.7478665,-0.0023064194,0.5209848,0.6829734,-0.007308609,0.53070676,0.6287553,-0.009453513,0.5578057,0.75536346,2.0643665e-05,0.60566604,0.7966788,-0.003673823,0.5810114,0.82028365,-0.008321761,0.5543078,0.81615925,-0.012578373,0.56825227,0.8093174,-0.006653692,0.6069969,0.849358,-0.0002659266,0.5831246,0.868051,0.002236666,0.55734324,0.86549664,-9.236855e-07,0.5708481,0.86898756,-0.01319088,0.59839356,0.9016827,-0.006308311,0.5762559,0.91399646,0.0014277028,0.5514442,0.90955114,0.0021328635,0.56946135,0.9274154,-0.020190848,0.58630294,0.9491023,-0.014054501,0.563378,0.955471,-0.0051560313,0.5430101,0.9499967,-0.00025626842,thumbs_up
0.41951787,0.928012,-3.9164942e-07,0.43915802,0.8383576,-0.0008217434,0.48377568,0.74519527,-0.0057608015,0.51468086,0.6775699,-0.011768573,0.52205396,0.62121874,-0.014553979,0.54599875,0.7458367,-0.0039636125,0.6001923,0.7891032,-0.01213848,0.5759201,0.8132714,-0.019321695,0.54822725,0.80837494,-0.025076713,0.5561952,0.79614615,-0.01128434,0.5973912,0.83942515,-0.010839414,0.573149,0.8578956,-0.011066214,0.546605,0.85393095,-0.014124414,0.5598073,0.8547381,-0.018843533,0.5875918,0.8899407,-0.017177192,0.56524056,0.90344965,-0.010957741,0.5404693,0.8986424,-0.010038247,0.56009763,0.91440177,-0.027072271,0.57642317,0.93756604,-0.025919627,0.55379623,0.9457241,-0.018966338,0.5335328,0.94098276,-0.014410713,thumbs_up
0.41351753,0.927132,-3.681376e-07,0.43409345,0.83577377,-0.0015822194,0.4787807,0.74108464,-0.0065276558,0.5095774,0.6724484,-0.012156422,0.5151364,0.616209,-0.014109723,0.5367133,0.74293226,-0.004631336,0.5963069,0.7822559,-0.014221571,0.5722951,0.80645794,-0.021420395,0.54453325,0.8022458,-0.026656684,0.5460789,0.79206216,-0.011082153,0.59607244,0.8342333,-0.011922776,0.5724709,0.85284394,-0.011253593,0.54635394,0.8491683,-0.013180737,0.54979056,0.8490966,-0.01807394,0.583872,0.88640726,-0.016506523,0.56345814,0.89897543,-0.009562949,0.54051965,0.8933048,-0.007867048,0.5507033,0.90725106,-0.025774652,0.57220507,0.9316765,-0.022004081,0.5511777,0.93856585,-0.013831462,0.5327689,0.93185395,-0.008943067,thumbs_up
0.4018389,0.923382,-3.9116063e-07,0.4261416,0.835413,-0.0026186185,0.47282833,0.739756,-0.0089602815,0.5032477,0.6697095,-0.015538621,0.5087751,0.6123097,-0.018356798,0.5264493,0.73607016,-0.013811867,0.59120256,0.7821519,-0.027183875,0.5658648,0.807701,-0.03469805,0.5366884,0.80148655,-0.040177565,0.533617,0.78643477,-0.021747423,0.58977896,0.8375507,-0.02635131,0.56348366,0.8568283,-0.025053166,0.5354186,0.84928125,-0.026393458,0.5350902,0.8460217,-0.030134117,0.5743139,0.8946437,-0.031956952,0.5498981,0.90570587,-0.025117036,0.5247828,0.8931619,-0.02369486,0.53369963,0.90781087,-0.0392423,0.55360544,0.9479105,-0.03944101,0.5269457,0.95382595,-0.033633366,0.5058743,0.93973905,-0.030476881,thumbs_up
0.39481053,0.9230141,-3.6855252e-07,0.41840014,0.83554775,-0.002694426,0.46433377,0.7394363,-0.010395801,0.49385568,0.668572,-0.018538015,0.4996916,0.6099733,-0.022670012,0.5141023,0.7268858,-0.015541117,0.5836898,0.7758033,-0.031822387,0.558276,0.80264115,-0.040619176,0.5287446,0.7973782,-0.046598446,0.52004373,0.775816,-0.024643183,0.5811141,0.8324465,-0.03289222,0.5546267,0.85247344,-0.03278527,0.52704036,0.8445814,-0.034542013,0.52132523,0.83470154,-0.034393918,0.56490177,0.88899636,-0.039198805,0.5394189,0.90081376,-0.03268882,0.5155767,0.88694364,-0.031159788,0.52125406,0.89673305,-0.044837847,0.5464587,0.941409,-0.04668656,0.5187191,0.9474921,-0.041212756,0.49783307,0.9318005,-0.038329203,thumbs_up
0.3864527,0.920275,-3.577623e-07,0.40998048,0.83162165,-0.002172144,0.45833844,0.7360431,-0.008086004,0.48880383,0.66510296,-0.01421231,0.49525625,0.6073798,-0.016626472,0.5001589,0.72586334,-0.017944695,0.5767393,0.7721659,-0.034307126,0.5524251,0.79558766,-0.040825427,0.5228985,0.78788334,-0.04474878,0.5062381,0.7784927,-0.026977457,0.57413197,0.8261845,-0.03498328,0.5467123,0.8410798,-0.032163728,0.51873946,0.83153796,-0.032059085,0.50797695,0.84004724,-0.036587,0.558547,0.8868403,-0.041203666,0.5315396,0.8959069,-0.03314998,0.50755423,0.8819013,-0.030719155,0.5080817,0.9029372,-0.04668255,0.5362363,0.94286317,-0.047183838,0.5081298,0.94880563,-0.040866088,0.4892645,0.93415606,-0.037904065,thumbs_up
0.3780217,0.91877395,-3.20194e-07,0.40198505,0.83312094,-0.0007546176,0.45360428,0.7372498,-0.0060125645,0.48453313,0.6643922,-0.011908655,0.4909748,0.6064712,-0.013929328,0.48607558,0.7214961,-0.020142965,0.5688427,0.76527125,-0.039014563,0.54547274,0.7911807,-0.04505645,0.5166083,0.7848724,-0.048061907,0.4879933,0.7694075,-0.03070525,0.5657997,0.81940717,-0.042262107,0.5386916,0.83486825,-0.039228495,0.5116894,0.822297,-0.03840147,0.48708898,0.828015,-0.041760396,0.54718226,0.88051265,-0.048697792,0.520091,0.8906751,-0.039859053,0.49854273,0.87371045,-0.03656586,0.48558918,0.88892865,-0.053159818,0.52348113,0.93492174,-0.05361882,0.49724677,0.9421966,-0.046560515,0.48064688,0.9258701,-0.043413624,thumbs_up
0.36906332,0.9210176,-3.4372448e-07,0.3961996,0.8350863,-0.0012683694,0.4492375,0.7403248,-0.007838964,0.4793327,0.66808707,-0.0147516085,0.4871146,0.6090558,-0.017660983,0.4744433,0.7204851,-0.025569558,0.56110406,0.7637598,-0.046910644,0.53721243,0.79218554,-0.053828504,0.50674164,0.7849787,-0.05688863,0.47347182,0.76838493,-0.036487944,0.55691075,0.8207734,-0.048933793,0.52868617,0.83730596,-0.04502175,0.50106937,0.82216036,-0.04407085,0.47118947,0.82810915,-0.04768169,0.5387227,0.8801499,-0.055463955,0.5109447,0.8912766,-0.044921186,0.48803666,0.87365067,-0.040614262,0.46921554,0.8898376,-0.059106585,0.517858,0.9318357,-0.059353713,0.49139038,0.93952596,-0.050024364,0.47129154,0.9238901,-0.04525813,thumbs_up
0.36256737,0.9213514,-3.3786284e-07,0.39012825,0.83688444,-0.0025359134,0.44536233,0.7441852,-0.010876846,0.476904,0.67115617,-0.019670231,0.4855672,0.6083801,-0.024552211,0.46458277,0.71877044,-0.03075544,0.555052,0.7612277,-0.05431432,0.5315848,0.79129994,-0.061709814,0.50170016,0.78242874,-0.065013275,0.4584928,0.76431286,-0.04215126,0.5480602,0.8202318,-0.055447035,0.52008295,0.83756626,-0.05044857,0.49343395,0.82071394,-0.049506634,0.4524605,0.82372135,-0.053946823,0.5290235,0.8796224,-0.062901534,0.5008154,0.8891824,-0.05184106,0.47676829,0.86920923,-0.04760456,0.4481849,0.88636273,-0.06608775,0.50569457,0.93081695,-0.06739363,0.48086056,0.93731016,-0.058330912,0.45859832,0.9203096,-0.05400766,thumbs_up
0.36059254,0.9254062,-3.579241e-07,0.387417,0.84177935,-0.0034674953,0.44108614,0.7446421,-0.012083854,0.47097027,0.6691714,-0.020780481,0.478034,0.60445195,-0.025608456,0.45458716,0.71444863,-0.034542985,0.54664385,0.75821584,-0.058832496,0.52317905,0.78982264,-0.06581752,0.49380952,0.7799326,-0.06925002,0.44672623,0.76008695,-0.045863565,0.5412842,0.81921977,-0.06118349,0.5120853,0.83898973,-0.055667903,0.4847702,0.822366,-0.054352548,0.44010565,0.8196192,-0.057563413,0.52133214,0.8805157,-0.06801712,0.49302524,0.8906838,-0.057556354,0.46890482,0.8691263,-0.0538212,0.4363982,0.88284147,-0.069605775,0.4965768,0.9311944,-0.07183192,0.47197825,0.9376292,-0.064285785,0.44966102,0.9179082,-0.061413623,thumbs_up
0.3540735,0.9278538,-3.8233028e-07,0.38368276,0.84361994,-0.0029921036,0.4375837,0.74627715,-0.010703018,0.4664485,0.67090225,-0.019068422,0.47374877,0.6056209,-0.023484202,0.4458657,0.7102145,-0.031953484,0.54141873,0.75206757,-0.057325915,0.517186,0.7836059,-0.065397084,0.48654795,0.77330196,-0.069509365,0.4366939,0.7564457,-0.04402194,0.53568405,0.81447625,-0.06135559,0.5044602,0.83433235,-0.057231475,0.476825,0.8190629,-0.056660395,0.43028182,0.81655306,-0.056666896,0.51692665,0.87722105,-0.0687561,0.48520496,0.8875035,-0.058829978,0.459711,0.86746264,-0.055062853,0.426917,0.87970704,-0.06981923,0.4926246,0.92867553,-0.07279553,0.4673847,0.9354654,-0.06575972,0.44416544,0.91742134,-0.06305764,thumbs_up
0.3486781,0.92948776,-3.8238124e-07,0.37919217,0.8453999,-0.003964852,0.433476,0.74578923,-0.011086076,0.46199372,0.67002875,-0.018860755,0.46812558,0.60384905,-0.022618515,0.43950036,0.7044259,-0.029216435,0.53396297,0.74825215,-0.054754168,0.5097247,0.7796267,-0.0636319,0.47978553,0.7692886,-0.068543375,0.42928845,0.75232065,-0.0412665,0.5281798,0.8113371,-0.059419252,0.49719647,0.8318284,-0.056311484,0.47079468,0.8180203,-0.05639781,0.42216915,0.8136947,-0.054317065,0.50901717,0.8744575,-0.06813435,0.47765657,0.8863073,-0.059332706,0.45314723,0.8678336,-0.055944566,0.4181737,0.87789166,-0.06798627,0.48462465,0.9273833,-0.072470166,0.45858866,0.9348645,-0.06641618,0.43504068,0.9173519,-0.06425001,thumbs_up
0.34538704,0.9323723,-4.033989e-07,0.3760653,0.8475158,-0.0050457325,0.42829883,0.7450812,-0.013295322,0.45640135,0.667855,-0.022026546,0.46300265,0.6000236,-0.026802197,0.4320048,0.7030431,-0.03336581,0.5271911,0.7457145,-0.061026573,0.50341403,0.7795844,-0.07076803,0.47264874,0.77017045,-0.076086394,0.42006743,0.75326043,-0.04560132,0.5207274,0.8100306,-0.0657185,0.490921,0.8335602,-0.06263243,0.46366173,0.8209119,-0.062788345,0.41265312,0.8158023,-0.058836315,0.50186455,0.8727176,-0.0744962,0.4717795,0.88740414,-0.06484521,0.44634268,0.8702909,-0.0606826,0.40902916,0.87999535,-0.07274112,0.47799498,0.92497927,-0.078485504,0.45343527,0.9347354,-0.071831495,0.42969984,0.91901296,-0.06909392,thumbs_up
0.34202418,0.9368434,-4.2698892e-07,0.374613,0.85035115,-0.0048242747,0.42580047,0.7448388,-0.011994133,0.45196903,0.6655906,-0.019985683,0.45787194,0.59647715,-0.024137456,0.4275996,0.7037058,-0.030122954,0.5208441,0.74053633,-0.05740588,0.4975021,0.7742219,-0.06796966,0.46652934,0.76612425,-0.074163355,0.41547376,0.754671,-0.042583868,0.5153564,0.8085802,-0.061975524,0.48567092,0.8310756,-0.059997696,0.45869827,0.8182955,-0.061318256,0.40772036,0.8181977,-0.056295563,0.49576947,0.8738754,-0.07131428,0.46595773,0.8859881,-0.06317486,0.44055146,0.8675913,-0.060444795,0.40341797,0.8829731,-0.07079641,0.47132698,0.92808175,-0.07661043,0.44655436,0.93507755,-0.07130612,0.4217782,0.91733456,-0.06977492,thumbs_up
0.33821836,0.94107795,-4.3996576e-07,0.36945182,0.85340315,-0.0059571424,0.42047107,0.74508786,-0.013356054,0.44717735,0.6644034,-0.021547243,0.45462018,0.5934237,-0.02581264,0.42081186,0.70274067,-0.031304438,0.51519144,0.7397359,-0.060120605,0.4914626,0.77458185,-0.07149431,0.46065557,0.7661321,-0.07811345,0.408354,0.75472385,-0.043993413,0.5102112,0.80841494,-0.0651824,0.47914687,0.8313898,-0.063427575,0.4518076,0.81847703,-0.06449142,0.40018514,0.8193003,-0.05820068,0.4893952,0.87346137,-0.07494102,0.4584786,0.8868258,-0.06653021,0.43311852,0.86860526,-0.0632134,0.39523682,0.8849852,-0.073360026,0.46506894,0.92835635,-0.08056137,0.43988374,0.93580496,-0.07523354,0.4148402,0.91872823,-0.073391445,thumbs_up
0.33712566,0.9436117,-4.3286477e-07,0.370733,0.85330784,-0.0074114995,0.41975474,0.7436392,-0.0150013305,0.44397023,0.6624312,-0.023338864,0.44912776,0.5913229,-0.027581539,0.41441062,0.6991146,-0.030956872,0.5084423,0.73815453,-0.060840346,0.48456097,0.77191174,-0.07309519,0.454099,0.7622896,-0.080347486,0.40006778,0.7533065,-0.043528393,0.5031706,0.8087159,-0.06640878,0.47180524,0.829625,-0.06577457,0.4444804,0.8158111,-0.06737159,0.39025587,0.81948733,-0.05791733,0.48131025,0.87438846,-0.076792166,0.4496533,0.8871249,-0.06931427,0.42406183,0.86865544,-0.06608673,0.383891,0.8860637,-0.073406726,0.45630342,0.92999244,-0.08323016,0.43077087,0.9368017,-0.079243034,0.40439647,0.91942716,-0.077806994,thumbs_up
0.3348695,0.9439588,-4.4448348e-07,0.3735065,0.85148597,-0.007942708,0.42106044,0.740343,-0.015835602,0.44187614,0.6591352,-0.024701314,0.44537088,0.5874868,-0.029604623,0.40638196,0.6945541,-0.03136052,0.5019654,0.7361298,-0.06271042,0.4794347,0.7709939,-0.07668399,0.44879135,0.7596991,-0.085369535,0.3903101,0.7518346,-0.04450048,0.49721703,0.8083921,-0.07001052,0.46609733,0.8300849,-0.071261644,0.4377101,0.8152683,-0.07412641,0.38002974,0.82017124,-0.059554774,0.47573465,0.87374556,-0.08153818,0.44429547,0.8872562,-0.07512601,0.41787106,0.8695712,-0.07205384,0.37392107,0.8880115,-0.07570704,0.44982603,0.9295987,-0.08810809,0.4265587,0.93626356,-0.08524784,0.4001721,0.92026424,-0.08424185,thumbs_up
0.33029675,0.94915515,-4.4518094e-07,0.37389737,0.8544656,-0.009372212,0.41722393,0.74098,-0.017200343,0.43413845,0.6594187,-0.025929166,0.43737817,0.5863769,-0.030502325,0.39509884,0.6942534,-0.031004863,0.4944488,0.73857343,-0.06352125,0.47398034,0.7759162,-0.078516886,0.44357097,0.76450354,-0.08807674,0.37723383,0.75340664,-0.043536477,0.48881203,0.81117296,-0.07159536,0.45896783,0.8341137,-0.07471004,0.4296981,0.82008237,-0.079104036,0.36646697,0.82227117,-0.05819835,0.46646765,0.87721694,-0.08212254,0.43536302,0.8911996,-0.07661653,0.40819252,0.8732512,-0.0741417,0.36064517,0.88971096,-0.07413196,0.43830645,0.9307517,-0.08746499,0.41526088,0.9371685,-0.08545208,0.38728297,0.9214982,-0.0853007,thumbs_up
0.32557428,0.9477167,-4.2622145e-07,0.36939287,0.8505544,-0.012342035,0.40997234,0.73682535,-0.020478366,0.42648804,0.65571105,-0.02883852,0.43136144,0.58028895,-0.03293357,0.38159615,0.6942868,-0.033022907,0.4835318,0.73395216,-0.06579561,0.46544576,0.7713907,-0.080740914,0.43524557,0.76112705,-0.09027317,0.3635321,0.7553652,-0.044031665,0.4792304,0.8083662,-0.07247065,0.4509273,0.83123887,-0.07561285,0.42038283,0.81768227,-0.08002875,0.35319442,0.8245339,-0.05752403,0.4568322,0.875538,-0.08220318,0.42707115,0.89073884,-0.07727476,0.39902118,0.8730414,-0.07516632,0.34931087,0.8918762,-0.072589636,0.427186,0.9337394,-0.087484464,0.4044522,0.9410431,-0.08678198,0.37515557,0.9255444,-0.08734466,thumbs_up
0.32291976,0.947922,-4.433674e-07,0.36641756,0.8483206,-0.012302573,0.40319908,0.7355778,-0.02028289,0.41905254,0.6550541,-0.028847897,0.4233064,0.57837605,-0.033098545,0.37383288,0.6924584,-0.031169733,0.47674465,0.7307073,-0.064673945,0.45808938,0.7708674,-0.080220394,0.4266641,0.7620343,-0.090268254,0.3554258,0.75349325,-0.04253459,0.47101688,0.80613816,-0.07219955,0.4418047,0.8302981,-0.07647974,0.4113949,0.81667435,-0.08186492,0.34446028,0.8229563,-0.05658282,0.4484973,0.87429637,-0.08173566,0.4177402,0.8912521,-0.07639433,0.38975123,0.8734221,-0.074225806,0.34006602,0.8903069,-0.07243641,0.41935006,0.93170404,-0.08803502,0.3955067,0.93920064,-0.08748659,0.36440367,0.92333347,-0.0881538,thumbs_up
0.31428126,0.9456967,-4.307268e-07,0.36184102,0.84520185,-0.012500048,0.39910915,0.7318059,-0.020712988,0.41458866,0.6509713,-0.029546846,0.41872615,0.5738813,-0.034027472,0.36419663,0.69003236,-0.030025598,0.4692396,0.7301258,-0.062999256,0.45004907,0.77032906,-0.07825793,0.41776904,0.76054037,-0.0884138,0.3436876,0.75181276,-0.041468836,0.46250564,0.80501044,-0.0715742,0.433537,0.8301662,-0.07720213,0.4017825,0.81612813,-0.08356599,0.3307779,0.8220858,-0.055454213,0.4393582,0.87330663,-0.0817577,0.41092703,0.8924935,-0.077314466,0.38261357,0.8750093,-0.075453244,0.32537404,0.8897634,-0.07120035,0.40934122,0.93118966,-0.08831265,0.39022765,0.9406195,-0.08845292,0.3600814,0.9258143,-0.08922327,thumbs_up
0.31395218,0.9520322,-4.150986e-07,0.36218205,0.845703,-0.013514405,0.39516044,0.73100185,-0.022534497,0.40712473,0.6507096,-0.03188502,0.4088205,0.573645,-0.03645522,0.35614088,0.68608475,-0.03240429,0.46193764,0.73117036,-0.06629739,0.44483262,0.77344316,-0.08106334,0.41279188,0.7632307,-0.09075978,0.33363196,0.7453487,-0.04321375,0.4530714,0.80425847,-0.07463019,0.4260452,0.8317119,-0.079613954,0.39427477,0.8178744,-0.085459456,0.31937766,0.8155755,-0.0565969,0.4292959,0.8734993,-0.08400922,0.40304196,0.89565074,-0.078833856,0.37468335,0.8783876,-0.07631336,0.31294966,0.8850963,-0.07189548,0.3998634,0.9313358,-0.08964933,0.38223818,0.94231796,-0.0902082,0.3514385,0.9266041,-0.09130803,thumbs_up
0.30749756,0.9515942,-4.2736787e-07,0.35658467,0.8432347,-0.015028072,0.3878736,0.7296656,-0.02372402,0.39976394,0.64812624,-0.032620072,0.4019471,0.5677454,-0.03627705,0.34328207,0.68709207,-0.02917134,0.45156842,0.7273625,-0.06317182,0.43520945,0.77409905,-0.07855224,0.40215805,0.76578826,-0.08903033,0.32074416,0.7459675,-0.038980108,0.44281325,0.8014319,-0.07114174,0.41720667,0.8313589,-0.07767503,0.3857647,0.818829,-0.08484715,0.30699515,0.81586987,-0.0518665,0.41845548,0.87210906,-0.079703584,0.39386266,0.89511025,-0.07574072,0.3647293,0.87835085,-0.07426813,0.30243993,0.88462573,-0.066958375,0.38946268,0.9317054,-0.08568689,0.3732142,0.94236034,-0.08806227,0.34084427,0.92636395,-0.09052801,thumbs_up
0.3028256,0.95926917,-4.456524e-07,0.3504703,0.8517024,-0.015420161,0.38021234,0.73430526,-0.023492916,0.39132613,0.6509572,-0.031516913,0.39326733,0.56871676,-0.034306087,0.33136967,0.68526495,-0.028572733,0.44089398,0.7277593,-0.062577784,0.42316014,0.7738362,-0.07877067,0.38744113,0.764285,-0.09018017,0.30745435,0.742192,-0.037819188,0.43078417,0.8006135,-0.07047843,0.4017898,0.8298446,-0.07789661,0.36738613,0.8173096,-0.08600268,0.29276806,0.8115966,-0.050255425,0.40505555,0.8720304,-0.0776853,0.37775734,0.89590997,-0.07438863,0.3471973,0.8803635,-0.07381974,0.28692105,0.8814136,-0.06514305,0.37372997,0.931785,-0.084080845,0.35428655,0.9436527,-0.08786788,0.31903398,0.9285608,-0.09156445,thumbs_up
0.3035179,0.95528907,-4.1441623e-07,0.34533724,0.84488887,-0.015197212,0.3711218,0.72679204,-0.02321943,0.38069847,0.64084715,-0.03139748,0.38017526,0.55755496,-0.034704924,0.31537881,0.6818064,-0.028282823,0.42548996,0.7232927,-0.061832134,0.40990946,0.7687792,-0.078464665,0.37365848,0.760928,-0.090383306,0.29050633,0.7409523,-0.037426617,0.41440478,0.7967209,-0.0697051,0.3875868,0.8258605,-0.07757462,0.35306785,0.8159749,-0.08640928,0.27618766,0.81235504,-0.049695414,0.38807285,0.8712145,-0.07663404,0.36433893,0.89396346,-0.073422745,0.334236,0.87932867,-0.07322193,0.2710736,0.8832658,-0.064491,0.3579374,0.9309601,-0.083090775,0.34262416,0.94095814,-0.0869643,0.3087867,0.9258828,-0.09089799,thumbs_up
0.30017096,0.9551825,-4.4250754e-07,0.34170488,0.8482033,-0.013516978,0.36498412,0.7314793,-0.02134046,0.37260833,0.6437486,-0.029898835,0.36962292,0.5578097,-0.034711424,0.30349317,0.67913854,-0.028221281,0.41216987,0.71613526,-0.061588835,0.40075937,0.7633886,-0.07984885,0.36453506,0.760615,-0.093186475,0.2773662,0.7380947,-0.038290184,0.40164387,0.7919898,-0.06946657,0.3779156,0.8242693,-0.07870677,0.34293664,0.8179054,-0.088897996,0.26306266,0.8115888,-0.051056232,0.37654576,0.8678977,-0.07853917,0.3550728,0.8940852,-0.07606161,0.32417604,0.883587,-0.07619268,0.25755516,0.8856449,-0.06613239,0.34730396,0.928189,-0.08746911,0.3344376,0.9392715,-0.092082635,0.30067313,0.9287203,-0.0955527,thumbs_up
0.2891845,0.95308715,-4.3677653e-07,0.3326851,0.84947044,-0.015351388,0.3557533,0.72963446,-0.023127304,0.3641427,0.6388145,-0.031076362,0.35992724,0.5534989,-0.035732426,0.2928137,0.67677486,-0.031112213,0.4008152,0.7165982,-0.06376123,0.39043176,0.761764,-0.08088158,0.3532082,0.7583411,-0.09374006,0.26537147,0.73368883,-0.040309675,0.38853335,0.78880525,-0.071421936,0.3668593,0.8206678,-0.08044916,0.33085155,0.81470555,-0.090737365,0.25032878,0.8060497,-0.052242618,0.3628323,0.86335176,-0.080628835,0.3431535,0.8901473,-0.07922007,0.31122038,0.8795961,-0.08015243,0.24514198,0.8801466,-0.06651156,0.3339556,0.92256606,-0.089567736,0.3222047,0.93412197,-0.096064545,0.28948358,0.9236826,-0.10086765,thumbs_up
0.2825582,0.95613265,-4.5403237e-07,0.32842886,0.8506864,-0.014904342,0.34984538,0.7293879,-0.023102704,0.35647178,0.6381272,-0.031548884,0.35156807,0.5511799,-0.03651653,0.28163525,0.67513674,-0.032036956,0.388754,0.7132843,-0.06526589,0.37993917,0.7610744,-0.0825749,0.342719,0.7592259,-0.09547621,0.25339368,0.73088753,-0.041491333,0.37763304,0.7861492,-0.07266166,0.35790607,0.8208477,-0.081311636,0.32137555,0.8151622,-0.09133523,0.23828068,0.80276257,-0.053596333,0.35279664,0.85968846,-0.081786074,0.33473435,0.8886768,-0.08002127,0.3018606,0.87855023,-0.08089522,0.23337486,0.8770391,-0.067990676,0.32478413,0.9182769,-0.090721935,0.31418738,0.9314328,-0.09675453,0.28164944,0.9226856,-0.10130746,thumbs_up
0.27576315,0.95853734,-4.6621304e-07,0.32464376,0.85284704,-0.014141374,0.3442168,0.72891694,-0.020763053,0.34805194,0.63762736,-0.0276848,0.34250072,0.5517299,-0.031093337,0.2720911,0.6737294,-0.028323118,0.37862188,0.71109587,-0.061070263,0.36970794,0.7585442,-0.07871439,0.33303416,0.75610954,-0.0917603,0.24199525,0.7266975,-0.037569113,0.36600474,0.7826884,-0.06801338,0.34710371,0.8171834,-0.07631103,0.31136796,0.81138307,-0.08560582,0.22574037,0.79688823,-0.049753964,0.340115,0.8553707,-0.07737152,0.32298526,0.8842257,-0.07549405,0.29130554,0.87412107,-0.07593547,0.2200299,0.8706417,-0.06429469,0.31066698,0.9139221,-0.08711945,0.30173177,0.9263845,-0.093733594,0.27181464,0.91668147,-0.098228544,thumbs_up
0.27178997,0.9612525,-4.667861e-07,0.32026625,0.85436994,-0.013109416,0.33625954,0.7298288,-0.019558012,0.33981067,0.63802624,-0.026451075,0.33581954,0.55239695,-0.029738411,0.26059347,0.673522,-0.026204446,0.36603475,0.7062513,-0.057496738,0.36076096,0.7558801,-0.07395881,0.3260773,0.75661176,-0.08618739,0.23041758,0.72445256,-0.03534259,0.35548696,0.778808,-0.06457035,0.3406165,0.8168739,-0.0721891,0.3051944,0.8122317,-0.08095262,0.21465886,0.79335207,-0.047255505,0.32985917,0.8501696,-0.07334549,0.3161268,0.8810146,-0.07091479,0.28448138,0.8717054,-0.071192704,0.20883822,0.8664973,-0.06141787,0.29886007,0.90862775,-0.08244725,0.29260936,0.9225622,-0.087875076,0.26344067,0.91392076,-0.09162968,thumbs_up
0.2668021,0.9606498,-4.5761792e-07,0.31480908,0.85237604,-0.013510821,0.328017,0.72725374,-0.020140866,0.3298589,0.636083,-0.027248286,0.32652718,0.5518526,-0.03062873,0.24990293,0.6741067,-0.025096072,0.35526007,0.70394605,-0.05659216,0.349673,0.75499904,-0.072849415,0.3149387,0.75428826,-0.08485273,0.21945946,0.7243808,-0.034021415,0.34521765,0.77540606,-0.064191684,0.331538,0.8161808,-0.0716687,0.29625878,0.81033593,-0.079686135,0.20349497,0.7922648,-0.045900904,0.31887543,0.84724444,-0.07300585,0.30746296,0.87946993,-0.070621565,0.27572137,0.8699081,-0.070363805,0.19691822,0.8643725,-0.06003649,0.28588876,0.90544665,-0.081665486,0.28231257,0.9203723,-0.08709275,0.2538038,0.9115842,-0.090461686,thumbs_up
0.26570237,0.95608,-4.4384987e-07,0.30974507,0.8494498,-0.014713384,0.32093328,0.7267859,-0.022100747,0.32164246,0.63566065,-0.029502885,0.31804287,0.55274,-0.033172987,0.23865551,0.67403173,-0.027573343,0.34576517,0.7017062,-0.05932211,0.34260035,0.75573105,-0.07544062,0.30829108,0.7579868,-0.08720704,0.20780289,0.7248478,-0.035722006,0.33518624,0.77237487,-0.06608199,0.32383406,0.81592005,-0.07307273,0.2891609,0.8129584,-0.08068864,0.19243658,0.79237944,-0.046806477,0.3087678,0.8446536,-0.07412819,0.29975533,0.8790443,-0.071298614,0.26847816,0.8719808,-0.07065494,0.18620786,0.8639992,-0.06021409,0.27590233,0.9040535,-0.08190143,0.27379397,0.9209938,-0.086867005,0.24545158,0.914214,-0.08978633,thumbs_up
0.27136585,0.9449458,-4.0860448e-07,0.31388426,0.8428598,-0.01771149,0.31968787,0.7203547,-0.026505616,0.31479758,0.6320278,-0.03440189,0.308196,0.55001545,-0.03884443,0.23066989,0.6699534,-0.031084226,0.33586484,0.7030253,-0.06352342,0.33654138,0.75909543,-0.0797018,0.30278364,0.7623939,-0.09118172,0.1964635,0.7211556,-0.03765373,0.32354918,0.77339274,-0.06791547,0.3176127,0.8207769,-0.07371432,0.2833752,0.8163393,-0.079703994,0.17927426,0.7888527,-0.047370337,0.29704905,0.845182,-0.076234445,0.29387334,0.8824514,-0.07234007,0.2627989,0.87507284,-0.07020217,0.17163472,0.86108774,-0.059468877,0.26280484,0.9051443,-0.08378596,0.26656038,0.9240126,-0.08820883,0.24025336,0.9169368,-0.08965991,thumbs_up
0.2746314,0.9295682,-3.6766662e-07,0.31617004,0.83677053,-0.02131696,0.31566057,0.7138294,-0.031736813,0.30584154,0.6262557,-0.04050345,0.30511296,0.5460635,-0.046480082,0.21878341,0.66813105,-0.03228572,0.31627727,0.71008545,-0.06465826,0.32397467,0.7631378,-0.082715645,0.29452762,0.7651506,-0.09582179,0.18105802,0.7194009,-0.037426498,0.3045514,0.77655256,-0.06530187,0.30925733,0.8212529,-0.071236886,0.27690616,0.81441855,-0.07750992,0.16242248,0.78653425,-0.046078745,0.2780996,0.8448479,-0.07549866,0.28579667,0.8792212,-0.07219129,0.25639108,0.87103987,-0.07040832,0.15319021,0.8592475,-0.057258334,0.24570084,0.9071089,-0.082898796,0.25870723,0.92458236,-0.08691201,0.23635203,0.9163066,-0.08776916,thumbs_up
0.25986084,0.945534,-4.883657e-07,0.30493698,0.84380484,-0.024100939,0.30704197,0.718706,-0.035139028,0.29727748,0.6281141,-0.044536706,0.29484722,0.5462749,-0.051160213,0.20897727,0.67214274,-0.032983247,0.29949427,0.70157343,-0.06626873,0.31364083,0.76004314,-0.084467985,0.28892383,0.7704396,-0.09721744,0.1696322,0.72244686,-0.03647478,0.28829417,0.769513,-0.06614772,0.300574,0.8217311,-0.073651224,0.2727361,0.82542646,-0.07985893,0.14965054,0.7892161,-0.043757197,0.26205945,0.8387878,-0.07493012,0.27416077,0.88043344,-0.073644534,0.24614803,0.8801946,-0.07208665,0.13852528,0.86297727,-0.05360178,0.2285976,0.9033069,-0.07901818,0.24696478,0.92373526,-0.08303345,0.22766702,0.91990703,-0.08325244,thumbs_up
0.26323777,0.935446,-4.428941e-07,0.30559957,0.83294475,-0.021680407,0.30372196,0.70871145,-0.031688932,0.29026648,0.6223176,-0.04002798,0.28549305,0.5441318,-0.04553266,0.19880176,0.6733425,-0.035552535,0.28925103,0.70216167,-0.06715452,0.30740637,0.7584604,-0.08304447,0.28383225,0.7690195,-0.09413133,0.15956476,0.7242863,-0.039995164,0.2779212,0.7702025,-0.06797065,0.2945641,0.8208266,-0.07385435,0.26813045,0.8242457,-0.07921609,0.14049251,0.7910367,-0.04754851,0.25227728,0.8397701,-0.07798887,0.26820067,0.87779903,-0.07704684,0.2405126,0.87529224,-0.07610686,0.13080761,0.86417675,-0.057140153,0.22165449,0.90421855,-0.08261614,0.24311098,0.9239657,-0.086618565,0.22443631,0.9204704,-0.08702266,thumbs_up
0.25564104,0.94141316,-4.7362843e-07,0.29692185,0.8377847,-0.024012648,0.29636908,0.7152808,-0.03529767,0.2835178,0.6250492,-0.04506005,0.2783021,0.54405093,-0.05217399,0.19067392,0.67198193,-0.032730564,0.27444664,0.6990358,-0.0642524,0.29458386,0.7508994,-0.08107289,0.27623558,0.76118505,-0.092650644,0.15058309,0.72403765,-0.035723835,0.26562944,0.7700236,-0.06300207,0.28296623,0.81751084,-0.069792606,0.25992775,0.82158434,-0.07574644,0.13115546,0.7930047,-0.042407896,0.2404076,0.8400494,-0.07179382,0.2547942,0.8754637,-0.07155633,0.2287499,0.87289417,-0.071118094,0.12144694,0.868526,-0.05157784,0.21004955,0.90613306,-0.07597599,0.22970009,0.9236074,-0.08047292,0.21103708,0.9197181,-0.081184104,thumbs_up
0.2538908,0.9375509,-4.2187403e-07,0.2946798,0.8322546,-0.02425752,0.29231694,0.7131243,-0.035808224,0.27795702,0.6253061,-0.045740962,0.2716337,0.54606944,-0.053006757,0.17933708,0.6750222,-0.033983342,0.26157075,0.6986252,-0.06585522,0.28642473,0.7492868,-0.082858995,0.27037016,0.76226765,-0.09424595,0.1383068,0.7277521,-0.03698653,0.24922258,0.7709782,-0.06425268,0.27396622,0.81467086,-0.07101629,0.25406456,0.81901586,-0.07679037,0.11908579,0.79721403,-0.043444198,0.22434925,0.84164554,-0.073016144,0.24575253,0.8741499,-0.07224082,0.22185086,0.8722391,-0.07126123,0.11032065,0.8722433,-0.052290604,0.19879277,0.9077459,-0.076795526,0.22326145,0.92375636,-0.08016934,0.20697603,0.9210548,-0.07972565,thumbs_up
0.24764389,0.9380179,-4.4546871e-07,0.28910226,0.8295084,-0.02674257,0.28686818,0.7100065,-0.04010155,0.2708539,0.6215216,-0.051734693,0.26543954,0.5409135,-0.060502935,0.16845211,0.6713502,-0.03249858,0.2420331,0.6890912,-0.06450147,0.27163732,0.7406374,-0.082222715,0.2607864,0.7570558,-0.09379219,0.12545222,0.7263653,-0.034680113,0.2258801,0.76447254,-0.06235551,0.25871393,0.81098574,-0.07016352,0.24413417,0.8186897,-0.07559012,0.10523609,0.7974421,-0.04053458,0.20211309,0.83496195,-0.070035234,0.2331654,0.8683986,-0.06837629,0.21738426,0.86905766,-0.06599944,0.09705851,0.8724798,-0.049122382,0.17938241,0.9037212,-0.07245875,0.21388318,0.91781795,-0.07343256,0.2079695,0.91411614,-0.07062078,thumbs_up
0.24508543,0.9365502,-4.6543494e-07,0.28442267,0.827367,-0.028944504,0.28078553,0.7060266,-0.04318386,0.26512113,0.618369,-0.05543242,0.26142386,0.537909,-0.06383115,0.16002744,0.66968817,-0.03189105,0.2268709,0.6873941,-0.06431437,0.25806132,0.7417078,-0.08184422,0.24666852,0.75913435,-0.09351463,0.11481953,0.72516793,-0.034135878,0.2083368,0.7633708,-0.0626905,0.24541888,0.8099513,-0.07083296,0.23047368,0.8144096,-0.07629387,0.09400956,0.7973964,-0.04043241,0.18643057,0.83589166,-0.069926575,0.22174866,0.8678978,-0.06647804,0.20668557,0.86560035,-0.06321275,0.08577907,0.8731934,-0.049959436,0.1638614,0.90646213,-0.07303221,0.20116109,0.91874045,-0.07241889,0.19656277,0.9127928,-0.06862113,thumbs_up
0.24100219,0.92677355,-4.784491e-07,0.2796526,0.8179076,-0.030059941,0.2729687,0.6989233,-0.044947933,0.25729078,0.61388534,-0.057767894,0.25439715,0.5343467,-0.0663591,0.15012401,0.66769946,-0.033927478,0.21739641,0.6836577,-0.06635221,0.25079986,0.73837614,-0.083464116,0.23927785,0.75607723,-0.09530159,0.104996935,0.72567225,-0.03637625,0.19834481,0.7597005,-0.0645983,0.23825228,0.80447704,-0.07182798,0.22321127,0.8073074,-0.077342615,0.085598834,0.79957134,-0.042884562,0.17741618,0.8309199,-0.07107546,0.21561669,0.86169696,-0.06492053,0.2005341,0.8607936,-0.06084974,0.07924211,0.8756643,-0.053028133,0.15567441,0.9042902,-0.074736126,0.19349705,0.9151397,-0.07202911,0.18777746,0.91001594,-0.067545556,thumbs_up
0.2351716,0.92868674,-5.020914e-07,0.2731059,0.82070845,-0.030288776,0.26723194,0.6996563,-0.045087755,0.25222138,0.6146953,-0.058006164,0.24845624,0.53774595,-0.06651937,0.14321186,0.6660197,-0.03139071,0.2039353,0.6842327,-0.065086044,0.23913626,0.7386688,-0.08331587,0.22897321,0.7556164,-0.095476955,0.09695666,0.72520876,-0.033588823,0.18537346,0.76065886,-0.062143255,0.22737709,0.80454874,-0.06919341,0.21302634,0.80604076,-0.07409354,0.07650157,0.79977745,-0.04036749,0.16469595,0.8337915,-0.06804509,0.2045109,0.8624027,-0.061347477,0.1905466,0.8585706,-0.056772362,0.06903092,0.87677836,-0.051025633,0.14453907,0.9072061,-0.0713918,0.18349026,0.9171774,-0.068213515,0.17840546,0.9098443,-0.06342399,thumbs_up
0.22962096,0.93063307,-5.015567e-07,0.26759636,0.8216881,-0.030954862,0.26015803,0.69747967,-0.04530494,0.24484086,0.6112053,-0.05770395,0.24296965,0.5345011,-0.065412775,0.13444406,0.66625,-0.031433083,0.1929304,0.6835493,-0.06430098,0.22974229,0.7370984,-0.08048963,0.21943378,0.7527111,-0.09128701,0.088480115,0.7265545,-0.033584952,0.17381439,0.7600026,-0.06310561,0.21834654,0.80395055,-0.0696001,0.20359056,0.80474603,-0.07346695,0.0684522,0.8019621,-0.04036137,0.15239485,0.8348698,-0.06903411,0.1948492,0.8628663,-0.061793186,0.18110292,0.8579708,-0.056318555,0.06095338,0.87943244,-0.05100999,0.1329052,0.9094122,-0.071560316,0.1736814,0.91866946,-0.06783118,0.16983172,0.9102484,-0.062459975,thumbs_up
0.22201861,0.9319252,-4.973729e-07,0.2602095,0.8241144,-0.03182607,0.2542927,0.69936,-0.046544634,0.23977432,0.6121999,-0.059356134,0.23537824,0.5357467,-0.06729768,0.12750605,0.6670058,-0.03027675,0.18192828,0.68300265,-0.06357911,0.2198058,0.7351996,-0.079969,0.21057908,0.7495088,-0.09064239,0.081204966,0.72690904,-0.03211853,0.16194506,0.75900406,-0.06217862,0.20868027,0.801987,-0.06876315,0.19604625,0.8018097,-0.07228584,0.06067831,0.80204964,-0.038904548,0.13900429,0.833521,-0.068513,0.18436036,0.86071754,-0.060905766,0.17331073,0.8552183,-0.05467871,0.052790336,0.878867,-0.04965675,0.12029508,0.9065109,-0.07036095,0.16308539,0.9155054,-0.0659749,0.16209392,0.9065262,-0.059897482,thumbs_up
0.21664104,0.9343848,-4.92642e-07,0.2543603,0.82308143,-0.031967666,0.24877165,0.6972976,-0.046114832,0.2338311,0.6111081,-0.05792127,0.22874202,0.5379454,-0.06410821,0.12021376,0.66563505,-0.031016434,0.16967215,0.6809508,-0.06303825,0.20842654,0.73240745,-0.07738124,0.19755876,0.7454287,-0.086999156,0.07331405,0.72546226,-0.032445885,0.14914748,0.7591331,-0.06260738,0.19788581,0.80056447,-0.06849354,0.18371354,0.7972821,-0.07155695,0.052415334,0.8006371,-0.038693767,0.12557949,0.8333865,-0.06814659,0.1728947,0.8592571,-0.059966814,0.16082238,0.8515495,-0.053661812,0.044455424,0.87662387,-0.04894522,0.10947882,0.906371,-0.0694078,0.15215677,0.9152219,-0.06543909,0.1497916,0.90500677,-0.05995156,thumbs_up
0.21104103,0.9406044,-4.899152e-07,0.24925895,0.8260217,-0.033015404,0.24356297,0.6980231,-0.047578357,0.22797473,0.61028475,-0.059427854,0.22436772,0.5358377,-0.06498175,0.11258329,0.6647537,-0.031442147,0.16001704,0.6793188,-0.06372748,0.19984603,0.7317173,-0.07693422,0.1872493,0.744321,-0.085955836,0.065216646,0.7247146,-0.032654177,0.13862659,0.7585556,-0.06459687,0.1899957,0.8018036,-0.07049221,0.1734124,0.7970637,-0.073175974,0.044843405,0.8001204,-0.038741708,0.11599522,0.8332999,-0.06997211,0.16567406,0.8604421,-0.060758635,0.15180837,0.85196817,-0.053485658,0.037565693,0.8760993,-0.0488713,0.10161932,0.90613085,-0.07075106,0.14589871,0.91552234,-0.066507705,0.14274362,0.9046062,-0.060524106,thumbs_up
0.20447701,0.9457041,-4.927443e-07,0.24365327,0.8263989,-0.030900903,0.23871985,0.6968461,-0.043642398,0.22223389,0.6091588,-0.053399414,0.21769658,0.5365946,-0.056224123,0.10797797,0.6631369,-0.031365603,0.1507941,0.6785271,-0.062037256,0.19249837,0.73022467,-0.073097885,0.18042198,0.74325806,-0.08081667,0.059196934,0.72344923,-0.032733805,0.12900797,0.75925994,-0.064081855,0.18279746,0.8014837,-0.070016615,0.16550606,0.79430264,-0.07322955,0.03832359,0.79899323,-0.038334057,0.10577405,0.8333282,-0.06881189,0.1575248,0.8600778,-0.05926113,0.14366758,0.8508356,-0.052343596,0.030865178,0.8748798,-0.04770101,0.09322807,0.9059592,-0.069539815,0.139144,0.9153113,-0.06531505,0.13551793,0.9038038,-0.05956232,thumbs_up
0.20342276,0.94197565,-4.6496987e-07,0.24080747,0.82267547,-0.031149216,0.23365125,0.6941852,-0.042613734,0.21681522,0.60580444,-0.05015023,0.21566962,0.5339633,-0.050139017,0.10211547,0.6633283,-0.033100475,0.14205995,0.68040764,-0.06266661,0.18540716,0.73072416,-0.07307705,0.17287059,0.7409287,-0.080794364,0.053086728,0.7242721,-0.03365551,0.11810975,0.7629567,-0.0650322,0.17457436,0.80245566,-0.0717335,0.15910722,0.79164743,-0.07617353,0.03232055,0.80055606,-0.038015973,0.09540975,0.83532023,-0.06877975,0.1492696,0.86068654,-0.05994524,0.13688424,0.8494849,-0.053776015,0.025787935,0.87561285,-0.0460003,0.08427835,0.90808725,-0.06792654,0.13116911,0.91738987,-0.064178206,0.12770718,0.90575707,-0.05912187,thumbs_up
0.19729355,0.9439886,-4.776192e-07,0.23541176,0.82492316,-0.033820577,0.23009434,0.6956816,-0.04673895,0.21369569,0.60611147,-0.055093296,0.21229224,0.5326158,-0.055254087,0.10000776,0.6611657,-0.035803035,0.13780823,0.680552,-0.06630381,0.18092798,0.73216206,-0.07570156,0.16700557,0.7420622,-0.08266948,0.049488634,0.721918,-0.035332188,0.112867326,0.7623063,-0.069893666,0.16985586,0.8018054,-0.077219725,0.1539182,0.7902501,-0.08165961,0.02769462,0.7989186,-0.038736373,0.08943056,0.8355943,-0.07198772,0.14369363,0.86029863,-0.062667124,0.13135083,0.8473669,-0.05579366,0.01983843,0.8748013,-0.04590899,0.0769858,0.9090955,-0.07005452,0.12516202,0.917869,-0.06684152,0.12169604,0.904203,-0.061794627,thumbs_up
0.19706036,0.9469005,-4.89076e-07,0.23343593,0.82254255,-0.03047458,0.22793588,0.6939018,-0.04130469,0.21178466,0.60477674,-0.047697403,0.20744437,0.53278023,-0.045498356,0.09532377,0.6621697,-0.034823455,0.1364841,0.6772925,-0.06294247,0.1793754,0.72998637,-0.0703542,0.16414012,0.7407887,-0.07633456,0.04461456,0.72357327,-0.03545785,0.11241637,0.75944084,-0.06930713,0.16807796,0.8017562,-0.07728782,0.14971736,0.79207337,-0.08266959,0.024443768,0.8002236,-0.038977396,0.088827446,0.8335785,-0.07025026,0.14228182,0.860731,-0.06000262,0.12765685,0.8512799,-0.053228103,0.018452361,0.87539226,-0.04600126,0.076472,0.9085184,-0.06864261,0.12481775,0.9166712,-0.06426248,0.11940238,0.90528536,-0.05870551,thumbs_up
0.1958465,0.9458152,-4.880276e-07,0.2323986,0.82133055,-0.03132958,0.22707346,0.6928566,-0.042710647,0.2106733,0.6042158,-0.049526595,0.20719062,0.5326265,-0.047699396,0.09472562,0.6612625,-0.035366006,0.13532285,0.67830044,-0.06325734,0.17857195,0.7299171,-0.06978583,0.16392237,0.74007744,-0.07512637,0.04397434,0.7227254,-0.03569115,0.110944696,0.76059145,-0.06958428,0.16780101,0.80178255,-0.076692946,0.15018214,0.79088616,-0.08133425,0.023607269,0.799596,-0.039026733,0.08710775,0.83447534,-0.07075432,0.1415086,0.86075824,-0.060090534,0.12759557,0.8502729,-0.05291407,0.017474271,0.8755301,-0.04592463,0.07472026,0.909652,-0.06922555,0.12393461,0.91695,-0.06497975,0.11958216,0.90429884,-0.05942846,thumbs_up
0.19665611,0.94536865,-4.8306794e-07,0.2324881,0.821913,-0.032495357,0.22736645,0.6937345,-0.045092467,0.21050024,0.60502076,-0.053330977,0.20684507,0.53243876,-0.053129423,0.093987,0.6611576,-0.035587095,0.13641044,0.6773741,-0.06449836,0.17956176,0.7294394,-0.07162923,0.16520539,0.74085575,-0.07694821,0.044162452,0.7226398,-0.035657305,0.11182742,0.75897646,-0.07008954,0.16865721,0.8011394,-0.07682879,0.15106566,0.7921643,-0.08064682,0.02399981,0.79946965,-0.039034087,0.08658215,0.8326626,-0.07143683,0.14169605,0.85949516,-0.06049928,0.12836291,0.8502189,-0.05257927,0.01761476,0.876269,-0.04606034,0.07418359,0.9077426,-0.06922817,0.12327427,0.91595745,-0.064348206,0.11948933,0.9044411,-0.058022417,thumbs_up
0.19814566,0.9427616,-4.796831e-07,0.23404655,0.82339615,-0.03359,0.22880512,0.6951004,-0.047309384,0.21273866,0.6060096,-0.057035957,0.20917931,0.53364235,-0.058729675,0.09728804,0.6600464,-0.03531795,0.13830087,0.6787809,-0.06527421,0.18024546,0.7295265,-0.07344755,0.16654749,0.7390854,-0.0793247,0.04739061,0.7202014,-0.035325404,0.1126997,0.7598361,-0.06959721,0.16922474,0.8015016,-0.075091235,0.15277812,0.791522,-0.07756778,0.025494225,0.7965563,-0.0392923,0.08678612,0.8331511,-0.071972534,0.14150454,0.85980797,-0.06084012,0.12935375,0.8486118,-0.052439563,0.017432116,0.8735306,-0.047126077,0.07378332,0.907181,-0.07045195,0.12223614,0.91589445,-0.06587557,0.11984777,0.902851,-0.05960495,thumbs_up
0.19807982,0.94424427,-4.872343e-07,0.23466393,0.82380414,-0.033048723,0.23005363,0.69479316,-0.045988113,0.21331802,0.6053306,-0.05472356,0.21227679,0.5329447,-0.05533878,0.09914265,0.66036594,-0.034045015,0.13795425,0.6789141,-0.06293822,0.18057029,0.72977304,-0.070376724,0.16758366,0.7394518,-0.07578311,0.049312674,0.7205422,-0.033682942,0.11197727,0.76009643,-0.0667732,0.16958605,0.8019424,-0.07204525,0.15353608,0.79166436,-0.074560165,0.0273915,0.7963421,-0.037104983,0.086226836,0.83269894,-0.06901647,0.14166175,0.8597888,-0.057786513,0.12963547,0.8490853,-0.04941892,0.019169576,0.8726294,-0.04428216,0.073513076,0.90609413,-0.06687464,0.12266183,0.9154364,-0.061820876,0.12050471,0.9033133,-0.05531787,thumbs_up
0.20022227,0.94417995,-4.837111e-07,0.2358849,0.82388884,-0.032389272,0.23126361,0.6946151,-0.044321973,0.2149778,0.60511786,-0.051849775,0.21206391,0.53406477,-0.050926708,0.10029104,0.6594286,-0.033337265,0.13720234,0.67921066,-0.061968792,0.18046305,0.73033965,-0.06977883,0.16836433,0.73945576,-0.07548254,0.05050201,0.7196072,-0.032840148,0.11083176,0.76031274,-0.06592421,0.16941182,0.80178404,-0.07194261,0.15533866,0.7905258,-0.07514027,0.028857447,0.79522777,-0.03595257,0.085166425,0.8322654,-0.06743855,0.14113751,0.8595165,-0.056259103,0.13049226,0.84892696,-0.04801865,0.02091413,0.8707638,-0.042772952,0.07336189,0.9053623,-0.064730644,0.12233207,0.9148496,-0.05947524,0.11989661,0.9027021,-0.052951325,thumbs_up
0.20129097,0.94619286,-4.8825046e-07,0.2383163,0.82634735,-0.03337233,0.23342109,0.69441575,-0.045207728,0.2166157,0.6051038,-0.052492496,0.21456212,0.5341102,-0.051335834,0.102952525,0.6599879,-0.033086974,0.13714796,0.67882806,-0.06237442,0.18111053,0.7303754,-0.070690475,0.17010564,0.73983157,-0.076508425,0.05262907,0.71922946,-0.032025266,0.11099038,0.76070845,-0.06515192,0.17005749,0.8021634,-0.071011074,0.15645769,0.7904696,-0.0738802,0.030226335,0.79448134,-0.034932226,0.0860454,0.83231616,-0.06693813,0.14217073,0.85989225,-0.056233186,0.13187663,0.8487264,-0.048012156,0.02153486,0.86968577,-0.041602444,0.07395383,0.9041838,-0.063908145,0.123012915,0.91455793,-0.059010264,0.12116655,0.9024853,-0.052561257,thumbs_up
0.20322011,0.9455346,-4.942753e-07,0.23904303,0.82620764,-0.032684315,0.23421952,0.69532007,-0.04353016,0.21848291,0.60476446,-0.049872402,0.21603855,0.5337481,-0.047704387,0.10432686,0.66068316,-0.031206803,0.1365599,0.6783163,-0.05993871,0.18125696,0.7302029,-0.06840548,0.171617,0.74000555,-0.07412328,0.05455073,0.71821016,-0.030019822,0.110497445,0.75994575,-0.06167407,0.16967894,0.80184495,-0.06752172,0.15746404,0.7905046,-0.070568345,0.0320779,0.7925563,-0.032865353,0.08558298,0.83109707,-0.06390858,0.14188386,0.8588804,-0.05398613,0.13274623,0.847652,-0.046324182,0.023286998,0.86709344,-0.039378878,0.07313772,0.90246457,-0.06049788,0.12239302,0.9131477,-0.05546569,0.12169424,0.9016423,-0.04907384,thumbs_up
0.204755,0.9464853,-4.952331e-07,0.2407156,0.8267343,-0.032425612,0.23556997,0.6951213,-0.042976595,0.22031215,0.6043184,-0.048970886,0.21830864,0.53394663,-0.046441726,0.10532795,0.6619006,-0.031012345,0.13831502,0.6764699,-0.0597719,0.18296285,0.72955954,-0.06854281,0.17266917,0.7405361,-0.07458426,0.05559296,0.71948224,-0.029979682,0.11269054,0.7586235,-0.062127355,0.17194785,0.8012042,-0.06868275,0.15935765,0.7906498,-0.07217747,0.033337288,0.7937167,-0.032871887,0.08781623,0.8299687,-0.064233415,0.14415118,0.858203,-0.05460232,0.13484475,0.8473884,-0.0470571,0.024783254,0.8678368,-0.039356016,0.074965514,0.9018477,-0.06084905,0.124541305,0.91257536,-0.055884115,0.12409136,0.9010118,-0.049415205,thumbs_up
0.2052226,0.9452456,-4.9635383e-07,0.24308598,0.8273009,-0.033263266,0.23879626,0.6964556,-0.04500494,0.22300872,0.60578847,-0.052766964,0.22078912,0.5346118,-0.05265785,0.10769215,0.6621737,-0.029992774,0.14160597,0.6746029,-0.059399124,0.18617304,0.7266589,-0.06865199,0.17820635,0.7409234,-0.07440664,0.05929791,0.7194794,-0.02879044,0.11689226,0.7564811,-0.060222533,0.17626633,0.7993871,-0.06560436,0.1649193,0.7912194,-0.06757491,0.03695488,0.7933701,-0.032029938,0.09245063,0.82857543,-0.06336624,0.14882058,0.8568663,-0.053930927,0.14018063,0.84807307,-0.045903336,0.027723022,0.86849695,-0.038993113,0.079300895,0.9004143,-0.06047201,0.12830572,0.91131604,-0.055678,0.12871557,0.9010579,-0.049004283,thumbs_up
0.20827937,0.9412421,-5.03804e-07,0.24743144,0.82617044,-0.03167752,0.24207634,0.6954825,-0.04443258,0.22470826,0.60886097,-0.054845635,0.22077465,0.53556526,-0.059279684,0.11023536,0.66228014,-0.028715882,0.15167148,0.6694977,-0.0595996,0.19280413,0.72184354,-0.07147883,0.18611115,0.7393983,-0.078323185,0.0642342,0.7196021,-0.028884724,0.1322673,0.74939513,-0.059204105,0.18327439,0.7931371,-0.06474852,0.17066865,0.7936666,-0.06629282,0.04219316,0.79269236,-0.03380398,0.109241255,0.82506865,-0.06385485,0.158822,0.85383,-0.056780893,0.14841825,0.84947497,-0.049889043,0.03186126,0.8670406,-0.042372067,0.09262889,0.89461887,-0.06247229,0.13719536,0.90633607,-0.058434207,0.13678914,0.9003631,-0.052051283,thumbs_up
0.21516714,0.9374327,-5.2726347e-07,0.2510873,0.82208943,-0.028521018,0.2435806,0.69395536,-0.04086836,0.22501601,0.6080175,-0.05157704,0.21939066,0.5336351,-0.057348065,0.11585448,0.65991217,-0.025413953,0.16652647,0.6675971,-0.056021273,0.20341395,0.7233788,-0.07104163,0.19809829,0.7438507,-0.080655985,0.071522646,0.7172394,-0.02744652,0.14738356,0.7438336,-0.05701007,0.19262101,0.79122865,-0.0648356,0.18315902,0.7977607,-0.06834752,0.05080276,0.7905127,-0.033794317,0.1269412,0.8181092,-0.06301705,0.17083457,0.85118383,-0.057768825,0.16024289,0.85219055,-0.052293353,0.041545942,0.86646116,-0.043566506,0.11154911,0.89128363,-0.06382708,0.15241455,0.9056201,-0.06061403,0.1483919,0.9018501,-0.05488878,thumbs_up
0.22053544,0.93451273,-5.062473e-07,0.25497943,0.818014,-0.027396046,0.2479221,0.69487834,-0.041232187,0.22925618,0.6097967,-0.05336071,0.2213257,0.5347631,-0.06116388,0.12142311,0.6578209,-0.028410133,0.18349107,0.6711689,-0.060351845,0.21749124,0.722674,-0.07801164,0.20860946,0.7389672,-0.09002471,0.077976435,0.7166642,-0.031708956,0.16581169,0.74632496,-0.061979193,0.20702088,0.79300594,-0.071610704,0.19434184,0.79964197,-0.07721424,0.059369124,0.79105735,-0.03871482,0.14612523,0.81960887,-0.06861882,0.18585691,0.8512083,-0.06447025,0.17209688,0.851466,-0.060363125,0.053352423,0.8684442,-0.0488986,0.13001204,0.89372647,-0.0709532,0.16968957,0.90570325,-0.06856055,0.16441135,0.9000567,-0.06344086,thumbs_up
0.22858474,0.9298909,-5.067001e-07,0.2599285,0.81871784,-0.026107717,0.25411862,0.6988363,-0.040091615,0.23603192,0.6146591,-0.052437864,0.22709672,0.53956676,-0.06109567,0.12658656,0.66326785,-0.029948669,0.19651294,0.673579,-0.061167113,0.22948477,0.7221161,-0.079144284,0.22234352,0.7414036,-0.090945154,0.086640954,0.7201399,-0.032624893,0.1840833,0.7484181,-0.059357014,0.22041395,0.7930273,-0.06799637,0.20833738,0.8036147,-0.07391008,0.069761954,0.79210347,-0.03873799,0.166172,0.8225013,-0.065926515,0.20000184,0.8536593,-0.06390771,0.18598567,0.8570322,-0.061737336,0.06444675,0.86882704,-0.047756236,0.14556213,0.8954484,-0.06820499,0.18172267,0.9055109,-0.067389145,0.17673665,0.90142804,-0.06372768,thumbs_up
0.22596484,0.9400797,-5.8524654e-07,0.26176333,0.8251352,-0.025571706,0.25985187,0.70236486,-0.03842219,0.24279769,0.61736166,-0.049769185,0.23327331,0.54129666,-0.05786073,0.13917331,0.664929,-0.03168339,0.21432355,0.6778852,-0.06379388,0.24500166,0.7278185,-0.08125801,0.23577249,0.7484585,-0.09233906,0.09975083,0.7203218,-0.03418198,0.2038455,0.751034,-0.060929004,0.23553205,0.79889655,-0.06854562,0.22111167,0.81264347,-0.07396589,0.082956575,0.79102284,-0.04017808,0.1865983,0.8266047,-0.068659216,0.21432799,0.8617041,-0.06760061,0.19626752,0.8656237,-0.06581057,0.0771423,0.86804473,-0.04889032,0.1624415,0.8959544,-0.07001013,0.19327743,0.90907145,-0.070412576,0.18310055,0.90622735,-0.06779602,thumbs_up
0.22653832,0.94580525,-5.730545e-07,0.26641172,0.8265733,-0.02059929,0.26127112,0.70347977,-0.030944081,0.24573708,0.6162399,-0.040993765,0.23852888,0.53730696,-0.048365004,0.151402,0.66341084,-0.02853759,0.23403424,0.67441857,-0.05973649,0.25833207,0.72879434,-0.07646411,0.24028412,0.748692,-0.08784959,0.111728705,0.7162398,-0.033704948,0.2227326,0.7461221,-0.061411183,0.24767521,0.7984281,-0.068836786,0.22750105,0.8123241,-0.07434129,0.093859054,0.7853646,-0.042001113,0.20224147,0.81957,-0.07135998,0.2251677,0.8620504,-0.069785364,0.20310375,0.8695679,-0.067754194,0.08730019,0.860999,-0.052560013,0.17574646,0.888985,-0.075065896,0.20140485,0.90967214,-0.076218255,0.18572012,0.9110571,-0.074266076,thumbs_up
0.22758244,0.942227,-5.434959e-07,0.26901397,0.8245545,-0.017767578,0.26510924,0.7035469,-0.02752458,0.2527566,0.6173642,-0.036985103,0.24602553,0.53959423,-0.043589864,0.15955763,0.6582598,-0.02939188,0.25512952,0.67344993,-0.06057535,0.27185014,0.7285856,-0.07784542,0.24666435,0.7442364,-0.09059469,0.1236448,0.7118437,-0.036537044,0.24551833,0.7426233,-0.064090565,0.2634825,0.7915965,-0.07109791,0.23730472,0.7989604,-0.077676795,0.108546555,0.7822414,-0.04647439,0.22233635,0.8148912,-0.07504442,0.24136248,0.85368055,-0.07223029,0.21583748,0.85865074,-0.07068901,0.104691766,0.8588449,-0.058597423,0.19637446,0.8874633,-0.08215743,0.2175093,0.90656763,-0.08394108,0.19821745,0.90707403,-0.08309507,thumbs_up
0.2251261,0.9466763,-5.4975226e-07,0.26373875,0.8329928,-0.017184077,0.26368117,0.710852,-0.027151871,0.25521672,0.62169904,-0.037090614,0.2479617,0.5414386,-0.043767776,0.1678714,0.6589662,-0.027568677,0.27473468,0.6750271,-0.06009052,0.2838503,0.7293377,-0.07757453,0.25318348,0.7419015,-0.090051994,0.1387707,0.7121242,-0.034933127,0.27199376,0.7433966,-0.06338995,0.27665237,0.7949203,-0.06948567,0.24257079,0.7993139,-0.07538122,0.12756695,0.7798971,-0.04543662,0.24864675,0.81540227,-0.073346585,0.2544306,0.857743,-0.068344906,0.2237791,0.861128,-0.06514886,0.12513062,0.85405236,-0.058517754,0.21958251,0.88168687,-0.08113813,0.22926414,0.90405387,-0.082771026,0.20397016,0.9050544,-0.08178261,thumbs_up
0.2157534,0.95776474,-5.5068654e-07,0.2579901,0.8383492,-0.012502333,0.26319608,0.7123096,-0.019450692,0.26010787,0.6221784,-0.027284123,0.25380257,0.5406091,-0.032030206,0.17956056,0.6577838,-0.021212608,0.28903314,0.67345124,-0.052017376,0.2876623,0.72319895,-0.069965504,0.25453648,0.7312102,-0.08369493,0.1551746,0.71249914,-0.030773379,0.28798905,0.74220765,-0.058452588,0.2771063,0.7880007,-0.06574022,0.24126306,0.79294896,-0.07417225,0.14605647,0.78207,-0.043531064,0.2681388,0.8158405,-0.06813654,0.25765184,0.8521595,-0.06537196,0.22456668,0.85180855,-0.06570204,0.14575501,0.8572365,-0.058833625,0.24101669,0.8794869,-0.07875582,0.23626639,0.8988998,-0.08321936,0.20558481,0.8990876,-0.08639725,thumbs_up
0.20871983,0.9606067,-5.035755e-07,0.2511193,0.8422158,-0.01096943,0.26328254,0.7155911,-0.01751295,0.26229316,0.62504405,-0.025069527,0.2523202,0.5409133,-0.029216591,0.19657472,0.6570809,-0.020863328,0.30754855,0.67278576,-0.050803017,0.29717255,0.71573347,-0.06799069,0.25910398,0.71773607,-0.08146882,0.17655107,0.7129373,-0.03155368,0.307176,0.74062544,-0.06056999,0.28654122,0.77985734,-0.07021052,0.2491523,0.7804592,-0.08076205,0.17024058,0.7837875,-0.044784322,0.29050124,0.8152681,-0.069599904,0.27186716,0.84819555,-0.06856028,0.23932676,0.84357,-0.07035067,0.17304695,0.8581785,-0.0602109,0.26812124,0.879925,-0.080000006,0.2575486,0.8955862,-0.085870825,0.22539939,0.89071137,-0.09063133,thumbs_up
0.2081995,0.9585542,-5.039352e-07,0.2496042,0.8383297,-0.00887691,0.26526612,0.7107572,-0.014111701,0.2665869,0.6194164,-0.020848094,0.2559436,0.5353445,-0.024076315,0.21403448,0.66081715,-0.019684654,0.3189585,0.6747898,-0.047943026,0.3070938,0.715969,-0.06306372,0.27235427,0.7145535,-0.07493149,0.19949287,0.7200239,-0.031749554,0.3230497,0.7415312,-0.059487917,0.29942206,0.7774015,-0.06815231,0.26556855,0.77498627,-0.0779269,0.19639325,0.79063624,-0.046038944,0.31276125,0.81314486,-0.06980143,0.28923866,0.8437788,-0.068434246,0.2589461,0.8385291,-0.06980964,0.20245007,0.8617304,-0.06207152,0.29427314,0.87681425,-0.07892237,0.27856928,0.89186436,-0.08251278,0.24654453,0.8870065,-0.086100444,thumbs_up
0.21272272,0.9581249,-5.28158e-07,0.25197327,0.83703905,-0.0076793316,0.27067745,0.7093409,-0.01409194,0.2724839,0.6198516,-0.022560846,0.26143497,0.5384595,-0.02674721,0.22668742,0.66435,-0.02121395,0.33567452,0.67954916,-0.052260615,0.32278293,0.7231615,-0.0675243,0.2884762,0.72135943,-0.07819121,0.21469833,0.72432816,-0.034563717,0.3407481,0.7491541,-0.0620566,0.3147987,0.78476465,-0.06753667,0.28126428,0.77851534,-0.07442663,0.21350476,0.7932036,-0.050466646,0.33032086,0.8173714,-0.073679775,0.3036377,0.8466877,-0.06903933,0.2744038,0.8391308,-0.06776709,0.21964335,0.86147946,-0.06812024,0.31002793,0.87541145,-0.08251905,0.29029945,0.8913863,-0.08257126,0.2589603,0.8863853,-0.08358295,thumbs_up
0.21571672,0.9529803,-5.5554744e-07,0.2520716,0.8378883,-0.008875371,0.27786493,0.7093605,-0.015009581,0.2842101,0.6195456,-0.023006521,0.27542302,0.53942275,-0.02691956,0.2471388,0.66462505,-0.021777235,0.35301405,0.681364,-0.053626552,0.33660614,0.7252926,-0.06998662,0.30395246,0.72104645,-0.08139042,0.23847397,0.7247192,-0.035450254,0.36198282,0.74968445,-0.06241395,0.33270338,0.7841312,-0.06771872,0.3018813,0.77738523,-0.07421835,0.23787485,0.7932787,-0.05202947,0.35212973,0.819579,-0.075623274,0.3206987,0.8472764,-0.07165819,0.29271972,0.837928,-0.07055824,0.24285753,0.8621396,-0.070435405,0.3315964,0.87874997,-0.0846759,0.3073178,0.894847,-0.08438674,0.27643028,0.88915724,-0.085325904,thumbs_up
0.22171098,0.94859594,-5.395937e-07,0.2535579,0.83915764,-0.008487524,0.28429446,0.7110132,-0.014768491,0.2930189,0.62018496,-0.02251788,0.28745806,0.5405399,-0.02594352,0.26661652,0.667194,-0.02391166,0.3673653,0.6781609,-0.055755753,0.34770322,0.72271574,-0.07071843,0.3163636,0.7203535,-0.080494076,0.25895727,0.7249236,-0.03721266,0.37908074,0.74849945,-0.062595084,0.34762087,0.7819749,-0.0648326,0.318854,0.77554685,-0.06868045,0.25885567,0.79164183,-0.05334989,0.36975813,0.82070726,-0.07509316,0.336063,0.8458088,-0.06892936,0.3091333,0.8358661,-0.066449836,0.26384485,0.8593906,-0.07119025,0.34993753,0.8837194,-0.082468145,0.3222099,0.89850456,-0.08020172,0.29185498,0.88857543,-0.08013614,thumbs_up
0.22577727,0.9406996,-5.1478736e-07,0.25176933,0.83253443,-0.0048821066,0.29004207,0.70751697,-0.011528146,0.30334005,0.61785936,-0.01974693,0.29709837,0.54185534,-0.024030922,0.282918,0.66982603,-0.02671484,0.38501632,0.67948496,-0.057444487,0.36338034,0.720367,-0.07128466,0.32845718,0.7183203,-0.07992068,0.27880007,0.72881204,-0.0414135,0.39621955,0.7489062,-0.06427827,0.36353114,0.77986586,-0.06430013,0.33289862,0.7737887,-0.066822276,0.28134036,0.7967981,-0.05800466,0.3877936,0.82168657,-0.076509625,0.35371944,0.84370697,-0.067991376,0.32545137,0.83285195,-0.06463788,0.28748155,0.86549896,-0.07579078,0.37006804,0.88719773,-0.08403583,0.34070134,0.9002952,-0.07889543,0.31009886,0.8891634,-0.077271216,thumbs_up
0.23095503,0.94100916,-4.871224e-07,0.24849322,0.8331359,-0.004107773,0.29189414,0.71159333,-0.0104205515,0.3125382,0.61962116,-0.017622836,0.3106562,0.5451553,-0.020775424,0.2997747,0.6799398,-0.027593788,0.4001245,0.68229055,-0.054569483,0.37770283,0.7219368,-0.06463188,0.34434566,0.72265893,-0.07005453,0.30284032,0.7356291,-0.040433843,0.41190952,0.75072527,-0.057105884,0.3815213,0.78109217,-0.0535795,0.35165945,0.7778725,-0.053826407,0.30906168,0.8011739,-0.054595154,0.40181333,0.8234738,-0.06723779,0.369822,0.84482795,-0.056448177,0.3419733,0.83625865,-0.05236225,0.3163882,0.867661,-0.06964882,0.3869909,0.88824147,-0.072923414,0.35775957,0.9039147,-0.06458624,0.32939473,0.8948085,-0.0611077,thumbs_up
0.23706096,0.93511206,-4.4792475e-07,0.25480205,0.8278965,-0.0014840435,0.30085182,0.7075666,-0.008043559,0.32369322,0.6198236,-0.015251608,0.32241386,0.54865044,-0.018552564,0.31370968,0.68305296,-0.030265443,0.41243294,0.6874125,-0.054567818,0.390567,0.7248316,-0.06176804,0.35877183,0.72678864,-0.06504534,0.3203426,0.7390833,-0.042864505,0.42233407,0.7513383,-0.05609062,0.3933922,0.7823918,-0.04937414,0.36414623,0.7823482,-0.0475578,0.3293102,0.8043948,-0.05589327,0.41556132,0.822967,-0.064222336,0.38520822,0.84419,-0.049791433,0.35732934,0.8380233,-0.04403576,0.33853504,0.8703755,-0.06939129,0.4026336,0.88642716,-0.068339996,0.37254018,0.90315473,-0.056067992,0.34461662,0.89626867,-0.050436784,thumbs_up
0.24647745,0.93134487,-3.94786e-07,0.26290843,0.82571965,-0.0018688457,0.30781013,0.70648766,-0.008633499,0.3325721,0.62006366,-0.0156286,0.3341584,0.5507654,-0.01846969,0.3298519,0.68435025,-0.029982239,0.42633393,0.690282,-0.05287364,0.40528858,0.7278601,-0.059135888,0.37203854,0.7340068,-0.061088264,0.3393742,0.74103737,-0.041286204,0.4373968,0.7533576,-0.05218906,0.4108812,0.78476924,-0.044482056,0.38024306,0.78724605,-0.041628256,0.35013118,0.8072379,-0.052915618,0.4330449,0.8266909,-0.058962308,0.40357918,0.84851146,-0.043328747,0.37347513,0.8446207,-0.036615267,0.36016834,0.875142,-0.064954296,0.4198518,0.89068097,-0.062056813,0.3898305,0.90814924,-0.047894,0.36219844,0.9027946,-0.040597,thumbs_up
0.25753406,0.92823464,-4.000393e-07,0.27155504,0.82127255,-0.0022698774,0.31484097,0.7020207,-0.009095914,0.34073168,0.61732584,-0.01577514,0.34339043,0.55045533,-0.018318133,0.3481699,0.68712616,-0.02962607,0.44094667,0.6946349,-0.051162515,0.41887188,0.7296186,-0.057675812,0.38470715,0.7360413,-0.059868198,0.36015865,0.7468615,-0.039925236,0.4526807,0.7583897,-0.050284266,0.4264146,0.7882553,-0.043102365,0.39389732,0.7926857,-0.040265206,0.37169644,0.81349057,-0.050411776,0.44704643,0.8317336,-0.055631295,0.4188649,0.85139406,-0.039918307,0.3882278,0.8488687,-0.03273195,0.380787,0.87985307,-0.061282456,0.43484235,0.8919376,-0.05790657,0.4052775,0.9071629,-0.042942576,0.37765196,0.90377307,-0.034693457,thumbs_up
0.2685454,0.92863417,-4.111557e-07,0.28253937,0.81880325,0.0011444959,0.3242551,0.70078206,-0.0052828514,0.34994924,0.61664206,-0.01191629,0.34992313,0.55176747,-0.015049022,0.36206838,0.6881812,-0.02735768,0.4506019,0.6973941,-0.04461101,0.42814842,0.7309714,-0.049600333,0.39459506,0.73682916,-0.051333003,0.376232,0.74891406,-0.037740268,0.46103197,0.7605461,-0.042368133,0.43648383,0.7884063,-0.03401743,0.40417856,0.79312664,-0.031621937,0.38858542,0.8172748,-0.047472864,0.45504293,0.8303516,-0.048015907,0.42996705,0.8502857,-0.031364445,0.4000952,0.8516885,-0.024475763,0.39799595,0.88406557,-0.057204742,0.4470723,0.8878296,-0.0507649,0.42056188,0.90432876,-0.03389117,0.39464325,0.9063509,-0.024574535,thumbs_up
0.27856907,0.92717594,-4.0483926e-07,0.29320428,0.81737375,0.00056552544,0.3334302,0.7008291,-0.006184215,0.3585306,0.6177442,-0.012929559,0.3585842,0.5538568,-0.016230194,0.3737895,0.6893343,-0.026847294,0.45920464,0.69947726,-0.04317955,0.4364015,0.7315723,-0.048253853,0.40286413,0.73719484,-0.05034364,0.3887635,0.75171405,-0.03695004,0.4701253,0.7620861,-0.040977333,0.44542235,0.7883359,-0.033175312,0.41237417,0.7929679,-0.031098181,0.40112126,0.8212373,-0.04635718,0.46427193,0.8321959,-0.0466364,0.43931273,0.850568,-0.030568238,0.40877753,0.85222876,-0.023989556,0.40967634,0.8887788,-0.05574015,0.45217144,0.8913452,-0.050251547,0.4267597,0.9070219,-0.03402142,0.40255725,0.90978193,-0.024803054,thumbs_up
0.28748447,0.9269866,-3.9231924e-07,0.30216256,0.8170473,-0.0006732072,0.34214354,0.70123845,-0.008381012,0.36715636,0.618097,-0.015967993,0.3674855,0.55410194,-0.020250743,0.38446012,0.6915622,-0.027600644,0.46648237,0.7015393,-0.042923253,0.44353935,0.73390853,-0.04808826,0.41076335,0.73947185,-0.05080014,0.40025422,0.7544385,-0.037515055,0.47883767,0.7625601,-0.041346457,0.4538781,0.78888,-0.03440919,0.42008042,0.7946414,-0.032957453,0.41250587,0.8243132,-0.04661476,0.47239724,0.8320357,-0.04690626,0.44773263,0.85070217,-0.031037819,0.4172724,0.8542839,-0.024526408,0.41982675,0.89184844,-0.055774454,0.45999402,0.89019275,-0.050577283,0.43522042,0.9062672,-0.03391616,0.4117389,0.9116499,-0.024254916,thumbs_up
0.29583877,0.9274537,-3.9101002e-07,0.30958313,0.8177954,0.0002995525,0.3486495,0.7026505,-0.0065239416,0.37373224,0.62015086,-0.01355313,0.37631845,0.5567435,-0.017120803,0.39255804,0.6928959,-0.024163058,0.47296602,0.70162046,-0.03798282,0.45012277,0.7339096,-0.042453058,0.41743064,0.74045795,-0.044756528,0.40882397,0.75436604,-0.03393541,0.48514205,0.76298493,-0.036339793,0.46031132,0.7886313,-0.029462302,0.4269183,0.7944539,-0.028130587,0.42122853,0.8229074,-0.042916212,0.47858876,0.8317799,-0.041835528,0.45418978,0.8503701,-0.026363181,0.42428094,0.85436976,-0.020307126,0.4286168,0.88942146,-0.05197167,0.466839,0.8898206,-0.045883436,0.44220668,0.90556014,-0.029582698,0.41929543,0.9109657,-0.020245882,thumbs_up
0.30232784,0.9269311,-4.0305588e-07,0.31477365,0.8164397,0.0021191135,0.35316765,0.7039988,-0.0034426027,0.37919104,0.62265944,-0.009700219,0.3829692,0.5598705,-0.0127669275,0.3996252,0.6947663,-0.020170098,0.47735125,0.7021804,-0.03175969,0.45574772,0.7343818,-0.035163704,0.42427123,0.74173045,-0.037004165,0.417034,0.75604266,-0.03007441,0.48876023,0.7636853,-0.030087546,0.46508616,0.7895134,-0.023101224,0.4327915,0.7961933,-0.022113318,0.42990345,0.8237382,-0.039054457,0.4825793,0.83262193,-0.036023587,0.4595843,0.85133773,-0.021294003,0.43056458,0.85586286,-0.016177276,0.43738467,0.8889529,-0.048023336,0.47153452,0.89138716,-0.040888447,0.4479221,0.90736365,-0.025264615,0.4259292,0.9128235,-0.01655078,thumbs_up
0.30637372,0.9268821,-4.1521497e-07,0.3174461,0.8167347,0.00265691,0.35521498,0.7048309,-0.0019759233,0.38214198,0.6241457,-0.0074647055,0.3873394,0.56201327,-0.009821518,0.40557098,0.6961196,-0.017306812,0.48065397,0.7022365,-0.027926877,0.45955762,0.7339625,-0.031214608,0.4288415,0.741779,-0.033097487,0.42384815,0.7568826,-0.026966553,0.4928654,0.76450366,-0.026244279,0.46862513,0.7903143,-0.019350365,0.43638802,0.79710644,-0.018271444,0.43701172,0.8237489,-0.035774745,0.48757794,0.8321957,-0.03234395,0.46391943,0.85141915,-0.017815927,0.4347326,0.85679847,-0.0127040995,0.44451934,0.888542,-0.04459799,0.47507507,0.8919234,-0.037756953,0.45071557,0.9082447,-0.0226332,0.42893055,0.9136315,-0.014016788,thumbs_up
0.3113161,0.92621493,-4.183696e-07,0.32090208,0.8157239,0.0051806034,0.35690278,0.70511717,0.0016328257,0.38378668,0.6240889,-0.003266207,0.39064172,0.56209195,-0.005273678,0.41053534,0.6957203,-0.013796955,0.4828778,0.70203644,-0.02190324,0.46245334,0.73396957,-0.023818443,0.433095,0.7423457,-0.025014695,0.4289619,0.7555771,-0.023835016,0.49506205,0.7645938,-0.02019313,0.47135642,0.79034513,-0.012501263,0.4401342,0.7975806,-0.011340662,0.4417768,0.82179517,-0.03272265,0.48920113,0.831339,-0.026557509,0.46583927,0.85073626,-0.012081204,0.43744498,0.8564787,-0.0076461495,0.44929457,0.885956,-0.041471392,0.4769536,0.8912475,-0.032645807,0.45241594,0.90756595,-0.017525323,0.4311696,0.9126502,-0.00923043,thumbs_up
0.31388432,0.9257124,-4.1872119e-07,0.3236389,0.81501126,0.0046110703,0.35954118,0.7056023,0.00022742728,0.3863944,0.6251322,-0.0054776184,0.39241156,0.56314635,-0.00831442,0.41308996,0.6956041,-0.01491453,0.4871599,0.70512366,-0.023724882,0.46565,0.73607963,-0.026110461,0.43544516,0.74168426,-0.027691467,0.43092954,0.75572634,-0.025245046,0.49813217,0.76582575,-0.021972006,0.47372124,0.790668,-0.014370619,0.4425314,0.79602754,-0.013477567,0.44323936,0.8225511,-0.034460757,0.49188223,0.83191556,-0.028462673,0.4679687,0.8513205,-0.013209323,0.43961784,0.85650486,-0.008430345,0.45036772,0.8871691,-0.043628246,0.47949243,0.89024395,-0.034543496,0.45461452,0.9066328,-0.018504735,0.43328467,0.91177714,-0.009760691,thumbs_up
0.3158093,0.9250989,-4.3630456e-07,0.3259679,0.8151456,0.0044300347,0.36215818,0.7063882,-2.181819e-05,0.38938904,0.62577546,-0.005699025,0.39486414,0.5636489,-0.0085509,0.4158571,0.6962658,-0.015118258,0.48979482,0.7084056,-0.023569772,0.46794757,0.74066573,-0.025857044,0.4375079,0.74607885,-0.027384616,0.43370357,0.7561391,-0.024998635,0.49980107,0.7695539,-0.021397276,0.4754953,0.795616,-0.014088761,0.44430494,0.8010279,-0.013447965,0.4461039,0.8226736,-0.03366235,0.49286038,0.8363269,-0.026956972,0.46971658,0.85579944,-0.012269894,0.44170788,0.86005867,-0.008041693,0.4534438,0.8866428,-0.04230327,0.48230183,0.89357466,-0.03230211,0.45743698,0.90933555,-0.016492242,0.43577552,0.9128661,-0.008096866,thumbs_up
0.3161409,0.92526716,-4.3642504e-07,0.32727358,0.8151844,0.0049637593,0.36411715,0.7079519,0.00047948575,0.39170295,0.62702304,-0.005388765,0.39817536,0.5643824,-0.008446764,0.41954103,0.697308,-0.014077911,0.49297628,0.7111246,-0.022070441,0.47147018,0.743369,-0.024238884,0.4408374,0.748739,-0.025688704,0.43709573,0.75668955,-0.0240138,0.50186646,0.77175,-0.019631261,0.47795835,0.79764473,-0.012141213,0.44674954,0.80294496,-0.011552244,0.44880375,0.8230637,-0.032708783,0.4946162,0.8377666,-0.02519741,0.47182545,0.8569259,-0.010513447,0.44372958,0.86116654,-0.0064774915,0.4554109,0.88705754,-0.041376416,0.48295105,0.8950377,-0.03091901,0.45827442,0.91000646,-0.015286412,0.4363428,0.9128636,-0.0070449365,thumbs_up
0.31828514,0.9252071,-4.35202e-07,0.33117956,0.81468785,0.004663863,0.36751795,0.70817345,-0.00013203803,0.3942549,0.6277433,-0.0063548125,0.40021032,0.5652855,-0.009671902,0.42381066,0.6984559,-0.013078809,0.49595442,0.71401083,-0.02092771,0.47418934,0.74582124,-0.023367135,0.44325152,0.75123054,-0.025048211,0.44106686,0.7577182,-0.022982355,0.50462383,0.77378523,-0.01863304,0.4806918,0.79976314,-0.0117352,0.4491266,0.805057,-0.011490679,0.4525811,0.8240799,-0.03168191,0.4974707,0.8386658,-0.024147244,0.47447518,0.8575885,-0.009740645,0.44583526,0.8617293,-0.005829525,0.45891163,0.8882463,-0.040407926,0.48502278,0.89531136,-0.030265002,0.4602403,0.91000247,-0.014718414,0.43819728,0.913193,-0.0063608526,thumbs_up
0.3205406,0.92518437,-4.420302e-07,0.33367026,0.8150885,0.005544289,0.37066603,0.70865816,0.0009587532,0.3970493,0.62835425,-0.005111374,0.40263584,0.56619805,-0.008515006,0.42767346,0.7004894,-0.013524919,0.49906844,0.7165685,-0.020867415,0.476796,0.7477133,-0.02287975,0.44564715,0.75303406,-0.024300162,0.44498375,0.7610229,-0.023597417,0.50779355,0.77630496,-0.018515816,0.48340863,0.80199707,-0.0111045,0.45153382,0.807801,-0.010641756,0.45639306,0.8284893,-0.032269623,0.5003974,0.8412952,-0.023948148,0.47700566,0.8602846,-0.009305705,0.44805545,0.86483943,-0.0054979147,0.4624221,0.8933227,-0.04085563,0.4871647,0.8999375,-0.030505762,0.46206182,0.915045,-0.015072221,0.43996185,0.91878825,-0.0069263894,thumbs_up
0.32305416,0.926128,-4.3775782e-07,0.33748877,0.8168995,0.0060745454,0.37345472,0.7106897,0.0013075158,0.39890316,0.63056576,-0.0050912397,0.40418625,0.5684069,-0.008773213,0.43161774,0.7012272,-0.013179366,0.50219285,0.7180174,-0.020101031,0.48002937,0.7499999,-0.021905512,0.44929695,0.7548151,-0.023333147,0.4491339,0.7609571,-0.023472425,0.51066524,0.7778557,-0.017927637,0.48661232,0.80393654,-0.0104049295,0.45480648,0.80892646,-0.009975915,0.460597,0.8278213,-0.032277662,0.5028109,0.8426199,-0.02321549,0.47949642,0.8617654,-0.008655921,0.45027062,0.8656652,-0.0051458697,0.46672446,0.8926055,-0.041010126,0.48867202,0.901085,-0.03044543,0.4630645,0.9149369,-0.015437511,0.44018787,0.917156,-0.0076056216,thumbs_up
0.32451308,0.92622703,-4.386542e-07,0.33991638,0.8172888,0.0055124923,0.37736857,0.71234536,0.0007288958,0.40378192,0.6325419,-0.0057663824,0.40982148,0.5700322,-0.0093816575,0.43574932,0.70337945,-0.010846145,0.5080413,0.7217749,-0.018136675,0.4844148,0.7518679,-0.02085581,0.45276996,0.75527227,-0.022762712,0.4525665,0.76237524,-0.020869266,0.5142299,0.77972263,-0.015157675,0.48973954,0.8039896,-0.008252211,0.45832857,0.8080935,-0.008225521,0.4633405,0.8286569,-0.029688576,0.5070065,0.8425551,-0.020797623,0.4831708,0.8606229,-0.006452352,0.4536891,0.8642217,-0.002874566,0.46871814,0.89287204,-0.038537443,0.49137473,0.90062106,-0.028180417,0.46557707,0.9142847,-0.013164341,0.4423607,0.916865,-0.0051251356,thumbs_up
0.3269939,0.92787856,-4.4605784e-07,0.34201282,0.81817293,0.0077135125,0.380417,0.7137176,0.004194194,0.4073237,0.63415724,-0.0014858777,0.41362005,0.57189316,-0.0045487476,0.44114286,0.7043143,-0.007599783,0.51190686,0.7240946,-0.012599239,0.48828965,0.75307447,-0.014514826,0.45731202,0.7560991,-0.01620833,0.4575052,0.7635693,-0.018150838,0.5170707,0.7831108,-0.009482067,0.49279058,0.8057085,-0.0020627573,0.46232182,0.8088259,-0.0023924496,0.46727255,0.8309274,-0.02724133,0.5093941,0.84502375,-0.015732242,0.48563385,0.86198306,-0.0013481056,0.4566559,0.865234,0.0015236503,0.47191754,0.89582306,-0.03621693,0.493513,0.90202826,-0.023711218,0.46808115,0.91491663,-0.008095511,0.44550094,0.9178612,-8.493713e-05,thumbs_up
0.32780987,0.92843777,-4.5936264e-07,0.34399077,0.8185114,0.007956308,0.38368484,0.7146425,0.004362917,0.41130874,0.63533634,-0.0013959854,0.41736692,0.5728615,-0.0045938743,0.4446172,0.70524794,-0.007931291,0.5149665,0.726727,-0.013169438,0.49041086,0.7562015,-0.015406555,0.45877787,0.7589509,-0.017349973,0.46120018,0.7652237,-0.018797845,0.51978993,0.7850084,-0.010304684,0.49506587,0.80763286,-0.0032298437,0.46399537,0.8106804,-0.003809006,0.47088003,0.8334536,-0.028120838,0.511554,0.8473724,-0.016746063,0.48739097,0.8644414,-0.002482711,0.45803133,0.8675412,0.00028533366,0.47507444,0.899059,-0.037313517,0.49616185,0.9055776,-0.025060963,0.47014725,0.91842794,-0.0094358595,0.44700462,0.92129886,-0.0013629112,thumbs_up
0.3303346,0.9271883,-4.7030565e-07,0.34692487,0.81828564,0.008445789,0.387192,0.71539277,0.0052232738,0.41550726,0.6367019,-0.00013495029,0.42223954,0.57433164,-0.0030608082,0.4479666,0.7070556,-0.0077624717,0.5171493,0.72997797,-0.01132454,0.49212754,0.7587497,-0.012351106,0.46100459,0.76085323,-0.013635348,0.46397987,0.7674954,-0.018246256,0.5210342,0.7884297,-0.008068282,0.49607283,0.81064075,-0.0003373961,0.4653735,0.81337917,-0.0008547554,0.4729522,0.83604884,-0.026935032,0.513137,0.849734,-0.014001142,0.4890952,0.8668913,0.0006591039,0.45973763,0.8700713,0.0032866218,0.47681606,0.90143514,-0.03540154,0.49847397,0.9068116,-0.021907512,0.47252244,0.91885173,-0.005757808,0.4488579,0.92112434,0.002405979,thumbs_up
0.33348984,0.9273563,-4.7313412e-07,0.34950918,0.8184849,0.0086972015,0.38996494,0.7160922,0.00548894,0.4183889,0.63698405,0.00031659522,0.42507032,0.5747043,-0.002565804,0.45115423,0.7092481,-0.008123814,0.5190355,0.73225796,-0.011060534,0.4933178,0.76062536,-0.011606464,0.46288964,0.7626905,-0.012741421,0.46728998,0.7706139,-0.018406887,0.523229,0.78975725,-0.00753823,0.49712795,0.8122404,0.0009683331,0.4669206,0.8160624,0.00091400085,0.475998,0.8393802,-0.026811857,0.5151193,0.8510369,-0.013022294,0.48990518,0.8684992,0.002222599,0.46107823,0.872337,0.004968962,0.47939906,0.9043201,-0.03495063,0.4987808,0.908311,-0.020838043,0.47183517,0.92044556,-0.0045318347,0.4490484,0.9229659,0.0035145173,thumbs_up
0.3354861,0.9283355,-4.8331157e-07,0.35100058,0.81881225,0.008065462,0.39142373,0.71642774,0.004859419,0.4204123,0.6372741,-0.00012445409,0.42726007,0.5749039,-0.0027231462,0.45357978,0.7107191,-0.008443704,0.5204663,0.733217,-0.011346664,0.49429068,0.76101273,-0.011769323,0.46380118,0.76288635,-0.012858809,0.47037742,0.77294844,-0.018212808,0.523647,0.790776,-0.0075184354,0.49712586,0.81305397,0.0008683033,0.4672389,0.81769615,0.00078829215,0.47934803,0.84196407,-0.02614985,0.515368,0.85234606,-0.012582134,0.49016747,0.86952513,0.0022414012,0.46155992,0.87384385,0.0047728433,0.4828613,0.9069344,-0.033866968,0.49943244,0.91085637,-0.020261647,0.47231656,0.9219489,-0.0046431986,0.44947737,0.9239223,0.0030362643,thumbs_up
0.3374924,0.92741543,-4.6666926e-07,0.35367602,0.8183091,0.0075642373,0.39392036,0.71668345,0.003951287,0.42272896,0.63773394,-0.0014054229,0.42985716,0.5755311,-0.0042911926,0.45547003,0.7124111,-0.00983999,0.5220422,0.73443353,-0.012777016,0.49698508,0.7623329,-0.012679844,0.4673241,0.76411545,-0.01350227,0.47191733,0.7741104,-0.019664504,0.52548623,0.7919168,-0.009525537,0.49958858,0.81409395,-0.00096229976,0.4698509,0.81850064,-0.00082151894,0.48055544,0.8426157,-0.02762774,0.5164828,0.85338795,-0.0144102685,0.49189067,0.87134147,0.0006721875,0.4637193,0.8762354,0.0034338871,0.48367375,0.90752804,-0.035464052,0.49949247,0.91289026,-0.022367328,0.47342896,0.9243811,-0.0070916284,0.45145318,0.9267474,0.0003985097,thumbs_up
0.34018436,0.92676187,-4.6591617e-07,0.3554448,0.81765944,0.0060446253,0.3940232,0.7165157,0.0014240999,0.4218563,0.63741523,-0.004658337,0.42936903,0.5752402,-0.008188135,0.45723858,0.7125257,-0.011514815,0.52435803,0.73464185,-0.01553084,0.49871606,0.76267844,-0.015918959,0.46807203,0.76459134,-0.016855692,0.4742379,0.77507174,-0.020789413,0.5265192,0.792185,-0.011794485,0.4999681,0.81466115,-0.0037239455,0.4701036,0.8195878,-0.0037325257,0.48308697,0.84390974,-0.028333427,0.51748383,0.85335326,-0.01636158,0.4924189,0.87176085,-0.0013031899,0.46448594,0.8774321,0.0017197088,0.48634487,0.9087153,-0.0358252,0.5010731,0.9127198,-0.024061367,0.4743461,0.92498106,-0.008832567,0.45237452,0.9284778,-0.0010736664,thumbs_up
0.34315994,0.92778546,-4.747814e-07,0.3571933,0.81871325,0.006196028,0.3935171,0.71688056,0.0008421508,0.41902408,0.6361706,-0.0060070404,0.42521438,0.57337445,-0.01030773,0.4578697,0.71164674,-0.013152374,0.5250857,0.73523647,-0.016607448,0.49929094,0.76432586,-0.016358936,0.46890855,0.7658657,-0.017111482,0.47553033,0.7723628,-0.022577064,0.5261309,0.793847,-0.01278706,0.49926636,0.8170426,-0.004142084,0.46963742,0.8213443,-0.004156796,0.48473305,0.8409015,-0.030100366,0.5155956,0.85470295,-0.016887913,0.4904908,0.873219,-0.0018858631,0.462747,0.8777826,0.00043682495,0.48886293,0.9062466,-0.037645143,0.5013675,0.91426396,-0.025200715,0.47413546,0.9259243,-0.0103888465,0.45162353,0.92783386,-0.003303488,thumbs_up
0.3464019,0.92875487,-4.8795636e-07,0.35800654,0.81956834,0.0054012863,0.39352494,0.7164885,0.00036741846,0.4190251,0.6357157,-0.005700856,0.42445835,0.5733496,-0.0090571,0.4603869,0.71170616,-0.013721108,0.52755594,0.73993254,-0.016033206,0.50040525,0.7668816,-0.015163621,0.46967414,0.7662746,-0.015686473,0.4783179,0.77338654,-0.022151833,0.5262096,0.79975945,-0.009981321,0.49972305,0.8201395,-0.0006793189,0.47147563,0.8228393,-0.001122465,0.4873397,0.84291166,-0.028667532,0.5133738,0.8595966,-0.013946112,0.48927844,0.8761574,0.00057884667,0.46239206,0.8794972,0.002005478,0.49139178,0.90835,-0.03527477,0.50285465,0.9172838,-0.022126593,0.47606644,0.9281569,-0.0075524,0.45317802,0.92924,-0.00094530656,thumbs_up
0.34640506,0.9268023,-4.9797694e-07,0.35829693,0.81868166,0.0054137325,0.39401704,0.71671,0.00063171843,0.41995558,0.6355771,-0.0050158883,0.42512456,0.57357764,-0.007921515,0.46285442,0.7131729,-0.013440815,0.52793926,0.74340147,-0.01480594,0.50063723,0.7699333,-0.01327683,0.47054034,0.7693939,-0.013602412,0.48106152,0.7750617,-0.021572068,0.52722096,0.8031514,-0.00878404,0.50052863,0.82342887,0.00073964807,0.47277796,0.8264688,0.0004331807,0.48988166,0.84472126,-0.027703082,0.5145281,0.86340797,-0.012466314,0.4904974,0.8793855,0.001638034,0.4637603,0.8820003,0.0026968739,0.49344724,0.91050464,-0.033930812,0.5027569,0.9228498,-0.020889742,0.47612265,0.9331536,-0.0072638565,0.453582,0.93265605,-0.0013191691,thumbs_up
0.34753954,0.9289908,-4.797628e-07,0.35941237,0.82018,0.0058047003,0.3959461,0.7189437,0.0009677236,0.42252058,0.6380902,-0.004972686,0.4283291,0.575615,-0.008267287,0.46388486,0.71534,-0.0113160815,0.5293858,0.7430987,-0.013437846,0.5024474,0.769981,-0.0130447,0.47199732,0.7697853,-0.01380118,0.48134384,0.7765473,-0.019385189,0.5280352,0.80278194,-0.0068692327,0.50158733,0.82414824,0.0021410282,0.47392273,0.8275502,0.001697469,0.48998576,0.84552777,-0.025633313,0.5165453,0.86257017,-0.010492889,0.4923863,0.87881565,0.0035427501,0.4655478,0.8819056,0.004788964,0.49383646,0.9106904,-0.031927094,0.50436664,0.9200864,-0.018347785,0.4775314,0.930639,-0.004204384,0.45520934,0.9317172,0.0021727732,thumbs_up
0.34817362,0.9281185,-4.895651e-07,0.36001343,0.81943077,0.006281222,0.39643842,0.71879953,0.0019148509,0.4237661,0.63806224,-0.003625519,0.43046188,0.5760602,-0.0064774808,0.4655035,0.71490467,-0.009989571,0.53018576,0.7438893,-0.0109857535,0.502974,0.77038133,-0.010048559,0.47288215,0.7701454,-0.01058065,0.48325697,0.776646,-0.01802538,0.5292767,0.8032005,-0.004309765,0.5027642,0.8235155,0.0049865628,0.47511432,0.82676774,0.0045513143,0.49171343,0.84586793,-0.024176426,0.51761943,0.86326027,-0.007983744,0.4935862,0.8786471,0.005965492,0.46672156,0.88146174,0.0069450648,0.49529642,0.91104615,-0.030367147,0.5055934,0.9211863,-0.016129227,0.4788909,0.9309815,-0.0020540478,0.45631355,0.93117625,0.004184613,thumbs_up
0.3481322,0.92728597,-4.871557e-07,0.3607416,0.81941986,0.00604713,0.39785522,0.7189735,0.0010891872,0.42518848,0.6382525,-0.005046147,0.43175337,0.57576716,-0.008578653,0.4657247,0.7139017,-0.0111076655,0.531104,0.7430868,-0.013165474,0.50359815,0.77071244,-0.013038572,0.47322536,0.7709817,-0.014089981,0.48309645,0.775281,-0.019494966,0.5299,0.8022435,-0.0068803797,0.50269276,0.82313585,0.002035927,0.4745348,0.82597476,0.0014649668,0.49131945,0.8443861,-0.026030676,0.5181778,0.8622824,-0.010665353,0.4932138,0.8779598,0.0036512765,0.46610937,0.8803631,0.0049608797,0.49467552,0.9092171,-0.03263251,0.5052061,0.9193282,-0.01894737,0.47809315,0.9297646,-0.004601197,0.4557995,0.9302081,0.0018802055,thumbs_up
0.34803107,0.9278902,-4.9803305e-07,0.36046815,0.8201253,0.007014176,0.3974525,0.71928287,0.0029861925,0.4253214,0.6379849,-0.002335634,0.43217483,0.5757922,-0.0050645443,0.4665034,0.7140551,-0.009801356,0.53010833,0.7427822,-0.010567567,0.5026994,0.77092886,-0.00945709,0.4724478,0.77154016,-0.010014075,0.48425677,0.7758236,-0.018339617,0.5296316,0.8016498,-0.0046168356,0.5026015,0.82317615,0.0047370903,0.47440997,0.82681614,0.0043591615,0.4922813,0.84529656,-0.024882201,0.51785237,0.86291164,-0.00886193,0.4928643,0.8791662,0.0052339225,0.4653987,0.8818214,0.0062730154,0.49513018,0.91057247,-0.031417396,0.5048715,0.9225826,-0.017744914,0.47753328,0.9332808,-0.0039036674,0.45491758,0.93346053,0.0022218844,thumbs_up
0.34750012,0.92836857,-4.8863876e-07,0.3603697,0.8193119,0.0069797155,0.3977559,0.7193263,0.0025084217,0.4255264,0.63856494,-0.003201179,0.43233898,0.5762287,-0.0063756444,0.46564877,0.7144632,-0.010873619,0.53020954,0.7414521,-0.0115712,0.50269514,0.76911193,-0.0100553185,0.472333,0.7701431,-0.010266267,0.48382944,0.7771641,-0.019416267,0.5301545,0.7995254,-0.005829476,0.50282323,0.8206224,0.003872721,0.47438335,0.82527566,0.0038213315,0.49200413,0.8470503,-0.025849152,0.5190346,0.8607211,-0.009788716,0.4938225,0.876863,0.0050152596,0.46613836,0.8807781,0.0065440685,0.49473405,0.9122643,-0.03220943,0.5055015,0.9208225,-0.018215463,0.47845384,0.9318313,-0.0036135751,0.4558998,0.933401,0.0030244603,thumbs_up
0.34772897,0.9272886,-4.8419565e-07,0.3606149,0.81873673,0.0068954076,0.3973865,0.7183101,0.0023856324,0.424981,0.6375765,-0.0033876272,0.43203697,0.5757014,-0.0067080315,0.46604553,0.71442336,-0.01168205,0.52975374,0.74026954,-0.012588503,0.50312114,0.7680458,-0.010951635,0.47311822,0.7697434,-0.011024143,0.4837877,0.77743685,-0.020292977,0.5310565,0.79885584,-0.007169104,0.50408256,0.81972516,0.0026205315,0.47552142,0.8240834,0.0028432477,0.4917624,0.84738785,-0.026764901,0.5206578,0.86021364,-0.011244081,0.4954466,0.8760328,0.0035238634,0.46764934,0.8794838,0.0052458597,0.4941559,0.9128363,-0.03312166,0.5049618,0.9210859,-0.019645842,0.47779953,0.93160695,-0.0051673595,0.45508954,0.9324567,0.0015452527,thumbs_up
0.34746101,0.9267473,-4.7617493e-07,0.35965228,0.81781805,0.0067761797,0.3953324,0.71727306,0.0018440612,0.42275935,0.6358355,-0.0043088114,0.42949215,0.57333386,-0.008014226,0.46389186,0.7120872,-0.0132776,0.5266762,0.73517907,-0.013985538,0.5022634,0.7656714,-0.01142726,0.47360376,0.76901466,-0.011041473,0.48228097,0.7739877,-0.022184778,0.53061384,0.7955075,-0.010046323,0.5039101,0.81884784,-8.96923e-05,0.47471207,0.8232883,0.0005006789,0.49091727,0.84290934,-0.0288274,0.5208276,0.85762584,-0.013898415,0.49563387,0.8746254,0.0008710459,0.46764228,0.87741804,0.0025900325,0.49358767,0.9076681,-0.03534839,0.5028838,0.91805446,-0.022462573,0.4759638,0.92850214,-0.008669603,0.45356014,0.92758274,-0.002479155,thumbs_up
0.34629017,0.92753905,-4.7534652e-07,0.3579782,0.81879735,0.0063564973,0.39338565,0.7161565,0.001536626,0.41955,0.63436615,-0.0046464386,0.42587608,0.57184386,-0.008343958,0.46166906,0.71016777,-0.011853406,0.5254777,0.7334658,-0.0139490655,0.50087446,0.7632844,-0.013133939,0.4717935,0.76604587,-0.0137583045,0.4800681,0.7709861,-0.020767078,0.5298974,0.7935058,-0.0100825075,0.5035326,0.81603676,-0.0012442927,0.47380504,0.82004076,-0.001010563,0.48925167,0.8387456,-0.02773797,0.5191638,0.8545678,-0.014026417,0.49459198,0.871309,-5.9986527e-05,0.46651128,0.874215,0.0016379312,0.49268097,0.9025037,-0.034691237,0.50211704,0.91259587,-0.02239327,0.4756303,0.9238379,-0.008915418,0.45308003,0.92401296,-0.0027019759,thumbs_up
0.34518713,0.9273007,-4.4792813e-07,0.35642368,0.8184641,0.0054753493,0.38984096,0.7146576,0.00012867406,0.41443083,0.6325848,-0.006709861,0.42012936,0.56982595,-0.010895429,0.45710823,0.7066023,-0.011343225,0.5216273,0.72735983,-0.015388019,0.49856576,0.7586651,-0.016184261,0.4698,0.7624213,-0.017671747,0.47590464,0.76629233,-0.020581536,0.52730066,0.78662956,-0.012002069,0.50235915,0.81100255,-0.004192014,0.47279197,0.8159768,-0.0041945283,0.48618326,0.8327284,-0.028274562,0.51781946,0.8482682,-0.016521506,0.49402067,0.866373,-0.0030666392,0.46611986,0.87035173,-0.0011693093,0.49083915,0.896143,-0.036097616,0.50094324,0.9074339,-0.025387328,0.47485062,0.9195297,-0.012546646,0.45262617,0.9205583,-0.0064048776,thumbs_up
0.34676418,0.92541224,-3.8572648e-07,0.35473776,0.81825113,-0.0004680323,0.3838388,0.7101606,-0.00831032,0.40541735,0.6286418,-0.01704749,0.40799567,0.5659151,-0.02252498,0.44502473,0.6985187,-0.014486849,0.5135509,0.71521,-0.024447843,0.49402165,0.74940085,-0.029507121,0.4651213,0.7553124,-0.03298578,0.46444532,0.75420654,-0.022737999,0.5225189,0.7767756,-0.021854507,0.49974105,0.80338115,-0.01797259,0.4692943,0.80709636,-0.018861026,0.47789675,0.8170594,-0.030508613,0.51738656,0.8364378,-0.026912682,0.49488184,0.85598433,-0.015536417,0.466533,0.85983515,-0.012404236,0.4870405,0.8788866,-0.03880572,0.50528455,0.8911341,-0.033610042,0.4807699,0.9058264,-0.02156443,0.4581955,0.9091846,-0.014494763,thumbs_up
0.35064626,0.9235299,-3.7540454e-07,0.35237467,0.8177581,0.00012601448,0.37451532,0.7070042,-0.0063850884,0.39210886,0.62646264,-0.013773187,0.39089936,0.56594265,-0.017934673,0.4346589,0.68691903,-0.011694967,0.50170165,0.70203775,-0.01982293,0.48395383,0.7350229,-0.023849262,0.45612013,0.74193656,-0.026875183,0.45680875,0.7381555,-0.019574212,0.51447964,0.7578608,-0.017662035,0.4944805,0.7847245,-0.013881796,0.46623057,0.791219,-0.01485218,0.47413647,0.79727495,-0.026929328,0.51304674,0.8154053,-0.022588871,0.4930609,0.8367097,-0.012141671,0.4666314,0.843724,-0.009565473,0.48797566,0.85638636,-0.034808803,0.5074459,0.866941,-0.029382331,0.48555705,0.88476175,-0.01804249,0.46489954,0.89151734,-0.011378827,thumbs_up
0.3524387,0.91983604,-3.9576733e-07,0.347665,0.81644,-0.0014409188,0.36539108,0.70474064,-0.0063616736,0.3799198,0.62463343,-0.011894203,0.3757622,0.5658415,-0.014278032,0.42645866,0.67758787,-0.007222302,0.491027,0.69246614,-0.015856564,0.4743103,0.726498,-0.022079889,0.44633016,0.73726994,-0.026668,0.4514255,0.7267478,-0.014105282,0.5054826,0.7460466,-0.013250037,0.4869937,0.7747281,-0.012159887,0.46024433,0.78538245,-0.014428832,0.47115362,0.7846457,-0.021052409,0.5103438,0.8025177,-0.019261058,0.49098787,0.824358,-0.012239094,0.46494588,0.83336496,-0.010979185,0.48694047,0.84316635,-0.02856943,0.503165,0.8589234,-0.026618786,0.48048943,0.87725866,-0.018857783,0.45944187,0.88314086,-0.013986355,thumbs_up
0.35277978,0.9196171,-4.3908213e-07,0.34092247,0.81903017,4.7167356e-05,0.3566814,0.7070523,-0.0023705268,0.37026647,0.6261473,-0.005711474,0.3636702,0.5688522,-0.0060305074,0.42049092,0.671637,0.0025489344,0.48255998,0.6918755,-0.0028690228,0.46565068,0.72608685,-0.0094867265,0.43807426,0.7366618,-0.014877784,0.44693163,0.71614516,-0.0037726713,0.49740422,0.74001706,-1.07208e-05,0.4790572,0.7690818,-0.00027403914,0.45289385,0.7803446,-0.0035878066,0.46826717,0.77137554,-0.0104121575,0.5043841,0.79152155,-0.0067331195,0.4857569,0.8141813,-0.0019656576,0.46025446,0.8238824,-0.0021579473,0.48589298,0.8283788,-0.017595429,0.5020652,0.84514797,-0.014361233,0.47970983,0.8645971,-0.007741991,0.4582419,0.87129045,-0.0036849931,thumbs_up
0.34920263,0.91795653,-4.335472e-07,0.338026,0.8177603,0.00083434006,0.35361746,0.7059301,-0.0011218435,0.36516386,0.62659913,-0.0041929274,0.35787195,0.5699069,-0.0043594176,0.4176248,0.67073905,0.003912852,0.4795707,0.6903486,-0.0014652293,0.46213993,0.72384924,-0.00824701,0.43472666,0.7343333,-0.013778379,0.44507158,0.71748954,-0.0031279307,0.49574423,0.73773134,0.0007985893,0.47696775,0.7665005,0.00095334847,0.45123407,0.7791735,-0.0020620087,0.46697903,0.77439064,-0.010593744,0.5033518,0.7916462,-0.0063391444,0.48446316,0.8140516,-0.0005548204,0.45886374,0.82435757,-0.00020361174,0.4841436,0.8326491,-0.018605681,0.50093377,0.84705615,-0.014010315,0.4782944,0.8664928,-0.00625268,0.45603967,0.87297857,-0.0016841498,thumbs_up
0.3454674,0.91430736,-4.2878406e-07,0.33842912,0.8141818,-0.00031651394,0.35434735,0.704017,-0.004307176,0.36595014,0.6248078,-0.009227404,0.35956016,0.5675044,-0.011045298,0.41729295,0.6714179,-0.0016130534,0.48138618,0.69005704,-0.010185177,0.4621386,0.7224392,-0.017935978,0.43379435,0.73096013,-0.023857402,0.44328472,0.71971965,-0.009347798,0.49707592,0.7391053,-0.008956917,0.4759861,0.7672454,-0.008702855,0.4490199,0.7785138,-0.011105031,0.46396154,0.7770412,-0.017555077,0.50225073,0.7958352,-0.015642215,0.48146787,0.81754005,-0.008664174,0.45526582,0.82593745,-0.007163178,0.4802537,0.83581007,-0.026444023,0.4982935,0.85192925,-0.023206359,0.47429988,0.8709545,-0.015066408,0.45183048,0.87576675,-0.010084604,thumbs_up
0.3422862,0.91545343,-4.3464277e-07,0.33876842,0.8141522,-0.0028113073,0.35826772,0.7031292,-0.0076188548,0.37119836,0.6234051,-0.012885926,0.3656507,0.5653762,-0.014905979,0.4211302,0.67589664,-0.005330033,0.4863442,0.6944296,-0.015899323,0.46529442,0.7258156,-0.02442352,0.43618837,0.7319876,-0.030650606,0.44541854,0.72544944,-0.012233506,0.50020444,0.7448557,-0.0134804435,0.47756094,0.7716176,-0.013436417,0.45029044,0.7803465,-0.015836481,0.46421385,0.7840026,-0.019831797,0.50077313,0.80283284,-0.019303627,0.47907677,0.82275945,-0.012387326,0.45305756,0.8292805,-0.010675254,0.47839794,0.8437806,-0.028296638,0.49526557,0.8590231,-0.025497537,0.47055444,0.8763834,-0.017056918,0.44797823,0.88015735,-0.011855728,thumbs_up
0.34216568,0.9153663,-4.3992267e-07,0.3416304,0.81342685,-0.002799612,0.3625187,0.7038631,-0.008609986,0.3763699,0.62380576,-0.0147401495,0.37226775,0.5649164,-0.017651638,0.42474073,0.68003196,-0.01082924,0.49279553,0.7011152,-0.022005344,0.47071168,0.73138684,-0.029614728,0.44065702,0.73556936,-0.035277333,0.44802028,0.7305671,-0.018152103,0.5034198,0.7541303,-0.01930808,0.47973236,0.78015244,-0.018270025,0.4520734,0.78640795,-0.020542005,0.46551198,0.7902415,-0.025717346,0.50047255,0.81329894,-0.024642944,0.47794032,0.83273154,-0.01650374,0.4521008,0.83728117,-0.014653184,0.4783557,0.8505661,-0.034150068,0.4939127,0.86930263,-0.031201106,0.46836117,0.88582987,-0.022112673,0.4460127,0.8882062,-0.016760213,thumbs_up
0.3396387,0.91392964,-4.3844955e-07,0.34524563,0.8114899,-0.001787773,0.36946568,0.7040115,-0.008058713,0.38519865,0.6248903,-0.01492097,0.38298008,0.5656552,-0.018616907,0.43066067,0.68402195,-0.0136224395,0.49936396,0.70711666,-0.025612526,0.47791764,0.736791,-0.03310061,0.44709495,0.74020714,-0.038548253,0.4524213,0.73594797,-0.021794979,0.5074373,0.7622053,-0.023173127,0.4850937,0.78782517,-0.021607619,0.4570972,0.7934476,-0.023870459,0.46870676,0.7971647,-0.029923102,0.50234014,0.822974,-0.028543111,0.4808819,0.84155107,-0.01993091,0.45458817,0.84511507,-0.018184323,0.48048514,0.85908294,-0.038852673,0.4961421,0.87888676,-0.03602677,0.47094086,0.89338887,-0.026964167,0.4477445,0.8946266,-0.021712482,thumbs_up
0.33916947,0.9175675,-4.5519943e-07,0.3480262,0.81379926,0.0010963199,0.37714854,0.706725,-0.0045219217,0.39608842,0.6276928,-0.011252133,0.39623988,0.5681343,-0.015153741,0.44069543,0.6925556,-0.012228309,0.50817776,0.7185597,-0.022115132,0.48576966,0.74807155,-0.028194373,0.454784,0.7505541,-0.032738555,0.4600074,0.7472032,-0.021208305,0.51325136,0.7745653,-0.019469537,0.490326,0.7990891,-0.016351316,0.46173817,0.80380565,-0.018321162,0.47332302,0.81040794,-0.02968238,0.50525904,0.8338994,-0.025226435,0.48377955,0.85220146,-0.015071162,0.45743364,0.8553882,-0.013170511,0.48204902,0.8728113,-0.03867326,0.49861592,0.88776803,-0.032900378,0.4738679,0.90158606,-0.021686055,0.45092973,0.90308404,-0.015531311,thumbs_up
0.3404447,0.9201163,-4.556606e-07,0.3525623,0.8161275,0.00097572396,0.3849229,0.7095523,-0.004733471,0.4065169,0.6306157,-0.011377953,0.4081521,0.57062113,-0.015119998,0.44833487,0.7013834,-0.013115895,0.5161344,0.72790444,-0.02275369,0.49308237,0.7565107,-0.028382698,0.46176314,0.75815856,-0.032421716,0.46644354,0.75839615,-0.021471957,0.5198846,0.7854278,-0.019332891,0.4960101,0.8085401,-0.01590586,0.4662592,0.81233984,-0.017528402,0.47823232,0.82314974,-0.029181669,0.5096801,0.8456885,-0.024040794,0.48765534,0.8619124,-0.014174599,0.46050835,0.8641945,-0.012432347,0.4850126,0.88616365,-0.037300516,0.4985867,0.90002114,-0.030928846,0.47340465,0.9112988,-0.019995198,0.45023972,0.9117485,-0.014033515,thumbs_up
0.3433894,0.92552674,-4.5168505e-07,0.3567461,0.81953734,0.0014524215,0.39152884,0.7136001,-0.0042980392,0.41563553,0.634195,-0.011075195,0.4191811,0.573136,-0.01480798,0.45450434,0.70634633,-0.012614581,0.52350724,0.73568267,-0.021434948,0.49958807,0.7639118,-0.026243018,0.46820801,0.7645945,-0.029813373,0.47256383,0.76419246,-0.020744028,0.5250327,0.7938793,-0.01743945,0.5003821,0.81621206,-0.01340424,0.4708203,0.81858605,-0.014827931,0.4839691,0.8300391,-0.028136954,0.5124804,0.85390604,-0.02156365,0.49015385,0.869758,-0.0113906395,0.4632387,0.8713075,-0.009806859,0.4903455,0.8939892,-0.035950173,0.500982,0.90786064,-0.028757323,0.47592542,0.9185534,-0.017812576,0.4531689,0.9186786,-0.011910929,thumbs_up
0.34518012,0.9264927,-4.683816e-07,0.36156988,0.82101417,0.002063131,0.39921078,0.71633255,-0.0032206343,0.42466247,0.6383022,-0.009673791,0.4294875,0.57769424,-0.013173374,0.46223184,0.71210533,-0.0116798105,0.5312454,0.7422981,-0.020027861,0.5064357,0.7685465,-0.024784258,0.47485512,0.767562,-0.028308494,0.47891536,0.77157104,-0.019857684,0.5305034,0.8017713,-0.01562776,0.50519735,0.8222909,-0.011355438,0.47549972,0.82289636,-0.013020424,0.48884434,0.83840525,-0.027238898,0.51776296,0.8610927,-0.019746969,0.49485514,0.8752593,-0.009026026,0.46745744,0.8750891,-0.007433753,0.49376303,0.90239877,-0.03496538,0.5062505,0.91317296,-0.026638685,0.48047888,0.92190653,-0.014765661,0.4568116,0.9202273,-0.008529782,thumbs_up
0.34980923,0.9278383,-4.5892182e-07,0.3675993,0.8225627,0.0020268105,0.4068076,0.71841174,-0.0033417523,0.43274707,0.64030975,-0.0098240515,0.43775383,0.57964104,-0.013412171,0.47020915,0.7178564,-0.012257035,0.5384199,0.7478651,-0.020346964,0.512517,0.7719446,-0.024809634,0.4815029,0.77030474,-0.028250052,0.48551446,0.77871823,-0.020255854,0.53734136,0.8068178,-0.015608594,0.5114129,0.82505953,-0.010735032,0.4823767,0.82585984,-0.012041885,0.49387372,0.8461014,-0.027428087,0.522232,0.8662496,-0.019235346,0.49848998,0.879415,-0.007731474,0.47154552,0.87969416,-0.0058628325,0.4974206,0.91036063,-0.03504202,0.50966513,0.91956246,-0.026461072,0.48375902,0.9281766,-0.014305301,0.46117178,0.9272913,-0.007994105,thumbs_up
0.35204005,0.9304867,-4.5636747e-07,0.37014538,0.8243726,0.0027800335,0.41004813,0.72173333,-0.00272722,0.43762508,0.6438925,-0.009387968,0.44470394,0.5826227,-0.013151919,0.47593415,0.721738,-0.01253127,0.54275763,0.7525595,-0.020001145,0.5170175,0.7774161,-0.023821196,0.4857372,0.77498305,-0.026928505,0.49118906,0.7843147,-0.021138689,0.54309857,0.81213987,-0.015335067,0.51748776,0.83148664,-0.009432914,0.48828048,0.83206755,-0.010401812,0.49860057,0.85318726,-0.028782029,0.5288479,0.87318027,-0.019903678,0.50438946,0.88775957,-0.0073102624,0.4765573,0.8878371,-0.0051083765,0.5005334,0.91892093,-0.036809854,0.51461214,0.92986035,-0.02807549,0.48774472,0.9387388,-0.015258295,0.46412635,0.9370671,-0.008617633,thumbs_up
0.35592505,0.92830735,-4.381397e-07,0.37426716,0.8230336,0.0035364488,0.41435495,0.7221576,-0.0019979116,0.44213244,0.6441059,-0.008890683,0.44949383,0.5829985,-0.013036616,0.48052263,0.72348374,-0.011832096,0.547373,0.75489575,-0.018206099,0.5217148,0.7798048,-0.021162907,0.49113753,0.7776417,-0.02373885,0.49530295,0.7863909,-0.020375442,0.5469649,0.8147132,-0.013049896,0.5214745,0.8342723,-0.0061737197,0.4923693,0.83519006,-0.0069137993,0.50189775,0.8554855,-0.027869873,0.5328297,0.87563956,-0.017777387,0.5083593,0.8903083,-0.0043691946,0.48031712,0.89075243,-0.0020739604,0.5034551,0.92104334,-0.03569099,0.51928943,0.93173134,-0.025855875,0.49193034,0.940363,-0.012270225,0.46792808,0.93880165,-0.0054476643,thumbs_up
0.35806817,0.9287641,-4.421313e-07,0.3776315,0.8247027,0.0020507788,0.41807503,0.7237704,-0.004336103,0.44611517,0.64643633,-0.011897953,0.45474392,0.58502555,-0.016509835,0.48496735,0.7256665,-0.013014741,0.5517095,0.758568,-0.02101712,0.5251075,0.78383917,-0.025127918,0.49325413,0.78035814,-0.028430305,0.49914575,0.7891057,-0.021558955,0.55086,0.81835276,-0.016653134,0.5244019,0.8382987,-0.011053507,0.49415046,0.8377628,-0.0122872945,0.5053366,0.8584181,-0.029272432,0.5381006,0.87948525,-0.021673689,0.51273596,0.89491594,-0.008770266,0.4837483,0.894219,-0.0062646708,0.50631034,0.92463464,-0.03736534,0.5230557,0.93687475,-0.030121632,0.49566755,0.9457296,-0.01740467,0.471272,0.94325745,-0.010669772,thumbs_up
0.3601858,0.9290363,-4.4134148e-07,0.38027453,0.8244848,0.002592917,0.42118704,0.7254353,-0.0038197585,0.45004338,0.648761,-0.0114853,0.45919356,0.5869477,-0.016190615,0.48901066,0.7275194,-0.012135319,0.5557336,0.7607039,-0.019482825,0.528984,0.7855123,-0.023163151,0.4973146,0.78163964,-0.026240423,0.50285155,0.7911215,-0.020874513,0.5545971,0.8216591,-0.015265075,0.5274811,0.8416518,-0.0092720995,0.49726745,0.8405197,-0.010378418,0.50821996,0.8607765,-0.02873689,0.542243,0.8828334,-0.020535594,0.51618457,0.89790344,-0.0072386977,0.48709238,0.8963071,-0.004696715,0.50846756,0.9274531,-0.03692439,0.5251099,0.94061106,-0.029119324,0.4966337,0.9484638,-0.016103346,0.47205466,0.9445565,-0.0093286745,thumbs_up
0.35904735,0.929315,-4.5234427e-07,0.3813798,0.8249744,0.0025278118,0.42428637,0.7263058,-0.0041697132,0.45518616,0.65057784,-0.012096926,0.466056,0.58828044,-0.016921278,0.49197254,0.7279974,-0.013713863,0.5596441,0.7619575,-0.021423394,0.53287727,0.7876717,-0.024989445,0.5002606,0.7827885,-0.028060528,0.50534195,0.7913279,-0.022995366,0.55851215,0.82574934,-0.018549869,0.5306654,0.8461757,-0.012987353,0.4989563,0.8422449,-0.014195873,0.5101276,0.8618725,-0.031240284,0.54547215,0.8874685,-0.023774846,0.5187786,0.90276355,-0.010262992,0.48890656,0.8988853,-0.0075267316,0.509749,0.93028253,-0.03981143,0.52809316,0.9466123,-0.03278486,0.4987535,0.95344675,-0.019637145,0.47304693,0.9467795,-0.012604985,thumbs_up
0.35946518,0.93180305,-4.619041e-07,0.38203144,0.825121,0.0045370786,0.426423,0.727676,-0.00047774956,0.45943502,0.65258336,-0.0067343125,0.47148675,0.5912069,-0.010121473,0.49348685,0.72812337,-0.0124289505,0.56110847,0.7619077,-0.016857553,0.534288,0.7885545,-0.017959012,0.50206816,0.7844086,-0.019515425,0.50748885,0.79433256,-0.021310711,0.56032676,0.82664824,-0.013372403,0.5322855,0.8469643,-0.006202589,0.5002294,0.8436741,-0.0068072155,0.51229495,0.8667282,-0.028651554,0.54711676,0.8892801,-0.017763644,0.5205153,0.9039429,-0.0034584226,0.4902984,0.9006703,-0.0009356025,0.511719,0.9346659,-0.036100604,0.52910423,0.94754815,-0.025770916,0.4997035,0.9542157,-0.011429332,0.47407672,0.9486721,-0.004172399,thumbs_up
0.3607285,0.93334204,-4.600086e-07,0.38348725,0.8268175,0.004341481,0.42863768,0.72889477,-0.0009763628,0.46132618,0.6536181,-0.007577612,0.4735122,0.5921209,-0.011436152,0.49656585,0.7308198,-0.013116495,0.56351864,0.7646583,-0.017953709,0.5364006,0.7907024,-0.019612888,0.50440115,0.78629965,-0.021551175,0.5092954,0.7972307,-0.022255462,0.5622315,0.83036935,-0.014193482,0.5342047,0.84997433,-0.006911457,0.50267076,0.8466844,-0.0076206173,0.51286197,0.8700608,-0.029917963,0.54812366,0.8932098,-0.019015593,0.5214746,0.9070187,-0.0044609816,0.4916339,0.9035734,-0.001878299,0.51134706,0.93835276,-0.0377087,0.53047186,0.95040464,-0.026965752,0.5012182,0.9569587,-0.011959235,0.47586766,0.95217335,-0.004404462,thumbs_up
0.3611058,0.9313666,-4.563203e-07,0.38526037,0.8260584,0.002624829,0.4302182,0.7291149,-0.0036877198,0.46276224,0.65376896,-0.011000381,0.475239,0.5919852,-0.015449945,0.49926174,0.7324575,-0.015521752,0.565994,0.76743,-0.021510163,0.539081,0.7937066,-0.023663944,0.50674826,0.78827536,-0.025853336,0.5112246,0.79975945,-0.024257572,0.56367207,0.8352279,-0.01739549,0.5355996,0.85465616,-0.010543651,0.50373656,0.84975183,-0.011537058,0.5139875,0.87304103,-0.031629577,0.5491181,0.8986095,-0.022130756,0.5222768,0.91211975,-0.0076462505,0.4921252,0.90740705,-0.004899592,0.5114831,0.9413596,-0.03924566,0.5304885,0.95545274,-0.029911647,0.501017,0.96128833,-0.015168316,0.47532505,0.95510006,-0.0075598327,thumbs_up
0.36106348,0.93273956,-4.629546e-07,0.3853359,0.82662773,0.0032739153,0.430941,0.72972524,-0.0028066311,0.46404842,0.6541185,-0.009953272,0.47644886,0.5922343,-0.014166664,0.5008305,0.73480535,-0.0142777525,0.56603694,0.7704831,-0.019052446,0.5386009,0.7964851,-0.02076237,0.50741524,0.79109627,-0.022939507,0.51225054,0.8017357,-0.023008732,0.5622438,0.8388923,-0.014879101,0.5341069,0.85700464,-0.007765907,0.5030471,0.8519421,-0.0088735195,0.51406395,0.8743097,-0.030297825,0.5447508,0.9014057,-0.018954508,0.51844096,0.91360587,-0.0046519022,0.48919237,0.9082071,-0.0025833014,0.5109948,0.9416154,-0.037930254,0.52775013,0.95696026,-0.027197808,0.49858195,0.9617366,-0.012654381,0.47346696,0.95518315,-0.0055359122,thumbs_up
0.3625668,0.93115044,-4.641933e-07,0.387084,0.8265737,0.003539973,0.43289047,0.7302207,-0.0027645507,0.4654819,0.65537596,-0.010311309,0.47761473,0.59365857,-0.015104983,0.5043924,0.7375318,-0.014029102,0.56900984,0.77700484,-0.019630942,0.54122925,0.80059105,-0.022301309,0.5096428,0.79316074,-0.025047176,0.5143799,0.804426,-0.023093767,0.56357414,0.84399956,-0.015144442,0.53534967,0.8606344,-0.00828258,0.504521,0.8544571,-0.009756498,0.5148167,0.87679523,-0.030816302,0.5460434,0.9053751,-0.02003281,0.5194743,0.9167568,-0.0060559567,0.49032846,0.910301,-0.0041574202,0.5105529,0.9439007,-0.03881337,0.5283705,0.9603246,-0.028600322,0.4992819,0.96450615,-0.014260953,0.47413874,0.9568435,-0.0072747893,thumbs_up
0.36336315,0.93354976,-4.5633539e-07,0.38731658,0.8283208,0.0033840905,0.43363413,0.73141694,-0.0031978241,0.46630013,0.6558575,-0.0109198345,0.4779936,0.5937278,-0.015822714,0.5057087,0.7396666,-0.01436545,0.5695795,0.7804395,-0.019189619,0.5413748,0.80389196,-0.021243896,0.5097725,0.79687417,-0.02371479,0.51546884,0.80734044,-0.023417663,0.5651274,0.8471785,-0.01517946,0.5371581,0.8632339,-0.008140824,0.50588936,0.85729784,-0.009447417,0.51555735,0.8800127,-0.031056656,0.546796,0.90846586,-0.019762635,0.52060086,0.919356,-0.0058953203,0.49139717,0.91284853,-0.0041907085,0.51093334,0.9470939,-0.038997024,0.5286077,0.9632244,-0.028633943,0.4996092,0.96685445,-0.0145575935,0.47411934,0.95895225,-0.007868168,thumbs_up
0.36410573,0.93373066,-4.4846712e-07,0.3885995,0.8294127,0.0017641883,0.43528664,0.73203933,-0.0050341627,0.46837267,0.6562263,-0.0126565695,0.4792527,0.5942342,-0.017313913,0.5069294,0.7426486,-0.014343165,0.5712504,0.7833404,-0.020095842,0.54320997,0.8065105,-0.022680305,0.51134443,0.7989153,-0.025227921,0.51669663,0.80991215,-0.022448296,0.5679367,0.8491708,-0.015042884,0.5402221,0.86626446,-0.008286486,0.50940573,0.8605366,-0.009344597,0.51754075,0.88196987,-0.029422857,0.5515788,0.91119593,-0.01935476,0.52566415,0.92242897,-0.005721389,0.49681947,0.91607153,-0.0034992748,0.5134857,0.948697,-0.036750354,0.53343534,0.9646495,-0.026984917,0.5049659,0.96903914,-0.0127639435,0.48020503,0.96211195,-0.0056030434,thumbs_up
0.3655848,0.93470925,-4.4460324e-07,0.3912261,0.8296046,0.0024549703,0.43802962,0.7330972,-0.004740404,0.47084248,0.65795785,-0.01312434,0.48213044,0.5956085,-0.018650979,0.50982076,0.74464995,-0.014103133,0.5750456,0.7849293,-0.020772887,0.5468894,0.80731285,-0.024214402,0.51445466,0.79908985,-0.027321924,0.518819,0.81146204,-0.023228716,0.57004887,0.8515598,-0.016712826,0.54137665,0.86800987,-0.010407708,0.5099773,0.86038893,-0.0117970435,0.5188175,0.8834279,-0.031230316,0.55373347,0.91317046,-0.021590047,0.5269041,0.9241555,-0.00733315,0.4976177,0.91686654,-0.004807078,0.5138973,0.9502899,-0.0395829,0.5334387,0.96537846,-0.03015971,0.5045378,0.96928877,-0.015326135,0.47978523,0.96197206,-0.007722562,thumbs_up
0.36872363,0.9361564,-4.551964e-07,0.39413345,0.83027506,0.002074248,0.44111505,0.7335447,-0.004857505,0.47505075,0.6589931,-0.012768154,0.4870761,0.59716976,-0.017830899,0.51356226,0.7476585,-0.014104971,0.57866895,0.7890028,-0.020202558,0.5497851,0.81050164,-0.023322197,0.5172855,0.80198294,-0.026161505,0.52252215,0.81569886,-0.022496354,0.57241976,0.8549801,-0.015101366,0.54382837,0.8699977,-0.008499624,0.51280576,0.8628366,-0.009930244,0.52238876,0.8874127,-0.029781733,0.5554767,0.9154884,-0.019294828,0.5296021,0.9253616,-0.005228494,0.5006681,0.9185028,-0.0030288466,0.5175668,0.952985,-0.037424117,0.5362389,0.9653844,-0.026984418,0.50851214,0.9689869,-0.012002589,0.484178,0.9625994,-0.004486688,thumbs_up
0.3749792,0.93288904,-4.2566575e-07,0.4019855,0.8294534,0.0011320602,0.44770098,0.7348217,-0.0075607677,0.48015946,0.66067123,-0.017058197,0.49265102,0.5989102,-0.02379046,0.5182698,0.74997383,-0.018811142,0.5854026,0.79169434,-0.026399976,0.55710775,0.81201506,-0.02983385,0.5241506,0.80357325,-0.03269839,0.52592784,0.8186451,-0.027376076,0.57772326,0.85768086,-0.021429531,0.5496451,0.8714489,-0.014763992,0.5179412,0.8639254,-0.01624037,0.52521783,0.89042795,-0.034709647,0.5592688,0.91804934,-0.024955245,0.5336519,0.9272617,-0.010186804,0.5044958,0.9208234,-0.00771681,0.5201635,0.9554819,-0.042447213,0.53924483,0.9666543,-0.032721996,0.5122678,0.9704691,-0.017504739,0.48852366,0.9656861,-0.009927722,thumbs_up
0.3878327,0.9329568,-4.257295e-07,0.4144592,0.8291559,0.00055505894,0.4583587,0.7352543,-0.0095102005,0.48818648,0.6615788,-0.020476634,0.50037014,0.59980786,-0.028923308,0.52933055,0.75687695,-0.019083198,0.59282446,0.79353315,-0.026749466,0.56331193,0.8111155,-0.031068064,0.5301168,0.80351996,-0.03447328,0.5356558,0.8278527,-0.027708525,0.5861069,0.8560593,-0.022303311,0.5578646,0.8677918,-0.016610852,0.52507377,0.8628665,-0.018648403,0.5335613,0.8995421,-0.03506076,0.56983703,0.9146133,-0.025754727,0.54353523,0.92426497,-0.010315613,0.5134461,0.92143947,-0.0072744177,0.5271327,0.9636568,-0.042699333,0.55171573,0.96308404,-0.033233557,0.5250126,0.9674324,-0.016586447,0.5006113,0.96596575,-0.008027643,thumbs_up
0.3992139,0.92640823,-3.9841328e-07,0.42779,0.8285162,-0.0036342172,0.47000656,0.73687625,-0.015968885,0.49846232,0.664852,-0.028603474,0.5104578,0.6045464,-0.038274538,0.5433,0.7662747,-0.023567526,0.60270804,0.8003013,-0.03389519,0.5740126,0.8151038,-0.03962081,0.5422951,0.807154,-0.043758683,0.54781723,0.83765787,-0.03115711,0.59603393,0.86239994,-0.029282223,0.56837547,0.87123775,-0.024667319,0.53502643,0.8656571,-0.026458936,0.54327196,0.9075357,-0.037949916,0.5762345,0.92073184,-0.03192291,0.5506482,0.9286351,-0.017280804,0.52038133,0.9253338,-0.013641652,0.5336219,0.97072446,-0.04543324,0.555521,0.9719745,-0.03935909,0.52998656,0.9732575,-0.024466423,0.5055653,0.96919006,-0.016240314,thumbs_up
0.40974945,0.9294458,-3.9826207e-07,0.4382616,0.8299033,-0.0011418663,0.48248723,0.7425003,-0.0131612085,0.513444,0.671777,-0.025883647,0.52666813,0.61126125,-0.035637505,0.55834687,0.77583534,-0.020828957,0.6185324,0.80807245,-0.02878073,0.58753896,0.81953204,-0.03283235,0.55553126,0.8113546,-0.035944764,0.5621072,0.84752893,-0.029041905,0.6118102,0.8681592,-0.024354706,0.5840397,0.8730063,-0.01826257,0.5506953,0.8681663,-0.019392433,0.5558713,0.9166383,-0.036209792,0.58966535,0.92458683,-0.02730485,0.5640594,0.9298111,-0.011576111,0.5341468,0.9277069,-0.007917264,0.5447238,0.979326,-0.04390949,0.5701422,0.97729397,-0.035422366,0.5455555,0.9767347,-0.019374136,0.5216578,0.9742812,-0.010800068,thumbs_up
0.42184806,0.9371406,-3.6374294e-07,0.45104015,0.8379253,-0.0021335979,0.49696538,0.7481564,-0.013798383,0.5296835,0.6785128,-0.026229214,0.5452718,0.6198286,-0.035649367,0.57621664,0.7861716,-0.016448041,0.6361348,0.81263167,-0.026295813,0.60521924,0.82395506,-0.03342408,0.5718195,0.8175543,-0.038075086,0.5801611,0.8565124,-0.024312299,0.6360702,0.870843,-0.02175897,0.6081441,0.8781272,-0.01858166,0.57440084,0.8739792,-0.02031258,0.5746104,0.92496765,-0.03157232,0.6117907,0.93023825,-0.024028836,0.5841535,0.9362732,-0.009816461,0.5536863,0.9329988,-0.006019365,0.5630733,0.9882522,-0.039538413,0.5912797,0.9844703,-0.03130174,0.56526726,0.98451144,-0.015377045,0.54109436,0.98203516,-0.006245353,thumbs_up
0.43911532,0.9449533,-3.342622e-07,0.46421367,0.8414511,-0.00063178915,0.5119465,0.75297046,-0.009063671,0.5478681,0.68259275,-0.01830094,0.5656955,0.62296396,-0.024411367,0.594355,0.79453766,-0.005542487,0.6550461,0.81270635,-0.008631258,0.6250962,0.82088125,-0.012845963,0.5918882,0.8177876,-0.015758907,0.6002595,0.8664677,-0.010767041,0.65667456,0.87292004,-0.0018650893,0.6319708,0.8774733,0.0021978994,0.6001984,0.87677336,0.00045253997,0.5948814,0.93369675,-0.015427815,0.64306164,0.9300764,-0.0037191317,0.61889035,0.93456024,0.009734862,0.5888724,0.93474764,0.012822488,0.58494115,0.99310404,-0.020440282,0.6221958,0.98089075,-0.0086454265,0.5994655,0.98075897,0.0076307207,0.57561815,0.98345673,0.016620927,thumbs_up
0.45846674,0.94493,-3.7007547e-07,0.48392808,0.8366055,-0.00040574878,0.53075826,0.74925643,-0.007907993,0.56742066,0.6787539,-0.015864026,0.5848939,0.61852926,-0.02080066,0.61316055,0.7885205,-0.0040979492,0.66889036,0.81132513,-0.0054370835,0.63701785,0.8173178,-0.008796105,0.6038142,0.8139576,-0.011518302,0.6191056,0.86058074,-0.0078495955,0.6652024,0.8661316,0.0037146644,0.6394363,0.86861867,0.008844272,0.6084353,0.8694244,0.0068934876,0.6131807,0.9266895,-0.011054147,0.6483857,0.9183879,0.0026102401,0.6236787,0.9227914,0.015386114,0.594733,0.92489374,0.01725136,0.6040573,0.9837326,-0.01455166,0.63145065,0.9655531,-0.002057454,0.60769624,0.96664685,0.013391837,0.5854349,0.97135675,0.021445319,thumbs_up
0.4648266,0.92436874,-3.8650617e-07,0.4948444,0.8208945,0.0023322175,0.5454742,0.734087,-0.004842017,0.5826977,0.6652984,-0.012928535,0.598326,0.60513675,-0.018254396,0.6251968,0.7689518,-0.008094936,0.67733866,0.8011186,-0.010481475,0.64969367,0.81381136,-0.013549163,0.62078786,0.8081961,-0.016734032,0.62972766,0.8355203,-0.014591556,0.6695754,0.86181617,-0.0018731877,0.64412683,0.8693933,0.005543911,0.61587167,0.86486846,0.00389116,0.6232294,0.90199894,-0.020226376,0.6490336,0.91426075,-0.004744111,0.6248981,0.91942704,0.009387856,0.59678376,0.9142852,0.010690813,0.6128119,0.9622027,-0.026458718,0.6292714,0.96303535,-0.0128437355,0.6053423,0.96363056,0.002072751,0.58323914,0.959485,0.0090442225,thumbs_up
0.47436148,0.908244,-3.3818742e-07,0.50410634,0.80718106,-0.00056616863,0.5561791,0.7183046,-0.008078544,0.5946633,0.6511216,-0.016675286,0.6121374,0.5916505,-0.02220191,0.6338601,0.7432607,-0.007818259,0.6883301,0.78486377,-0.015765274,0.663679,0.80177546,-0.0228121,0.63519865,0.79353625,-0.028128343,0.63831615,0.8054068,-0.015161081,0.67909557,0.8442969,-0.009034797,0.6545824,0.855996,-0.0050410787,0.6274662,0.84914875,-0.007658483,0.63332254,0.87085044,-0.022653155,0.66119456,0.8973226,-0.014469855,0.63818187,0.90461195,-0.0025633548,0.610771,0.89737254,-0.0006214598,0.62382984,0.93244123,-0.031090135,0.6399501,0.94566756,-0.02322163,0.6163756,0.9489661,-0.010224288,0.59364486,0.9434349,-0.0030412637,thumbs_up
0.4852644,0.8895081,-3.757474e-07,0.5161148,0.7860613,0.004490271,0.56888944,0.6980007,0.0009300056,0.6069131,0.632819,-0.004489412,0.62378377,0.57697296,-0.0070840735,0.6453368,0.72644883,-0.002099175,0.7001909,0.76849574,-0.00620038,0.6752662,0.78343517,-0.010746885,0.6464366,0.7743497,-0.0145311225,0.6486836,0.7882212,-0.010106272,0.6896605,0.8265276,0.00015650937,0.66606164,0.8356377,0.005810951,0.63886917,0.8287827,0.003796996,0.64231104,0.8530773,-0.017659953,0.66989386,0.8775308,-0.0053016343,0.64916617,0.88384104,0.006745221,0.6224036,0.87722546,0.008126948,0.631986,0.9132543,-0.025720196,0.6490091,0.9243085,-0.014134326,0.6280501,0.926538,-0.0005505894,0.6064364,0.9210791,0.0065171476,thumbs_up
0.49601108,0.87386155,-4.1356816e-07,0.5249389,0.7683559,0.0073414813,0.57805854,0.68289405,0.0055171284,0.6190264,0.619208,0.0013135552,0.6375629,0.56440777,-0.0001118483,0.6564006,0.7100624,0.0032755325,0.7108965,0.7571179,0.0025980868,0.68384814,0.771945,-6.867361e-05,0.65479904,0.7628016,-0.0028159977,0.66132885,0.7720135,-0.0052154614,0.7002702,0.8161017,0.00910494,0.67553407,0.82428664,0.01610391,0.6482811,0.81669796,0.014400586,0.65534395,0.8368008,-0.013040876,0.6794521,0.864555,0.0029756236,0.6571559,0.86982554,0.015327278,0.6307456,0.86237216,0.016021011,0.6456487,0.89674836,-0.02129165,0.6591255,0.9093111,-0.006590753,0.63565886,0.90968823,0.0075132702,0.6132931,0.9022854,0.014255718,thumbs_up
0.5071837,0.8587281,-4.442314e-07,0.5363584,0.75330186,0.0080577405,0.58949554,0.67021,0.007503397,0.63187015,0.6074626,0.0046808147,0.65162873,0.5543891,0.004558634,0.6690711,0.70200574,0.005712732,0.72156376,0.7482104,0.0087492475,0.69376785,0.7637205,0.008536259,0.66492337,0.75562865,0.0072152824,0.67380023,0.76415825,-0.0014420219,0.7082421,0.8091103,0.016940583,0.6831265,0.81707275,0.024781417,0.65660274,0.80932647,0.022885462,0.66711706,0.8283602,-0.0076034158,0.6883485,0.85617834,0.011438593,0.6663985,0.86136055,0.023059461,0.64027464,0.85347813,0.022607736,0.65727973,0.8871226,-0.013996613,0.67080086,0.9005687,0.0024908276,0.6475511,0.9004627,0.016390111,0.6246764,0.8921839,0.022709738,thumbs_up
0.51581854,0.84254205,-4.3759132e-07,0.5478539,0.7411489,0.0033949048,0.60138774,0.6602207,-0.00075677707,0.6429872,0.5992185,-0.0060929875,0.66261023,0.54605234,-0.008501523,0.6796563,0.6960922,-0.006876714,0.72938657,0.7483048,-0.0060273963,0.701423,0.7634701,-0.0052434513,0.6732037,0.753735,-0.006086877,0.68178135,0.7613444,-0.0135022085,0.7142107,0.8102094,0.0012513464,0.68799245,0.8179303,0.009172025,0.6617738,0.80861354,0.0074405586,0.6728794,0.8274014,-0.018861068,0.69210607,0.85984844,-0.0033629746,0.6698546,0.863835,0.0083512,0.6442259,0.8533627,0.00822319,0.6601352,0.887422,-0.024635613,0.67197126,0.9061067,-0.012002017,0.64945704,0.9040284,0.0006385266,0.6273614,0.8919089,0.0063493475,thumbs_up
0.5218551,0.8292223,-4.2489845e-07,0.55463034,0.7296944,0.003200146,0.60987705,0.65283996,-0.0011492177,0.65304816,0.59553176,-0.0064949743,0.67214763,0.54222643,-0.008974574,0.6865859,0.6889994,-0.008422333,0.7338911,0.7468336,-0.007795893,0.7052313,0.7610747,-0.0064940276,0.67721593,0.74961805,-0.0069697634,0.68790513,0.75357646,-0.015336293,0.71833795,0.8055841,-0.0020739778,0.6920166,0.8127982,0.0055911453,0.66602385,0.80228823,0.0042561865,0.67826825,0.81884056,-0.02088194,0.6939223,0.85290253,-0.006812396,0.6703329,0.85648584,0.004823397,0.645017,0.8453013,0.0051159174,0.6648826,0.87804174,-0.02685743,0.6724786,0.8976495,-0.015762644,0.6482501,0.89520746,-0.0038038585,0.62635756,0.8825843,0.0017325439,thumbs_up
0.5272126,0.81665367,-4.2943228e-07,0.5586216,0.7225193,0.0041719824,0.6135261,0.6474542,-0.00017653209,0.6566677,0.5906383,-0.0055956994,0.6751628,0.53784674,-0.008255055,0.6893178,0.68297535,-0.0100063775,0.7360389,0.7435978,-0.009054725,0.70673347,0.7585447,-0.006369174,0.6789499,0.7476529,-0.0059479102,0.69065654,0.7444093,-0.017402506,0.71999174,0.8008402,-0.0043944223,0.6921605,0.8083233,0.004532777,0.6660812,0.7980061,0.0042557293,0.6810143,0.8077853,-0.023279702,0.69545496,0.8469783,-0.009251198,0.66989845,0.84947723,0.0028359373,0.64433986,0.83744085,0.0033128904,0.66785324,0.8666306,-0.029534472,0.67186064,0.89154816,-0.01899703,0.6457294,0.8886633,-0.007977615,0.62431884,0.87548727,-0.0032479109,thumbs_up
0.5269626,0.8104497,-4.429658e-07,0.55867076,0.71799654,0.002281494,0.61450654,0.6441308,-0.0034434593,0.65690714,0.5876806,-0.009780424,0.6765321,0.5351425,-0.01334417,0.69018894,0.68077415,-0.012607513,0.7338095,0.7441782,-0.012354538,0.7033766,0.7555832,-0.0101123685,0.6757145,0.7420101,-0.010066051,0.6897657,0.74369085,-0.019935999,0.719304,0.79801,-0.007831457,0.6906947,0.80333805,0.0007817136,0.66441554,0.7921794,0.00021785423,0.6787259,0.80787337,-0.025805019,0.6960052,0.84545064,-0.013146481,0.66933304,0.8461146,-0.0004143206,0.64313966,0.83303994,0.0005948166,0.6641813,0.8663231,-0.03207776,0.672309,0.88911253,-0.022404041,0.6448319,0.8851469,-0.010389644,0.622291,0.8718012,-0.0050365236,thumbs_up
0.5253128,0.8089775,-4.1486746e-07,0.5578345,0.71697944,0.0024179374,0.61435616,0.64306366,-0.0032335783,0.65603226,0.58564955,-0.00968275,0.6757986,0.53360975,-0.013295589,0.68885213,0.6783154,-0.011027444,0.73315084,0.7407817,-0.011539499,0.7029848,0.7527411,-0.010256158,0.6759146,0.74002373,-0.010800352,0.6876656,0.7400074,-0.018670762,0.71938384,0.7949985,-0.0074459906,0.69145226,0.8011954,0.00058549596,0.665915,0.79061794,-6.0299193e-05,0.6764106,0.80311626,-0.025097094,0.6957183,0.8422762,-0.013405905,0.6693375,0.84361374,-0.0010745428,0.6435503,0.8308108,7.13309e-05,0.66165125,0.8610283,-0.03199035,0.67062384,0.8859502,-0.022844309,0.6432499,0.88366216,-0.011136405,0.6209177,0.8718381,-0.0058364226,thumbs_up
0.52552146,0.80672884,-4.1410712e-07,0.5581314,0.71590257,0.0021578989,0.6139255,0.6432563,-0.0036961369,0.6553265,0.586234,-0.010039314,0.6745232,0.5339384,-0.013544152,0.68770105,0.6785127,-0.013609188,0.73264474,0.7464039,-0.013539937,0.70219123,0.7571071,-0.010884948,0.67523247,0.74268454,-0.010532684,0.68605614,0.74074525,-0.020994404,0.7171986,0.8002712,-0.009229134,0.6882597,0.8060996,-0.00012981954,0.66267806,0.7951647,-0.0002700205,0.6741769,0.8042419,-0.026919141,0.6926063,0.8463674,-0.014761135,0.665522,0.84871966,-0.0015095382,0.6396511,0.8365185,-3.073287e-05,0.65901047,0.8619963,-0.03329514,0.66686183,0.89004076,-0.024332518,0.63908243,0.8889124,-0.012445935,0.6168764,0.8775183,-0.00712402,thumbs_up
0.52546644,0.8104216,-4.0166287e-07,0.5588071,0.71851194,0.0023850473,0.61507416,0.64484495,-0.0038339156,0.65584433,0.58698833,-0.010841889,0.6746303,0.53420377,-0.01496047,0.6877679,0.68007785,-0.013200238,0.7344976,0.74708796,-0.014865596,0.7038958,0.757292,-0.013841153,0.6770634,0.7430209,-0.014435866,0.6854844,0.742317,-0.021307545,0.71895665,0.80162424,-0.011197063,0.6901701,0.8065313,-0.0028576348,0.6646102,0.79488647,-0.0031971978,0.67328024,0.8058841,-0.02817016,0.6929238,0.84861517,-0.016948132,0.66596663,0.8498367,-0.0037214374,0.6409159,0.83669376,-0.0020185255,0.657865,0.86391413,-0.03553359,0.6671796,0.8921233,-0.026510132,0.63981175,0.88946384,-0.014384892,0.6184705,0.87682563,-0.00893957,thumbs_up
0.5242984,0.81577384,-4.1348693e-07,0.5581113,0.7232254,0.0036349494,0.6152038,0.6480763,-0.0018259686,0.6565092,0.5897001,-0.008352274,0.6754162,0.53662133,-0.011961189,0.6874887,0.68108153,-0.0111908605,0.7359222,0.74684304,-0.012741674,0.7049092,0.75744706,-0.011937456,0.677281,0.742695,-0.012652552,0.68581796,0.74338543,-0.019483633,0.7196557,0.8015865,-0.008777359,0.69078577,0.80691296,-0.0003168542,0.6648576,0.7949619,-0.00076618936,0.6742842,0.8073965,-0.026558967,0.69389546,0.84965515,-0.014912719,0.66704607,0.8510867,-0.0018179697,0.6413647,0.83768857,-0.00032849767,0.6596312,0.86600316,-0.034019396,0.66954494,0.8941074,-0.024853373,0.641992,0.8916892,-0.012940083,0.61992735,0.8790172,-0.0076331333,thumbs_up
0.5269556,0.82035327,-4.0674564e-07,0.5602263,0.7269865,0.0036866758,0.6160734,0.65019524,-0.0021038179,0.65676117,0.5909334,-0.008897389,0.67496556,0.53761804,-0.012762363,0.6878811,0.68236935,-0.013278521,0.73769915,0.74546957,-0.014974457,0.70660573,0.75742507,-0.013906949,0.6791353,0.7431525,-0.014488543,0.68694305,0.7453612,-0.021542475,0.72197497,0.80238783,-0.010912401,0.6927294,0.8091138,-0.0021311368,0.66651154,0.7975854,-0.0024210825,0.6763701,0.81033,-0.028369829,0.6952831,0.8517436,-0.0162439,0.66811496,0.85409105,-0.002631028,0.6421836,0.84136844,-0.00096458115,0.66278505,0.86990875,-0.03559284,0.67283326,0.89745224,-0.02565878,0.6454619,0.8952343,-0.01329209,0.6236237,0.88292825,-0.007819682,thumbs_up
0.529362,0.82482094,-4.0138985e-07,0.5625741,0.73077446,0.0033016172,0.616557,0.65264726,-0.0036638845,0.6558614,0.5913234,-0.011497467,0.67347294,0.536968,-0.016334323,0.6863837,0.6816234,-0.017176403,0.7399827,0.7415395,-0.020344742,0.7093944,0.7549785,-0.019096432,0.68095464,0.7404924,-0.019212307,0.68659323,0.745679,-0.025865242,0.726188,0.7982392,-0.016511928,0.6971723,0.80581355,-0.0070666466,0.6700424,0.79466355,-0.006654251,0.6775424,0.8122173,-0.03299167,0.70051354,0.85056126,-0.021715492,0.6733047,0.85317624,-0.007098478,0.6464219,0.84136295,-0.0046737716,0.6650922,0.87355936,-0.040490225,0.6770026,0.897445,-0.031210857,0.64896244,0.8960072,-0.018142335,0.62637275,0.8857156,-0.012046603,thumbs_up
0.533286,0.8314309,-3.995942e-07,0.5650058,0.7359509,0.0026780935,0.6160185,0.65501773,-0.0057352767,0.6529459,0.5909995,-0.014616909,0.6694083,0.53539425,-0.020431869,0.6857596,0.68127257,-0.02260131,0.7419948,0.73613584,-0.025717765,0.7117571,0.7518748,-0.02277926,0.6824822,0.7377536,-0.021598421,0.68735945,0.74651897,-0.031312633,0.7310623,0.79477113,-0.02201044,0.7015155,0.8039673,-0.010919227,0.6734578,0.79242903,-0.009433458,0.68003976,0.81452864,-0.038110536,0.70945376,0.85058486,-0.027106823,0.6814464,0.85510117,-0.010725037,0.6531678,0.8438237,-0.0071906736,0.6686508,0.8771353,-0.045133438,0.6855229,0.89750814,-0.035937034,0.65671694,0.89716375,-0.02144175,0.6328313,0.887089,-0.014378036,thumbs_up
0.5334364,0.8398371,-3.7140492e-07,0.56483215,0.74253184,0.0003358736,0.6144953,0.6574499,-0.01003593,0.64912,0.59110326,-0.020463755,0.66372603,0.5336547,-0.027310427,0.6824456,0.6808746,-0.027804343,0.742934,0.73196673,-0.033860855,0.7140898,0.7508349,-0.031320903,0.68349904,0.73815966,-0.029887462,0.68501747,0.7462236,-0.036692396,0.7355872,0.7932689,-0.031614877,0.70647836,0.8050349,-0.020788671,0.6767871,0.7937456,-0.018530387,0.67964256,0.8147392,-0.04385625,0.7134349,0.850366,-0.03613016,0.68572974,0.8578463,-0.019123262,0.65704256,0.8487216,-0.014289564,0.66949296,0.8787322,-0.051368736,0.69108456,0.8979902,-0.04409066,0.6626558,0.899656,-0.029048348,0.63867736,0.8920616,-0.021091055,thumbs_up
0.53044146,0.84564453,-3.84878e-07,0.56170297,0.7476136,-0.0013465183,0.61137843,0.65934294,-0.0120195355,0.6453333,0.5917269,-0.02267709,0.659095,0.5335525,-0.02974388,0.67829865,0.6824887,-0.027285563,0.74125624,0.7317892,-0.0364619,0.7127528,0.7505214,-0.037294783,0.6812923,0.73726946,-0.037790965,0.68111664,0.7481359,-0.03587219,0.73475087,0.7939029,-0.033181727,0.7061502,0.80625266,-0.023976738,0.6757898,0.79474956,-0.022492576,0.6767386,0.81689405,-0.043258265,0.7134391,0.8518647,-0.037948553,0.68596697,0.8591816,-0.021549014,0.6568425,0.849539,-0.016407546,0.6677278,0.88124657,-0.051139522,0.6930542,0.90004027,-0.044703174,0.663749,0.90108806,-0.029299581,0.63844174,0.89275813,-0.020866327,thumbs_up
0.5263193,0.84771425,-3.6690022e-07,0.5585722,0.7491124,-0.0032591766,0.60744214,0.65922093,-0.015194953,0.6399214,0.5903809,-0.02655423,0.6524381,0.53092444,-0.034443095,0.6711265,0.6824785,-0.03296459,0.73750234,0.73180443,-0.04424846,0.710816,0.75167775,-0.0456835,0.67982084,0.7382472,-0.046383705,0.67394066,0.74980927,-0.04104022,0.7296494,0.79514766,-0.04004985,0.70179,0.80760115,-0.030620627,0.671863,0.7956216,-0.029007392,0.66952676,0.81970376,-0.047903117,0.7071284,0.8544862,-0.043691345,0.68082756,0.86192507,-0.026810259,0.6523552,0.8523183,-0.021385156,0.66055214,0.88400155,-0.055363405,0.6845068,0.9020697,-0.0495319,0.656523,0.9041241,-0.034033604,0.6327105,0.89691466,-0.025601272,thumbs_up
0.5192658,0.84843755,-3.601576e-07,0.5511873,0.7493171,-0.0042874916,0.60068494,0.6577382,-0.01685246,0.63295,0.58869994,-0.0289854,0.6457093,0.52879345,-0.037520085,0.6621157,0.68329847,-0.03296941,0.731389,0.7292782,-0.047326505,0.70473504,0.7479098,-0.051277153,0.6729287,0.73476994,-0.053139776,0.66387975,0.75103086,-0.04129557,0.72545236,0.7937029,-0.043337964,0.69676274,0.80411273,-0.034794677,0.6651767,0.7910165,-0.03305843,0.6590057,0.821222,-0.04887276,0.7053266,0.85438687,-0.047331523,0.67739046,0.8601472,-0.029873122,0.64734304,0.850039,-0.023182718,0.6494448,0.88659644,-0.057101756,0.6808088,0.9036882,-0.053026408,0.65202594,0.90317893,-0.03707151,0.6267356,0.8940216,-0.02789085,thumbs_up
0.5077568,0.8516996,-3.707298e-07,0.5418356,0.7517586,-0.004026439,0.59456533,0.65770817,-0.016479598,0.62614304,0.58806694,-0.028691826,0.63757265,0.52690536,-0.037480257,0.65156907,0.6853715,-0.032389157,0.72396195,0.7289654,-0.049613968,0.6960273,0.7458225,-0.056429174,0.6627693,0.7321172,-0.05987714,0.65103745,0.7530411,-0.041484002,0.71758455,0.79301465,-0.04567146,0.6877446,0.8026404,-0.038749818,0.65554744,0.78824764,-0.037964895,0.64522946,0.82352346,-0.050033957,0.70069045,0.8558957,-0.050247543,0.6715001,0.8601126,-0.032736238,0.6402515,0.8479361,-0.025658308,0.63510126,0.8893561,-0.059065457,0.67251325,0.9017685,-0.05518886,0.64354163,0.90026474,-0.03810796,0.6178597,0.8909718,-0.028169706,thumbs_up
0.4966243,0.8529129,-3.4009997e-07,0.5315754,0.75464815,-0.0038269956,0.58599174,0.65866935,-0.01727057,0.6164337,0.5871923,-0.030792292,0.62707037,0.5248526,-0.040603466,0.63500386,0.6842259,-0.034859683,0.71507275,0.73001474,-0.056564335,0.6861168,0.7457206,-0.06562566,0.65268177,0.73228526,-0.070065044,0.6320289,0.74996465,-0.04554973,0.7085664,0.79369134,-0.055296533,0.67820567,0.8010796,-0.04994016,0.64542735,0.7859499,-0.048906878,0.6256386,0.81951404,-0.055869874,0.6871659,0.8559513,-0.059606887,0.65677774,0.8583239,-0.042060975,0.62670314,0.844516,-0.034119103,0.61656326,0.886422,-0.06672488,0.65902436,0.90406066,-0.06476532,0.62933254,0.9014541,-0.04781394,0.604543,0.89063513,-0.037738223,thumbs_up
0.48255605,0.8559375,-3.043965e-07,0.51894027,0.7601898,-0.0050567435,0.57478726,0.6620338,-0.020329127,0.6030487,0.5863211,-0.03541325,0.6106013,0.52132577,-0.04666971,0.612503,0.68200254,-0.041880224,0.7022219,0.724824,-0.067174196,0.67453736,0.74413806,-0.077068366,0.64060926,0.7326342,-0.08151602,0.6081016,0.7462488,-0.05319735,0.6954016,0.78830856,-0.06663299,0.66558754,0.7991222,-0.06142007,0.631613,0.78496796,-0.059972823,0.6013987,0.8166493,-0.0640126,0.67341965,0.85182685,-0.07113468,0.64377236,0.8568515,-0.053140882,0.61269695,0.84401375,-0.04414108,0.59280455,0.8858797,-0.07521963,0.64416665,0.90132445,-0.07493979,0.61619174,0.90150195,-0.05735401,0.5906435,0.8923054,-0.046606243,thumbs_up
0.46744722,0.8639275,-3.1902718e-07,0.50465524,0.76822066,-0.0065024323,0.5618042,0.6671692,-0.02318291,0.5894678,0.5893317,-0.03941597,0.59581935,0.5211997,-0.051457137,0.5905678,0.6840066,-0.049052835,0.68912375,0.7237434,-0.07759319,0.6607406,0.742946,-0.087894194,0.62393904,0.7315636,-0.091980405,0.58355415,0.749172,-0.060301367,0.6807813,0.79046047,-0.076848686,0.6494695,0.8018297,-0.07071341,0.6127588,0.78825366,-0.06851225,0.57590747,0.82072645,-0.07099041,0.6605992,0.85566545,-0.08022949,0.6300806,0.86046886,-0.06074697,0.59534514,0.8470255,-0.05060875,0.56762123,0.891878,-0.08210354,0.6285254,0.9090471,-0.082979776,0.60129946,0.9087063,-0.06533294,0.5726827,0.8968917,-0.0546823,thumbs_up
0.4549331,0.8745217,-3.1320823e-07,0.49119452,0.7794899,-0.008546681,0.54805773,0.6751345,-0.027157087,0.57466966,0.5920349,-0.04485916,0.5783159,0.5202556,-0.05817222,0.56626284,0.68590975,-0.057928614,0.6701473,0.72356004,-0.0897995,0.64427435,0.7457317,-0.10023915,0.6081791,0.73471564,-0.10431142,0.5578253,0.75071746,-0.06906551,0.6613972,0.7930973,-0.08952321,0.63211995,0.80635875,-0.08304743,0.595531,0.79141176,-0.08103447,0.5507365,0.8225664,-0.0796177,0.6423515,0.8612288,-0.09235426,0.6124352,0.8669301,-0.073091194,0.57783467,0.85008055,-0.063403144,0.54441726,0.8944024,-0.09064354,0.6135218,0.91903245,-0.09475554,0.5860827,0.9186889,-0.07918016,0.5552131,0.9015105,-0.070395626,thumbs_up
0.44457525,0.8825108,-3.1738273e-07,0.47863826,0.78948236,-0.01106363,0.53478104,0.6823328,-0.029805375,0.5590734,0.5969541,-0.047721025,0.5624809,0.52323854,-0.060549166,0.54757553,0.6849535,-0.057165474,0.65585124,0.7232854,-0.092052326,0.6286732,0.74846935,-0.10429218,0.5908616,0.7370946,-0.10900253,0.53667724,0.7466595,-0.06797463,0.6464357,0.79321516,-0.090848215,0.61503303,0.8070418,-0.084858194,0.57864904,0.79215795,-0.08263959,0.5280776,0.8179065,-0.07903066,0.62473917,0.86303186,-0.093618274,0.5939621,0.86891884,-0.075607896,0.56080157,0.8517422,-0.06627175,0.5218613,0.88943875,-0.09098799,0.6004978,0.92056787,-0.09549364,0.57477134,0.9200206,-0.081292234,0.54327625,0.90252244,-0.07333842,thumbs_up
0.4342552,0.8925899,-3.3687658e-07,0.46804434,0.7990198,-0.012708814,0.5223452,0.6876226,-0.033566304,0.5431358,0.600062,-0.05271021,0.53929806,0.52387214,-0.06726747,0.5272712,0.6831958,-0.067146644,0.6371684,0.72056496,-0.10284338,0.6105434,0.7476643,-0.11443257,0.5733934,0.73343706,-0.11968007,0.51477486,0.748684,-0.07836653,0.6292848,0.7948966,-0.10310246,0.5979539,0.80951464,-0.09610812,0.56036115,0.79417044,-0.09426675,0.50704724,0.8225841,-0.089421056,0.61248285,0.86662036,-0.10650027,0.58078665,0.87235844,-0.088416874,0.54402137,0.85536283,-0.079810865,0.5045085,0.8960854,-0.10125776,0.5870464,0.92446417,-0.10890091,0.5593979,0.9263537,-0.09614579,0.5242676,0.91097045,-0.089580335,thumbs_up
0.4271586,0.9008019,-3.2533436e-07,0.46390674,0.8051469,-0.010999475,0.51475585,0.69287694,-0.0323985,0.53011936,0.60450065,-0.05296864,0.5195326,0.5285131,-0.0698104,0.5066792,0.6839521,-0.07026346,0.61613744,0.7164292,-0.10835145,0.5930358,0.74995023,-0.12102945,0.55540967,0.7391469,-0.12758079,0.4895044,0.7516134,-0.08464384,0.6095405,0.79298204,-0.113962434,0.580193,0.8143182,-0.108710736,0.54028547,0.80194646,-0.1077303,0.47911388,0.8271318,-0.09870011,0.5921163,0.8650687,-0.12062487,0.5637434,0.8781271,-0.10429507,0.5269379,0.86335045,-0.09623976,0.47519636,0.90141153,-0.11321153,0.5638449,0.9317179,-0.12532572,0.5451634,0.94024557,-0.11508333,0.5157959,0.92806625,-0.10992427,thumbs_up
0.41736555,0.9116806,-4.2579302e-07,0.4585586,0.8165055,-0.015682738,0.5045347,0.6979268,-0.03450782,0.51441395,0.6077887,-0.0525512,0.5043247,0.53145427,-0.06662352,0.48710668,0.6847654,-0.064530134,0.59547466,0.7221402,-0.104114816,0.57145077,0.76011324,-0.1187752,0.5355366,0.7488517,-0.12714447,0.46853235,0.7547986,-0.07709392,0.58833486,0.8030289,-0.10815628,0.5563586,0.82521033,-0.105410285,0.5197546,0.80871063,-0.10691959,0.45777196,0.83176506,-0.09076679,0.567597,0.8737488,-0.116135664,0.5366262,0.8871603,-0.103000395,0.5029613,0.8702509,-0.09662809,0.45350718,0.9045624,-0.10549765,0.54318935,0.9324993,-0.11808036,0.5219108,0.9387352,-0.10905826,0.4911216,0.9266087,-0.10503164,thumbs_up
0.41978148,0.923856,-3.7229609e-07,0.46221215,0.81776243,-0.017446343,0.49727252,0.69836205,-0.035880387,0.500011,0.611254,-0.05428024,0.48981124,0.5328692,-0.068178564,0.45962685,0.6789862,-0.057478357,0.5735491,0.7207637,-0.09853445,0.55175287,0.75836444,-0.11587306,0.5152295,0.7468003,-0.12635565,0.43821427,0.7516866,-0.06951272,0.5678436,0.79902637,-0.1027746,0.5365719,0.8210171,-0.10245428,0.49884573,0.8054646,-0.10589131,0.4280468,0.828792,-0.08376454,0.5489605,0.86646837,-0.11218431,0.5172086,0.88353956,-0.10037788,0.48297885,0.8689256,-0.09451535,0.42559418,0.90062153,-0.099679835,0.52409893,0.9280243,-0.11540495,0.5012077,0.93415916,-0.108893834,0.46681076,0.9220322,-0.1064228,thumbs_up
0.40347207,0.93145066,-4.08083e-07,0.44669986,0.82178277,-0.021594662,0.47547475,0.7021434,-0.03890169,0.47789592,0.61765194,-0.055126324,0.4662642,0.53472304,-0.06645065,0.43470502,0.6810947,-0.059055205,0.5572841,0.7169544,-0.10184487,0.54039145,0.7626484,-0.120356955,0.499958,0.75446415,-0.13249627,0.41343975,0.7516867,-0.069600604,0.5523826,0.7983364,-0.11010512,0.5234222,0.82725585,-0.11687395,0.48661506,0.81589967,-0.12514177,0.40453988,0.829033,-0.08216289,0.5302454,0.8720777,-0.11600943,0.5020094,0.8959887,-0.108295694,0.47116968,0.88244224,-0.10472704,0.40398386,0.90130985,-0.09705335,0.50388604,0.9323833,-0.11889377,0.48474926,0.9406308,-0.11758157,0.45312908,0.9266299,-0.11812028,thumbs_up
0.38915455,0.9256128,-4.0898155e-07,0.43596208,0.81164443,-0.022388427,0.46369871,0.69380563,-0.036154486,0.464685,0.60873216,-0.04848563,0.45614734,0.526001,-0.055950254,0.41652706,0.6803679,-0.04947559,0.5372391,0.71445894,-0.08710122,0.5232086,0.76410484,-0.10399428,0.48405752,0.7618112,-0.11589734,0.39449295,0.7496536,-0.057566848,0.5299896,0.7945658,-0.09155499,0.5048951,0.82412434,-0.09814385,0.4700706,0.81654596,-0.10744636,0.38501856,0.8256676,-0.068260595,0.5085701,0.86743987,-0.09672934,0.48415166,0.8906952,-0.09072362,0.45398846,0.8799073,-0.08947421,0.38636303,0.89744675,-0.081698515,0.4854289,0.93026674,-0.10060339,0.46943885,0.93745965,-0.100760534,0.43885195,0.9254668,-0.10289033,thumbs_up
0.37344235,0.92000496,-3.6322433e-07,0.42525336,0.80133235,-0.02433502,0.45108047,0.683373,-0.039471615,0.449136,0.5995805,-0.052974503,0.43899998,0.51524514,-0.061527006,0.3966953,0.6707305,-0.05020937,0.5200826,0.70602536,-0.09054529,0.510275,0.7553134,-0.110563345,0.4725847,0.75607663,-0.12439406,0.37528077,0.74214673,-0.057867788,0.5122875,0.78945315,-0.09383411,0.4922048,0.8178598,-0.10246392,0.45778057,0.8122381,-0.113038205,0.36679846,0.82027745,-0.06858795,0.49042657,0.8629668,-0.09863839,0.4689966,0.88339984,-0.09413977,0.4370755,0.8715551,-0.093577065,0.36871588,0.89332175,-0.082316205,0.46716383,0.92789876,-0.10305204,0.4508774,0.93366575,-0.10458486,0.41752875,0.9211446,-0.10736018,thumbs_up
0.35586983,0.9172169,-4.1377612e-07,0.40687323,0.7967224,-0.024113059,0.43275788,0.6754562,-0.037047997,0.43305835,0.58958197,-0.048248727,0.42310557,0.50559205,-0.054332234,0.37651002,0.66288877,-0.046082024,0.49593502,0.6998695,-0.08480772,0.48096618,0.746086,-0.103899136,0.4404954,0.7408977,-0.117594644,0.3544571,0.73289603,-0.053135153,0.48762348,0.7816074,-0.0880562,0.46092656,0.8088675,-0.09650496,0.4237685,0.79813576,-0.10723946,0.34468338,0.8101429,-0.063543476,0.46742246,0.8560137,-0.09336765,0.44148418,0.87623686,-0.08996565,0.4086619,0.8627099,-0.09023002,0.345613,0.8826694,-0.07706027,0.44211257,0.9203848,-0.09811391,0.42331716,0.9264336,-0.10167716,0.38893119,0.9141,-0.105975665,thumbs_up
0.34498376,0.9182416,-4.4298534e-07,0.40396526,0.79563785,-0.024062173,0.42482919,0.6699064,-0.036562245,0.4194154,0.5835817,-0.04708947,0.40643096,0.4965582,-0.05220448,0.35778257,0.6519549,-0.046997372,0.47588894,0.6939152,-0.08487999,0.46085078,0.7401545,-0.103092656,0.42091843,0.73232704,-0.11718864,0.33198407,0.71800524,-0.05401013,0.46624258,0.77548504,-0.08985908,0.4390682,0.8022423,-0.09892334,0.40048793,0.78871626,-0.11055518,0.32033962,0.79505664,-0.06407904,0.4451111,0.849922,-0.09397289,0.4202724,0.8709731,-0.09061887,0.3866893,0.85718524,-0.09161028,0.31998503,0.86928,-0.07743417,0.41696066,0.91462535,-0.10029084,0.39975014,0.9205936,-0.1059864,0.36393398,0.9059764,-0.1119959,thumbs_up
0.32856816,0.91126853,-4.4474868e-07,0.38342148,0.7890487,-0.020882271,0.40282273,0.65995044,-0.030457282,0.39983594,0.56809497,-0.038760874,0.3884293,0.479291,-0.04257969,0.33686057,0.6411244,-0.0410473,0.45133647,0.68396425,-0.075722836,0.43513787,0.7269159,-0.09297143,0.3963476,0.7176282,-0.1070879,0.3082538,0.7057184,-0.048336513,0.44010955,0.76235086,-0.08219376,0.41410416,0.78870773,-0.09125307,0.3773753,0.7777618,-0.10300057,0.29462472,0.7821967,-0.05841064,0.41633913,0.8365559,-0.086301096,0.39376166,0.85619843,-0.08315228,0.36075002,0.8422461,-0.084660836,0.2926698,0.8553406,-0.07166039,0.38944346,0.8997097,-0.09389046,0.37638304,0.90376264,-0.10039717,0.34238726,0.8888266,-0.10701158,thumbs_up
0.31136814,0.91440594,-4.886531e-07,0.37368843,0.79208785,-0.020866994,0.3905968,0.65779734,-0.030383384,0.3839289,0.5632193,-0.038228586,0.3685261,0.47029915,-0.041886076,0.311997,0.6297703,-0.04238921,0.42647204,0.6791792,-0.0778178,0.41222838,0.7239625,-0.09689104,0.37240025,0.7156534,-0.11271611,0.28120753,0.69171304,-0.049994186,0.41406363,0.7556591,-0.08361123,0.39179707,0.7844854,-0.09352654,0.35531506,0.7745764,-0.10619426,0.26746655,0.7681927,-0.06028009,0.39012656,0.82936597,-0.08859126,0.3706093,0.8507656,-0.086264856,0.3363099,0.83624697,-0.08865249,0.26548746,0.84465706,-0.07366898,0.3619992,0.8926222,-0.09807908,0.35083356,0.89805466,-0.10578863,0.3173998,0.88245493,-0.11296671,thumbs_up
0.29744455,0.9190991,-5.132445e-07,0.35778797,0.7938353,-0.018618587,0.37218204,0.65729225,-0.027649118,0.3653831,0.55864,-0.03543681,0.3494754,0.46271402,-0.039179087,0.28858194,0.6227174,-0.041358374,0.40427917,0.66848683,-0.077959396,0.39268386,0.7191427,-0.09835849,0.35277754,0.71427166,-0.11474882,0.25811943,0.6842915,-0.049792632,0.3937701,0.7443656,-0.083690986,0.3741708,0.77880466,-0.09372161,0.33749405,0.77213037,-0.10634098,0.24529645,0.76161736,-0.06072095,0.370543,0.819826,-0.089333765,0.35282862,0.84647655,-0.0867029,0.31764698,0.8359085,-0.08883031,0.24390805,0.8396168,-0.074509755,0.3418104,0.88331556,-0.09912605,0.33239874,0.8910928,-0.10654747,0.29934463,0.87767684,-0.11324432,thumbs_up
0.2909482,0.9197927,-4.737512e-07,0.35291994,0.791741,-0.02056947,0.36255357,0.6534539,-0.03115432,0.35022143,0.5525785,-0.040123314,0.3294353,0.45518517,-0.04510898,0.27036706,0.61829376,-0.041563682,0.38247275,0.66199446,-0.07734901,0.3806135,0.7165775,-0.097283974,0.3440913,0.71582705,-0.112828195,0.23812142,0.6797602,-0.04851842,0.3718813,0.74056834,-0.07887563,0.36524782,0.7762817,-0.08716335,0.33136204,0.7716275,-0.098692544,0.22396107,0.7559361,-0.05833836,0.34866345,0.81460696,-0.086145826,0.34205928,0.84118366,-0.08375857,0.30863002,0.83372915,-0.085734844,0.22150408,0.8326928,-0.07094545,0.31903183,0.87729937,-0.095186315,0.31783414,0.8850714,-0.10211834,0.2889682,0.8739703,-0.10797094,thumbs_up
0.28660676,0.9161185,-5.049319e-07,0.350303,0.7861961,-0.021194477,0.35245332,0.6441063,-0.030074257,0.33747652,0.5440527,-0.036845878,0.31729636,0.44980878,-0.039689347,0.2525546,0.6148141,-0.044461176,0.36472216,0.65384334,-0.07825142,0.37498957,0.71452236,-0.09410599,0.3445294,0.7224201,-0.1060685,0.21782275,0.6756939,-0.04964433,0.35154822,0.733042,-0.07912409,0.35605675,0.77427197,-0.084543504,0.32465968,0.7735119,-0.092916965,0.20294002,0.7519336,-0.057509452,0.32781422,0.8068282,-0.086333685,0.33276597,0.8365445,-0.08253605,0.30226547,0.8321799,-0.08236351,0.20005298,0.8271471,-0.06781402,0.2976976,0.86963844,-0.093423575,0.3053692,0.8805483,-0.09950874,0.2802801,0.87169033,-0.103571326,thumbs_up
0.28244144,0.9114279,-4.967769e-07,0.34553266,0.7807076,-0.023036342,0.342713,0.6378939,-0.031961277,0.32189792,0.5390188,-0.038468666,0.30314744,0.44754317,-0.042015474,0.23566218,0.6113742,-0.042222876,0.347991,0.65422404,-0.077979945,0.35807788,0.7131353,-0.09867358,0.32736203,0.7200424,-0.11419235,0.199465,0.6763575,-0.046403658,0.3357146,0.7329259,-0.075541034,0.34153426,0.7725699,-0.08271805,0.31126058,0.77402645,-0.09236424,0.18503715,0.7541497,-0.053859957,0.31230858,0.80802107,-0.08321443,0.3194888,0.8348328,-0.08132533,0.28944755,0.83008903,-0.08222101,0.1824786,0.8303442,-0.06397912,0.2833235,0.8694017,-0.09011475,0.29408595,0.87985665,-0.09661329,0.27108252,0.8723529,-0.10072371,thumbs_up
0.28690383,0.9017198,-4.913709e-07,0.3457169,0.77815473,-0.027702315,0.34027916,0.63473046,-0.037844464,0.31578407,0.5367903,-0.04449995,0.29599553,0.44753703,-0.04840153,0.231069,0.60632235,-0.045801852,0.3322719,0.65427935,-0.08145556,0.34835678,0.71137416,-0.10093173,0.321582,0.71909976,-0.115061104,0.19118856,0.67029893,-0.04790751,0.3210629,0.73326385,-0.07748636,0.33287463,0.77373123,-0.085526116,0.30436876,0.7740724,-0.0949216,0.17426635,0.7477344,-0.053424176,0.2970791,0.80758834,-0.084314995,0.30833778,0.8355343,-0.08335705,0.27907228,0.8280313,-0.08423295,0.16922761,0.82568777,-0.06181274,0.2678324,0.86764437,-0.08959765,0.28509718,0.87921846,-0.09565135,0.26551232,0.87045765,-0.09849241,thumbs_up
0.28700846,0.8898848,-4.6676885e-07,0.34039587,0.7718722,-0.031974923,0.33369833,0.63156563,-0.044556238,0.31098494,0.53323734,-0.052727766,0.29237467,0.44654024,-0.05785187,0.2272552,0.60688424,-0.05172891,0.32766962,0.65331197,-0.08858445,0.34311804,0.7085349,-0.108032264,0.31537938,0.71625775,-0.12197137,0.18771648,0.67203647,-0.052051384,0.31836593,0.7338547,-0.08358598,0.3272024,0.77245945,-0.091597244,0.2969672,0.7710741,-0.10049927,0.170725,0.7492052,-0.056060594,0.29433423,0.8087164,-0.08703496,0.30060828,0.8328264,-0.08550239,0.26830345,0.8224436,-0.08602643,0.16506815,0.82633615,-0.06348256,0.2643051,0.8694749,-0.09151932,0.27752605,0.8782029,-0.09815917,0.25435242,0.86714804,-0.10130884,thumbs_up
0.2835091,0.89534765,-5.2377686e-07,0.33677903,0.7748596,-0.030935645,0.3303876,0.63415813,-0.0437712,0.3087612,0.5348329,-0.052572176,0.28887478,0.44822222,-0.058491953,0.22350968,0.6060574,-0.051020272,0.32800943,0.6521094,-0.08776655,0.34183943,0.7086751,-0.108012944,0.31246042,0.7145235,-0.123207785,0.18466705,0.6718911,-0.0524885,0.3189162,0.7306542,-0.08357946,0.32694268,0.77096707,-0.09174994,0.29547918,0.7695456,-0.10111959,0.1688453,0.74994147,-0.057550006,0.29518425,0.80617666,-0.087710604,0.3014668,0.8323482,-0.08550661,0.26836294,0.8236753,-0.086027525,0.16457507,0.82835096,-0.06615603,0.2651173,0.8686131,-0.09383075,0.2792733,0.877576,-0.10014023,0.2565262,0.8674442,-0.10324894,thumbs_up
0.2814694,0.89576423,-5.158181e-07,0.33534032,0.7720159,-0.030502494,0.32865164,0.63231355,-0.04287262,0.30623984,0.5341526,-0.05119504,0.2849626,0.44740048,-0.056773737,0.22366728,0.60660756,-0.052284434,0.3281758,0.6507335,-0.088688225,0.3413962,0.70588845,-0.10836475,0.31184494,0.7133386,-0.12306859,0.18608984,0.67326283,-0.05378737,0.32078543,0.73014754,-0.08466213,0.32719636,0.7692398,-0.09242862,0.29535437,0.7699935,-0.10162298,0.17099814,0.7515835,-0.058722742,0.29869604,0.8072433,-0.088972874,0.30375314,0.8318973,-0.08657355,0.2708561,0.82375765,-0.08684489,0.1675829,0.8305785,-0.067149006,0.26910275,0.86932856,-0.09514981,0.2819157,0.87843794,-0.101403385,0.25886527,0.8698978,-0.104458764,thumbs_up
0.28679952,0.8899805,-5.3567686e-07,0.33843154,0.7703325,-0.032334942,0.32892448,0.63296646,-0.04615154,0.30629852,0.5344179,-0.055545237,0.28573522,0.44632098,-0.06202239,0.22589613,0.60691077,-0.056206223,0.3370394,0.6549444,-0.0956615,0.3497147,0.7141125,-0.117773175,0.31791446,0.72221756,-0.13440062,0.18946871,0.6729545,-0.058012012,0.32834476,0.7297089,-0.09231968,0.33218879,0.7726391,-0.10089358,0.2972343,0.77351123,-0.11085476,0.17448577,0.7509173,-0.06353399,0.3039487,0.8069916,-0.095958136,0.3082117,0.8350042,-0.09322638,0.2739182,0.8263512,-0.09368195,0.17131788,0.8295237,-0.07284076,0.27298564,0.87151647,-0.102210775,0.2837097,0.8844721,-0.108932406,0.25816727,0.87633604,-0.11295671,thumbs_up
0.28669703,0.89248204,-5.7517315e-07,0.33742666,0.77298355,-0.030480186,0.32957274,0.6357713,-0.043867175,0.30862397,0.5379516,-0.05354413,0.28655687,0.45053357,-0.0603872,0.22970968,0.60937047,-0.05273469,0.34414846,0.6539857,-0.09211579,0.3555185,0.7141456,-0.11539016,0.3219712,0.72267634,-0.13322368,0.1947111,0.6755272,-0.055889618,0.33552253,0.72975594,-0.08965931,0.33785123,0.7739802,-0.09907985,0.30147606,0.7748559,-0.110091835,0.18073305,0.75358397,-0.06278234,0.3114916,0.8074822,-0.09411933,0.31490135,0.83794934,-0.09127118,0.2801571,0.83130777,-0.09219848,0.17820865,0.8327371,-0.07352074,0.28029716,0.87346625,-0.102071695,0.29016986,0.88719976,-0.108636364,0.2635774,0.8802595,-0.11296162,thumbs_up
0.2832289,0.89169735,-5.410621e-07,0.33123305,0.77191937,-0.028287955,0.3275831,0.63745385,-0.04173351,0.31141356,0.5410699,-0.0521028,0.2921127,0.45276988,-0.05978209,0.2340088,0.6134811,-0.050560676,0.35170054,0.6589275,-0.08952815,0.35879165,0.7148315,-0.11351029,0.32335815,0.7191173,-0.13210867,0.20322347,0.68168116,-0.055298567,0.34724975,0.7366295,-0.08835076,0.34290975,0.7768468,-0.097562395,0.30349433,0.7743447,-0.10896425,0.19227274,0.7606118,-0.0637217,0.32580853,0.81318825,-0.09300945,0.32078463,0.84129673,-0.08782913,0.28292423,0.8315586,-0.08779059,0.19155899,0.83987427,-0.076172106,0.29535145,0.87729836,-0.10299557,0.2997825,0.887669,-0.107892096,0.27213642,0.8782453,-0.11147247,thumbs_up
0.27595478,0.8859544,-4.898146e-07,0.3227306,0.7675694,-0.023862014,0.3278127,0.6385163,-0.035072148,0.31885225,0.54422677,-0.044925027,0.30065656,0.45607615,-0.052957855,0.24476005,0.6244043,-0.04294041,0.36309645,0.6604247,-0.07956661,0.3594332,0.7046512,-0.10388252,0.32140633,0.7052694,-0.12297545,0.21835646,0.6937252,-0.049931906,0.36260438,0.7416614,-0.079989225,0.34531057,0.77028465,-0.08951646,0.30341685,0.7659075,-0.10172977,0.21027559,0.772906,-0.060456898,0.3418389,0.8171941,-0.0874013,0.32360733,0.83573663,-0.08161407,0.28284943,0.82148737,-0.08097591,0.2104962,0.85067207,-0.07490616,0.3133214,0.8810452,-0.10050473,0.30641168,0.88515866,-0.10458614,0.2747073,0.87428176,-0.10743773,thumbs_up
0.27422366,0.89900535,-4.991552e-07,0.32332304,0.77723897,-0.022182105,0.33520135,0.6452833,-0.032240294,0.32659453,0.5495086,-0.04098913,0.30708417,0.4570911,-0.047763392,0.26308125,0.6283887,-0.04382377,0.37947986,0.66545033,-0.07719121,0.36471733,0.70199245,-0.09750832,0.3243661,0.6968374,-0.11449116,0.23611134,0.6974658,-0.05146643,0.37552765,0.74697113,-0.080660224,0.3491341,0.7688934,-0.08986339,0.30771607,0.76080555,-0.102363154,0.22783986,0.7787464,-0.061804187,0.35721505,0.8237848,-0.08892445,0.3332953,0.8396347,-0.08391962,0.29545107,0.8235715,-0.083781056,0.22885115,0.8581668,-0.07564287,0.3337074,0.8879849,-0.10314165,0.32364783,0.88909173,-0.10924693,0.2920051,0.87624294,-0.11332605,thumbs_up
0.27182668,0.91105443,-5.789378e-07,0.324734,0.7810446,-0.023116125,0.34269473,0.6491704,-0.034668725,0.33875018,0.5547676,-0.04508982,0.32262212,0.46152514,-0.05210041,0.28193972,0.636106,-0.044741366,0.3986068,0.6711452,-0.0811754,0.38440108,0.71373975,-0.10169862,0.34308654,0.70934457,-0.1180994,0.25806075,0.7062061,-0.052880358,0.39346683,0.75116414,-0.08611336,0.36917058,0.7793381,-0.09762648,0.32786027,0.7720583,-0.111491114,0.24984807,0.7865449,-0.06368916,0.37465352,0.8269791,-0.09353119,0.35574728,0.849411,-0.09181847,0.32071972,0.83712965,-0.09395066,0.25240463,0.86391497,-0.077639244,0.35266376,0.895324,-0.10323586,0.34468895,0.90067774,-0.10939622,0.3126046,0.8894067,-0.11475476,thumbs_up
0.28352296,0.90173656,-5.3184834e-07,0.33660105,0.7667479,-0.025581786,0.35511118,0.6388726,-0.03853869,0.34802443,0.55196786,-0.050489187,0.33388016,0.46412563,-0.057999868,0.2969568,0.63997436,-0.046054807,0.41697592,0.6745523,-0.08689262,0.39982086,0.7148361,-0.109278455,0.35737535,0.70553917,-0.12597694,0.2748818,0.7153324,-0.05383409,0.41043276,0.75796425,-0.09134466,0.38141218,0.7820265,-0.10309866,0.34114957,0.7700496,-0.11665709,0.26729193,0.7971245,-0.065185405,0.3943417,0.83471346,-0.09840035,0.36756024,0.85418606,-0.0972314,0.33285666,0.8395756,-0.09903832,0.27185386,0.8719648,-0.079864465,0.37120977,0.9009932,-0.10489289,0.3524626,0.9050715,-0.11059721,0.31483936,0.893033,-0.116249576,thumbs_up
0.28904328,0.91780454,-5.6350103e-07,0.34424993,0.7836082,-0.025807768,0.3646278,0.6508792,-0.038967777,0.35699546,0.55787396,-0.05088838,0.34094372,0.46916175,-0.058476117,0.3143243,0.6442012,-0.043988805,0.4335295,0.68450606,-0.08441705,0.41328827,0.7240399,-0.10676558,0.37150508,0.71427387,-0.12377146,0.2935831,0.7186488,-0.052042503,0.4272771,0.76301825,-0.0895457,0.3949853,0.7863372,-0.101667315,0.35587123,0.7753397,-0.115344636,0.28620404,0.8006505,-0.063975856,0.41202542,0.8390352,-0.09731598,0.3813062,0.85946214,-0.09726847,0.34809625,0.8457971,-0.09972788,0.2902425,0.8762722,-0.079213336,0.38789618,0.90630335,-0.10446313,0.366631,0.91107976,-0.1112269,0.33070847,0.8973124,-0.11764831,thumbs_up
0.29654884,0.9210243,-5.644263e-07,0.35214218,0.7883562,-0.023088155,0.37752414,0.6559314,-0.035294313,0.37395293,0.56208026,-0.04660016,0.36084962,0.47424483,-0.053261567,0.3353182,0.6506232,-0.04103235,0.45394608,0.68308294,-0.078224406,0.4370512,0.7252194,-0.09688177,0.39642847,0.71585584,-0.11051875,0.31401104,0.72254306,-0.04871029,0.4461478,0.7678542,-0.081601135,0.41803455,0.79126537,-0.090626344,0.38010412,0.7772443,-0.102397986,0.30323112,0.79974645,-0.059841234,0.42877066,0.8396553,-0.08864377,0.40086734,0.8580773,-0.08661815,0.36814418,0.84342736,-0.08825498,0.30421862,0.87072456,-0.073913455,0.4014966,0.90213,-0.09390521,0.38249817,0.90708077,-0.09742824,0.34818062,0.8935215,-0.101971604,thumbs_up
0.30323744,0.921995,-6.2065436e-07,0.35952365,0.79459167,-0.018533627,0.39171275,0.6629866,-0.029160704,0.3915735,0.56885266,-0.039758362,0.37989414,0.4845972,-0.045809627,0.36039007,0.65562075,-0.0366335,0.47441214,0.6919764,-0.072442986,0.45392153,0.733126,-0.09040164,0.41519305,0.72299165,-0.10345399,0.33966967,0.7252734,-0.04630986,0.46810606,0.7760003,-0.07659394,0.4358381,0.799075,-0.083859704,0.3999314,0.7834289,-0.09440835,0.32719,0.7995071,-0.05919828,0.44849876,0.8486813,-0.08472039,0.415583,0.86254287,-0.08191824,0.3841881,0.8434268,-0.08357296,0.32409832,0.8694391,-0.07471924,0.4193348,0.9073051,-0.09060543,0.3956356,0.90841484,-0.092368215,0.3615614,0.891632,-0.0964081,thumbs_up
0.3057044,0.9203051,-5.851532e-07,0.3589064,0.7974861,-0.012780887,0.40022323,0.6681007,-0.022243984,0.4041271,0.57478285,-0.032551143,0.3954847,0.4963637,-0.039024495,0.3839636,0.66298956,-0.034995597,0.49311736,0.70567423,-0.068085626,0.46993756,0.7417935,-0.08404322,0.43299603,0.7304283,-0.09551406,0.36336452,0.73262596,-0.04720229,0.49000025,0.78421634,-0.073725745,0.45839798,0.80564314,-0.07827878,0.4249268,0.7910799,-0.08659485,0.35133588,0.80557346,-0.061526306,0.46893027,0.8556305,-0.08409298,0.4378244,0.8686014,-0.07852972,0.41007933,0.85121053,-0.07819154,0.34662622,0.8749659,-0.07779736,0.44039255,0.91239834,-0.08989742,0.42024723,0.9151869,-0.087185465,0.39304745,0.9001953,-0.0880905,thumbs_up
0.31071928,0.9106723,-5.1811514e-07,0.35729676,0.7903808,-0.0054244897,0.40882936,0.66854894,-0.017774291,0.42115113,0.5780916,-0.031394407,0.41270617,0.5028118,-0.042186234,0.40935495,0.67535025,-0.046592746,0.5185,0.7165887,-0.07919978,0.49785712,0.7509964,-0.09324928,0.462658,0.74532896,-0.10249803,0.3908351,0.7454254,-0.06278046,0.5144367,0.79018533,-0.08399383,0.4846402,0.8098948,-0.08156183,0.4506669,0.8012982,-0.085990824,0.37896004,0.81975657,-0.07927437,0.4884423,0.86204934,-0.09446991,0.45822236,0.870491,-0.082347244,0.42932707,0.8559778,-0.07932258,0.37276185,0.89020044,-0.09683745,0.45974267,0.9215339,-0.101165555,0.4411971,0.91833055,-0.09180977,0.4156641,0.9036637,-0.089353725,thumbs_up
0.31169593,0.90237737,-5.8383296e-07,0.34790313,0.79300225,-0.006714524,0.41122383,0.6770232,-0.0153632825,0.4388728,0.5891004,-0.024891196,0.43959567,0.515455,-0.030301575,0.4335065,0.68581426,-0.0359271,0.53597665,0.7276417,-0.06611005,0.50345623,0.7534474,-0.07850244,0.4660342,0.7389623,-0.0857354,0.42197648,0.750358,-0.049955074,0.52952844,0.80198383,-0.06904208,0.48986146,0.81102985,-0.06635856,0.4571264,0.79387635,-0.06856129,0.41238496,0.822271,-0.06521428,0.50624454,0.8728086,-0.079027675,0.46814248,0.8730236,-0.06748142,0.43907002,0.85178757,-0.063838646,0.40453824,0.892429,-0.08156621,0.4791317,0.9284401,-0.08431909,0.44696984,0.92321914,-0.07385853,0.4165599,0.90364885,-0.07000016,thumbs_up
0.32107633,0.8907244,-4.1206147e-07,0.35677895,0.7875046,-0.010120511,0.42008615,0.6748359,-0.02330277,0.44885954,0.59114033,-0.035782948,0.45129108,0.51850617,-0.043990795,0.45132565,0.68977666,-0.046398766,0.5496882,0.73434275,-0.075063325,0.51939744,0.75132054,-0.08556097,0.48350078,0.73608476,-0.090878054,0.44367734,0.7581262,-0.056930594,0.54360276,0.8036877,-0.07481915,0.50840896,0.81158704,-0.06978942,0.47368953,0.79781234,-0.06919631,0.4358912,0.8327311,-0.067874715,0.5223529,0.8721603,-0.07941599,0.4887616,0.87215537,-0.06416467,0.4569279,0.8561018,-0.057379473,0.42868164,0.90501016,-0.07972565,0.4978142,0.9288458,-0.08140872,0.46796572,0.92394507,-0.06791648,0.43746737,0.90861624,-0.0611004,thumbs_up
0.33884513,0.8846518,-3.1736687e-07,0.37363052,0.7831979,-0.0089249695,0.43007874,0.6721997,-0.024079606,0.4558668,0.58932257,-0.037712157,0.4587282,0.5201593,-0.047633637,0.46888646,0.6928342,-0.048904143,0.5607802,0.73475045,-0.07432916,0.5344927,0.75276124,-0.08304529,0.5005829,0.7417011,-0.087114,0.46659288,0.7621546,-0.057844307,0.5583773,0.8010995,-0.071396805,0.52739656,0.8122289,-0.06378877,0.49181098,0.8015406,-0.06156305,0.46256575,0.8368243,-0.06652133,0.5376625,0.8689678,-0.07354405,0.5072431,0.874053,-0.054732334,0.47535062,0.8627125,-0.045897428,0.45669785,0.9086658,-0.07583888,0.5142312,0.9233917,-0.07393274,0.4855935,0.92494905,-0.056552183,0.45802003,0.91523975,-0.047017116,thumbs_up
0.34814727,0.8811571,-3.4319967e-07,0.38290477,0.7791462,-0.0055352347,0.4375467,0.6719228,-0.018299198,0.465878,0.5911524,-0.03073077,0.47295314,0.52573216,-0.03961124,0.48916852,0.6954823,-0.035365917,0.5723352,0.74053115,-0.05646708,0.546216,0.7569128,-0.065354615,0.5135957,0.74411577,-0.070308186,0.4887291,0.7656046,-0.044749293,0.56910354,0.8046224,-0.053577755,0.53968495,0.8153562,-0.04782431,0.5056501,0.8048535,-0.04716486,0.48467678,0.83987606,-0.053965215,0.547077,0.8722031,-0.057648316,0.5184141,0.8777132,-0.041349042,0.4878158,0.8666346,-0.034294225,0.47720113,0.9111702,-0.06375143,0.5252113,0.92754567,-0.06053046,0.49640942,0.9285145,-0.044405278,0.47000292,0.9183891,-0.035384215,thumbs_up
0.35782766,0.8822417,-3.5700012e-07,0.39373595,0.7790872,-0.0037369495,0.44817936,0.67601866,-0.016022073,0.47782746,0.59656894,-0.028436895,0.4839791,0.5318872,-0.03727053,0.5076709,0.6997461,-0.029906552,0.58434856,0.7462649,-0.04777686,0.55582494,0.763147,-0.05619266,0.523299,0.7513897,-0.061379053,0.5077273,0.7698529,-0.039664164,0.5789526,0.8120359,-0.0449292,0.54882425,0.8232319,-0.03946398,0.51537365,0.81280655,-0.039408043,0.5023333,0.8442622,-0.049055893,0.5564175,0.8777385,-0.050103106,0.527649,0.8836745,-0.034016103,0.49712262,0.87325495,-0.027506901,0.49259007,0.91567767,-0.05900327,0.53580666,0.9319717,-0.0555549,0.50645864,0.93241465,-0.039190345,0.47953612,0.9228743,-0.029620294,thumbs_up
0.36863938,0.88366103,-3.694687e-07,0.40402114,0.78119797,-0.0023685095,0.457844,0.6788758,-0.014156147,0.48780864,0.60004896,-0.026596243,0.49556178,0.5360122,-0.03551315,0.5215709,0.7019588,-0.025227694,0.59403944,0.74933714,-0.042132378,0.5637883,0.76521534,-0.051399153,0.5308097,0.75285244,-0.057334334,0.5214976,0.7718631,-0.03556236,0.58773893,0.8146476,-0.03990687,0.5573936,0.82517654,-0.035761174,0.5240678,0.8144107,-0.036757488,0.5157269,0.84523445,-0.045573395,0.5656947,0.87814987,-0.045774497,0.53619325,0.8851877,-0.030311255,0.5058725,0.87579167,-0.024426565,0.50549513,0.9156093,-0.056119915,0.54448867,0.93326527,-0.052296083,0.5136579,0.93374693,-0.035987075,0.4865549,0.9242976,-0.026463475,thumbs_up
0.37773427,0.8835475,-3.5639906e-07,0.41239733,0.78401935,-0.0028909978,0.4641882,0.6830241,-0.014506393,0.49490377,0.6042993,-0.027055278,0.50391364,0.53989255,-0.035554703,0.53160435,0.6975619,-0.020394856,0.6017474,0.7544795,-0.037578736,0.5709739,0.77032816,-0.04766329,0.53963673,0.75580955,-0.05447504,0.53276855,0.7633473,-0.030990582,0.59479773,0.8188899,-0.036651123,0.5637964,0.82828575,-0.03392706,0.5327233,0.81476104,-0.035314716,0.5274918,0.8332778,-0.04192219,0.57070816,0.8816262,-0.042764477,0.54153854,0.88746184,-0.029768514,0.5137035,0.8744753,-0.025227178,0.5181364,0.9013617,-0.05384932,0.54549414,0.9351673,-0.05045273,0.51551694,0.9354285,-0.03758543,0.49185225,0.9219805,-0.030332772,thumbs_up
0.38673437,0.88226306,-3.6840524e-07,0.4190019,0.7835642,-0.0033424522,0.46828926,0.6848451,-0.015136598,0.49741155,0.6070881,-0.027628437,0.5061459,0.54303956,-0.036242515,0.53573936,0.6950955,-0.02084338,0.6049436,0.75433135,-0.037352026,0.57450074,0.77057785,-0.047161173,0.54318464,0.7560028,-0.053896528,0.538353,0.7598232,-0.030866845,0.5982792,0.8159927,-0.035251606,0.56764245,0.82448995,-0.032341,0.5371994,0.809595,-0.03404446,0.53435457,0.82990134,-0.041121487,0.57645565,0.8759459,-0.04093546,0.5476748,0.8813919,-0.027875056,0.52055585,0.8678286,-0.02370466,0.52656084,0.89825386,-0.052387573,0.550921,0.9296847,-0.048552115,0.5215585,0.93091995,-0.035700664,0.49873868,0.9181086,-0.028559215,thumbs_up
0.394376,0.8770846,-3.6592226e-07,0.42329985,0.78052604,-0.0030706509,0.47025192,0.683032,-0.013676175,0.4987034,0.6063972,-0.025008561,0.5056892,0.543356,-0.03248483,0.5393884,0.69176006,-0.017050615,0.60674953,0.7486155,-0.03142541,0.57628196,0.76579446,-0.040008925,0.5460426,0.75417715,-0.046271227,0.54386526,0.7528161,-0.026514169,0.6009588,0.80899173,-0.029560374,0.57064015,0.81839484,-0.026890948,0.5416924,0.80600506,-0.02874692,0.541402,0.8198774,-0.036300912,0.58053017,0.8679638,-0.03516381,0.55222523,0.8735409,-0.023689998,0.5265442,0.86089396,-0.020719504,0.5352777,0.8858983,-0.0471382,0.5546802,0.9198353,-0.043413766,0.5257337,0.92141414,-0.032530524,0.504378,0.9090933,-0.026809689,thumbs_up
0.40340102,0.87216973,-4.084415e-07,0.4277495,0.7749702,0.0012801491,0.4719276,0.678318,-0.006449356,0.5002337,0.6034899,-0.015374374,0.50671905,0.542948,-0.020946555,0.5447336,0.68728,-0.010542922,0.6068815,0.74223995,-0.017730948,0.5756905,0.7596612,-0.02245401,0.5461084,0.7503187,-0.026646573,0.55076396,0.74787974,-0.019400656,0.60182124,0.7996286,-0.014426291,0.57214326,0.80962694,-0.009290779,0.54332817,0.80070454,-0.010687874,0.54932237,0.81419086,-0.027785262,0.58166933,0.85363615,-0.018673025,0.5548396,0.86034286,-0.0067924745,0.52873653,0.8509989,-0.005237594,0.54490364,0.8777535,-0.036944654,0.5602343,0.90300244,-0.027664311,0.53305984,0.9049073,-0.016099375,0.51146656,0.89480954,-0.010844924,thumbs_up
0.4093974,0.8647802,-4.2376013e-07,0.4305635,0.767632,0.0013549641,0.47204506,0.6723186,-0.0058301315,0.50001246,0.5999144,-0.014098735,0.5069128,0.5405631,-0.019295005,0.5497575,0.6816027,-0.009339909,0.60580814,0.73790574,-0.014570117,0.574857,0.7564884,-0.018553913,0.5454066,0.74845064,-0.022585088,0.5576995,0.7420048,-0.017723242,0.60246,0.7931528,-0.011127312,0.57278085,0.8055825,-0.006338868,0.544243,0.79965115,-0.008095158,0.55725384,0.807968,-0.025484106,0.585562,0.84577817,-0.016229656,0.55861527,0.85372734,-0.005721152,0.5321916,0.8461748,-0.0048805485,0.55311704,0.87110645,-0.033888664,0.56461316,0.89475006,-0.025446827,0.53701484,0.8972621,-0.015009832,0.51524055,0.8881278,-0.010223694,thumbs_up
0.42050356,0.86512595,-4.130647e-07,0.43601787,0.76483285,0.0050951918,0.47460344,0.6700169,0.00029655453,0.50235844,0.597606,-0.0061946996,0.50955683,0.5392672,-0.009920018,0.55357856,0.6763418,-0.00034128182,0.604839,0.7239316,-0.00085503864,0.5773319,0.7441881,-0.0027452803,0.54942566,0.74061394,-0.005376779,0.56363255,0.7334707,-0.008471891,0.6044591,0.7758305,0.0025356293,0.577858,0.79053783,0.007857318,0.54972756,0.7887333,0.006169434,0.5658144,0.79581046,-0.015707815,0.5929725,0.8250083,-0.0028441907,0.56818837,0.83619577,0.0074493117,0.5412662,0.8332659,0.007807855,0.56443894,0.85575014,-0.023267308,0.57830626,0.8719075,-0.012535034,0.55189574,0.87822276,-0.0013944773,0.5289389,0.8742742,0.0038503734,thumbs_up
0.42935684,0.85727435,-4.5487303e-07,0.44215217,0.7578751,0.010115709,0.47914577,0.66774833,0.008878329,0.5068527,0.59664214,0.004638501,0.5156738,0.54110897,0.002741917,0.56031036,0.67234,0.012768281,0.6086579,0.7187431,0.015081048,0.5803946,0.73813975,0.012334282,0.5528728,0.7332243,0.008671999,0.5722909,0.72446454,0.0034204149,0.60832214,0.76795936,0.018445458,0.5810562,0.7824713,0.022933044,0.5546993,0.78138185,0.019988647,0.5760221,0.7838409,-0.005233264,0.5984651,0.8135726,0.010934178,0.57310176,0.82418495,0.019676821,0.5480074,0.82212305,0.018421782,0.57730556,0.8426819,-0.013953602,0.58760816,0.85853016,-0.00036940997,0.56061774,0.8648546,0.010318828,0.5396401,0.86260027,0.014783434,thumbs_up
0.43434715,0.85441947,-4.3954915e-07,0.44723356,0.7563057,0.008048181,0.48504415,0.6661139,0.00537725,0.5135432,0.59611154,-0.00035201822,0.5234463,0.54075617,-0.003481317,0.5662458,0.67155296,0.010643063,0.6136466,0.71523124,0.009395652,0.58801305,0.73596966,0.0043722247,0.5601018,0.7324719,-0.00045871906,0.57873064,0.72237384,0.0005631278,0.61539304,0.7634113,0.011461701,0.59020257,0.77981335,0.014572511,0.5628248,0.77990603,0.011654692,0.5825825,0.78064895,-0.009323711,0.6064944,0.808732,0.0031354055,0.5823103,0.82082134,0.011914144,0.5563691,0.8199645,0.0117437905,0.5822435,0.83943534,-0.019635728,0.5925249,0.85512537,-0.008752394,0.5664098,0.8612588,0.0015263425,0.54436517,0.858702,0.0064069713,thumbs_up
0.43865618,0.85414577,-4.3235323e-07,0.4529047,0.7560835,0.009052431,0.4918426,0.66598815,0.006779998,0.52089584,0.5959038,0.0012385834,0.53123796,0.54026854,-0.0018403892,0.5720101,0.6726875,0.011356161,0.6205039,0.7172961,0.010903232,0.5944823,0.7369688,0.0065170415,0.5669817,0.73260313,0.0020168314,0.58344567,0.72341454,0.0009967462,0.62200046,0.7650943,0.01293567,0.5966862,0.7806799,0.016632626,0.5694583,0.7802215,0.013920765,0.5860632,0.7817495,-0.00904759,0.6112213,0.81029093,0.0047984025,0.58684605,0.82169247,0.013980668,0.56115836,0.81989104,0.013648075,0.5849594,0.8406345,-0.019462803,0.59635514,0.8564204,-0.007162302,0.5699533,0.8620612,0.0036191407,0.54787093,0.8586644,0.008418621,thumbs_up
0.44166446,0.85517883,-4.4207295e-07,0.4558556,0.7582169,0.0074071786,0.49618766,0.6671115,0.005001722,0.52644217,0.59718263,-0.0001988247,0.5370227,0.541504,-0.002721317,0.57617724,0.67468184,0.008644277,0.62534577,0.72174263,0.0077465116,0.59783614,0.7399266,0.0037066136,0.57023597,0.7343602,-0.0005974912,0.5868874,0.7265017,-0.0008415777,0.6261333,0.7709162,0.010785394,0.60002637,0.7849658,0.015350316,0.5733644,0.7835209,0.013190801,0.58874005,0.7849938,-0.010139749,0.6146809,0.81651694,0.0030122865,0.58998597,0.82646734,0.012461832,0.56473863,0.8231875,0.012361862,0.58679646,0.8432851,-0.019924471,0.59818107,0.8621638,-0.008113617,0.5709396,0.8660728,0.0023586743,0.5488127,0.85988295,0.00681178,thumbs_up
0.44195718,0.8567666,-4.4616505e-07,0.4569447,0.76021874,0.008799755,0.49716875,0.6689468,0.0063946648,0.527133,0.5993335,0.0010831384,0.53775823,0.5438101,-0.0016606849,0.5763115,0.67693645,0.0066417605,0.6253634,0.7251366,0.0061798445,0.59874994,0.74433756,0.003146249,0.5717204,0.73891956,-0.0006842786,0.5875295,0.72844285,-0.0036402014,0.62546945,0.77367073,0.008354378,0.6002498,0.78929406,0.013894798,0.57375836,0.78867805,0.012077459,0.589682,0.7865637,-0.013410031,0.6140116,0.8186983,-3.991216e-05,0.59020245,0.82993263,0.009672546,0.5646696,0.82684803,0.009359601,0.5880017,0.84468573,-0.02351578,0.59762317,0.8660061,-0.012635351,0.57108504,0.8707542,-0.002994063,0.54858404,0.86425066,0.00083704956,thumbs_up
0.44114774,0.8572395,-4.3975695e-07,0.4552124,0.7613965,0.006267132,0.4962301,0.6693326,0.0035431022,0.52654487,0.60010684,-0.001424925,0.53586257,0.5442561,-0.0037097812,0.5744792,0.6778851,0.0042913784,0.6229265,0.72713697,0.0032238553,0.59624314,0.74674034,0.00020934067,0.56940293,0.7414859,-0.0035104577,0.5853065,0.730219,-0.0047334605,0.6223945,0.7753235,0.006039953,0.5969835,0.79105026,0.0112563055,0.5708857,0.79050213,0.009578865,0.58768773,0.78880835,-0.0134366695,0.6108256,0.8214623,-0.0018260046,0.5873961,0.8323885,0.0071332585,0.5625318,0.82949966,0.0069322297,0.5862492,0.84687454,-0.022556992,0.595661,0.86897475,-0.0131239435,0.56963027,0.87401754,-0.004168596,0.54823035,0.8683342,-0.00046368953,thumbs_up
0.3640957,0.96734214,8.2995655e-08,0.39841795,0.95143205,-0.029616352,0.43581405,0.9185145,-0.052533776,0.4270442,0.88835883,-0.07369773,0.40065777,0.86766607,-0.09315918,0.41531873,0.7817028,-0.030279199,0.42553937,0.7714527,-0.059478413,0.42908615,0.7513336,-0.07659917,0.4332939,0.73677266,-0.08667967,0.36476272,0.7660967,-0.029643804,0.37295163,0.83517176,-0.05891793,0.3829794,0.89663094,-0.06260593,0.38977453,0.8992413,-0.058977228,0.32342646,0.7840001,-0.03316437,0.33484623,0.8667304,-0.061910477,0.3512901,0.9097005,-0.054201618,0.36027148,0.90449005,-0.043600913,0.28807083,0.81913584,-0.04016524,0.30059126,0.8847915,-0.061132684,0.3198052,0.9207831,-0.056526102,0.33121797,0.9178822,-0.04743398,point
0.36480317,0.96815395,7.619767e-08,0.39915118,0.9530664,-0.02897492,0.43700108,0.9200728,-0.05179807,0.4272344,0.88993335,-0.07297671,0.39980274,0.87076396,-0.09241716,0.4165016,0.7817927,-0.029326485,0.42576495,0.7726093,-0.058470495,0.4289195,0.75407696,-0.07557471,0.43307483,0.74175,-0.08556199,0.36558932,0.7655784,-0.02902064,0.37429866,0.8373083,-0.057867233,0.38391912,0.8987166,-0.061484937,0.39034513,0.9014624,-0.057874557,0.3240532,0.78349376,-0.032865465,0.33597195,0.86840874,-0.06099572,0.35214067,0.9109276,-0.052991938,0.3608812,0.90565413,-0.042377997,0.2885881,0.81897336,-0.040209558,0.30177447,0.8867668,-0.06079737,0.32128808,0.9230942,-0.056042913,0.33309922,0.9204688,-0.046870917,point
0.36567962,0.96847314,7.257506e-08,0.40069258,0.95278794,-0.02884676,0.43928218,0.9191705,-0.05147637,0.42942053,0.88913655,-0.07244326,0.40083438,0.8723056,-0.09187075,0.41725057,0.78163135,-0.029468335,0.42733264,0.77274436,-0.058744714,0.43032852,0.75416267,-0.07632698,0.43374467,0.74119735,-0.086699925,0.36628047,0.7654058,-0.029144604,0.37444696,0.8369613,-0.058119453,0.384666,0.8989482,-0.062208287,0.3912502,0.9027008,-0.05894546,0.32460272,0.7835338,-0.03284325,0.33596438,0.8678336,-0.06107275,0.35264036,0.91093576,-0.053447623,0.3617171,0.90643996,-0.04302314,0.2890219,0.8192117,-0.03996792,0.30178738,0.8863342,-0.060386606,0.3214137,0.9228709,-0.055490885,0.33326694,0.92084575,-0.046238538,point
0.36517668,0.96867305,8.212922e-08,0.3999473,0.95338476,-0.029526528,0.4384969,0.92085415,-0.052572113,0.43030494,0.8904776,-0.073938705,0.4029454,0.87154067,-0.09364158,0.41780663,0.7817759,-0.030242577,0.42834955,0.7731224,-0.059934143,0.43142548,0.7542693,-0.07785199,0.4349993,0.74031943,-0.0885381,0.36695358,0.7651394,-0.029882286,0.37549984,0.83717734,-0.059448417,0.38523257,0.8981511,-0.0638412,0.39188185,0.9009153,-0.060843922,0.32484347,0.78293204,-0.033669185,0.33682048,0.86804044,-0.062485233,0.3531271,0.91147155,-0.05503677,0.36229616,0.90708834,-0.04474003,0.28887653,0.8184548,-0.04099746,0.3021051,0.8868573,-0.06240908,0.3221649,0.92391014,-0.058166213,0.33493668,0.9222314,-0.04925166,point
0.36673152,0.9701576,8.4713044e-08,0.40166318,0.9544261,-0.029476508,0.43961084,0.921076,-0.052580602,0.42969573,0.8902459,-0.07392681,0.40041637,0.87293786,-0.09380304,0.41758648,0.78225785,-0.0305072,0.42673397,0.77549726,-0.060192805,0.4308652,0.75644666,-0.07840194,0.4357247,0.74117154,-0.08954472,0.36662698,0.7660332,-0.03029727,0.37505373,0.83777595,-0.05988392,0.3857504,0.8988887,-0.064651705,0.39201188,0.901381,-0.062010825,0.3247416,0.78433025,-0.034133095,0.33626983,0.869505,-0.062858455,0.3534526,0.91201633,-0.055796016,0.36226895,0.9062309,-0.04594785,0.288987,0.82022935,-0.041489642,0.30194384,0.8890043,-0.0628143,0.32220483,0.9258987,-0.058725655,0.334264,0.9235009,-0.050155833,point
0.36750343,0.97094005,8.835938e-08,0.40301168,0.9550215,-0.030273901,0.44108734,0.9210197,-0.053734727,0.431598,0.8904785,-0.07535818,0.4017461,0.87412894,-0.095469646,0.41814986,0.7823117,-0.03109194,0.4270391,0.77637476,-0.06138921,0.43106174,0.7577514,-0.07999023,0.43593168,0.74249244,-0.09137955,0.36704957,0.76632977,-0.030759564,0.3756453,0.83890945,-0.061323237,0.38640174,0.90023994,-0.06650094,0.3931069,0.90281415,-0.06394764,0.32501632,0.7846934,-0.03461904,0.3370647,0.8711884,-0.0645541,0.3544161,0.91449803,-0.05782814,0.36373445,0.90952986,-0.04790076,0.28934848,0.82043934,-0.04205018,0.30243137,0.8905749,-0.06462557,0.32333547,0.92859715,-0.06103646,0.33635837,0.92695403,-0.05256292,point
0.36776108,0.9704396,9.1756235e-08,0.4033174,0.9552964,-0.030357122,0.44151223,0.9223523,-0.054233342,0.4335083,0.89162374,-0.07628137,0.40360498,0.8759517,-0.0969088,0.41818038,0.7821861,-0.03229389,0.42598158,0.7781066,-0.06242416,0.431396,0.7602427,-0.08106708,0.43897042,0.74590856,-0.09250657,0.367168,0.76674455,-0.031892493,0.37670627,0.8416298,-0.06239417,0.38727567,0.90230846,-0.06750443,0.39449304,0.9060157,-0.06504738,0.32507285,0.78547096,-0.03557963,0.33832926,0.87295675,-0.065104984,0.3552881,0.9156588,-0.05822834,0.36490068,0.9120159,-0.04832877,0.28940168,0.8214109,-0.04289391,0.30354232,0.89185923,-0.064983994,0.32455423,0.92945546,-0.0612937,0.33811507,0.9285029,-0.052851085,point
0.36876774,0.97108865,9.184915e-08,0.40363285,0.95638096,-0.030601216,0.4415844,0.9244408,-0.054579876,0.43394208,0.8934766,-0.076712705,0.40508452,0.87559277,-0.09742641,0.42009756,0.7842957,-0.032946106,0.42775846,0.78035897,-0.06312136,0.43256432,0.7616953,-0.08158303,0.439514,0.7463477,-0.0929156,0.36866748,0.7679648,-0.032409225,0.37668055,0.8424408,-0.0627758,0.387359,0.90331113,-0.06755585,0.39516303,0.90638024,-0.06487523,0.32610947,0.7859978,-0.035963695,0.33819503,0.8734676,-0.065430276,0.35523224,0.91626227,-0.058313634,0.36536676,0.91209644,-0.048297748,0.28975904,0.8213583,-0.043181382,0.30327532,0.8921462,-0.06541493,0.32433414,0.9298464,-0.061754376,0.33818462,0.9287427,-0.053301893,point
0.3691479,0.9717982,8.1365634e-08,0.403819,0.9575294,-0.030891944,0.44153485,0.925727,-0.05493658,0.4347685,0.8946673,-0.07712011,0.40616187,0.8756525,-0.097742215,0.42176682,0.7838408,-0.03275758,0.42955858,0.7801304,-0.06362407,0.43386465,0.76189804,-0.082721576,0.43985382,0.746562,-0.09441438,0.37041733,0.766992,-0.032191467,0.37765267,0.84318113,-0.06322533,0.3876784,0.9045225,-0.06839883,0.39447358,0.9073829,-0.06587446,0.32773837,0.78497815,-0.035846155,0.33898965,0.8733701,-0.06557211,0.3556644,0.9164427,-0.05845777,0.3648612,0.91160506,-0.04841586,0.29127163,0.820683,-0.043239806,0.3040417,0.8924383,-0.06555546,0.32497317,0.9298011,-0.061972562,0.3384909,0.92745376,-0.0535566,point
0.37006542,0.97150624,9.268389e-08,0.40455365,0.9583641,-0.031695805,0.4428159,0.9276496,-0.056473337,0.43598408,0.8964889,-0.07932288,0.40784717,0.8763186,-0.10052295,0.4222573,0.78410375,-0.033453632,0.43026677,0.7786163,-0.06459911,0.4352399,0.7603682,-0.08361704,0.44168398,0.74657136,-0.09496437,0.3705611,0.7678257,-0.032635022,0.37901798,0.84312445,-0.063577406,0.38931933,0.903565,-0.068544045,0.39558917,0.90511847,-0.065794,0.32801777,0.78618854,-0.03614647,0.33999404,0.87383074,-0.06581247,0.35684404,0.9155996,-0.058789164,0.36554503,0.90935355,-0.048794594,0.29167694,0.8220969,-0.04344294,0.30508384,0.89345,-0.06549198,0.32572934,0.9297668,-0.06189383,0.33856654,0.9264424,-0.053473577,point
0.36974978,0.9711602,8.8634984e-08,0.40561852,0.9578058,-0.03222615,0.4451851,0.9259043,-0.057185035,0.43688002,0.8939738,-0.080025636,0.4062673,0.8764274,-0.10109245,0.4237607,0.78398895,-0.03352354,0.43159884,0.7780268,-0.06490587,0.43535227,0.75995094,-0.083817884,0.44005287,0.7454896,-0.09517561,0.3720077,0.76706976,-0.032524392,0.37945387,0.842108,-0.064133726,0.3900413,0.9037811,-0.06920508,0.39620373,0.90510327,-0.06641091,0.3293234,0.7850527,-0.035933908,0.34041017,0.8731153,-0.06629549,0.35779238,0.915997,-0.059382513,0.36640698,0.9094385,-0.049393788,0.29289886,0.82064456,-0.043101225,0.30583444,0.8924404,-0.065355144,0.32605052,0.92908156,-0.06184855,0.33782294,0.9250443,-0.053580232,point
0.36972135,0.97173893,8.655204e-08,0.40567404,0.9580984,-0.031100612,0.444997,0.92691123,-0.05512577,0.43655655,0.8955665,-0.07712435,0.4075505,0.87684244,-0.09747811,0.42369777,0.7857968,-0.033018522,0.43259302,0.77753985,-0.06347143,0.4359524,0.75841945,-0.08243633,0.44018352,0.7439481,-0.09414013,0.37215367,0.76769567,-0.032398935,0.38007182,0.84262425,-0.06375388,0.3901907,0.9031147,-0.069690384,0.39716575,0.9062883,-0.0677215,0.32922432,0.7850635,-0.03586792,0.3401004,0.87289864,-0.06581134,0.35718617,0.91594076,-0.05951565,0.36729115,0.9115064,-0.050056167,0.29271692,0.8202517,-0.042990785,0.30508065,0.89121413,-0.06544529,0.32555014,0.9287649,-0.06211527,0.3389371,0.9270649,-0.053902593,point
0.36966592,0.9709922,8.421946e-08,0.40625408,0.95681846,-0.030594671,0.44437253,0.9256836,-0.054024056,0.43586317,0.89513403,-0.07550559,0.40777254,0.8740311,-0.09540931,0.42400762,0.78381675,-0.031640947,0.43415168,0.7751076,-0.06125678,0.43698442,0.75587857,-0.079690106,0.44012338,0.7402468,-0.09121347,0.3730939,0.7661949,-0.031059725,0.37994552,0.83907855,-0.06102208,0.389832,0.8999013,-0.06637949,0.39690158,0.902629,-0.064433224,0.3304564,0.78385097,-0.034605537,0.340813,0.8704116,-0.06412622,0.3576863,0.91411406,-0.057877593,0.36762246,0.9101244,-0.04863018,0.29407492,0.81948507,-0.04174347,0.30620453,0.8897354,-0.064546816,0.3267786,0.92766255,-0.061527085,0.34009248,0.9264821,-0.053554174,point
0.36966407,0.96883047,8.802861e-08,0.40681046,0.9543885,-0.030179672,0.44538134,0.92165947,-0.052801058,0.43645176,0.89122295,-0.07349067,0.4077758,0.8705362,-0.09252636,0.42580292,0.78296536,-0.030979792,0.43575698,0.77104664,-0.060013145,0.4380765,0.7501584,-0.07767491,0.4409409,0.73240364,-0.0887408,0.3740129,0.7645372,-0.03042276,0.38025922,0.8374913,-0.059919085,0.39063877,0.89844686,-0.0647637,0.39753217,0.8994027,-0.062394798,0.3309428,0.781614,-0.033959158,0.3407965,0.86838573,-0.062926225,0.35860813,0.91175836,-0.056205012,0.36842486,0.9056435,-0.04670051,0.2942528,0.81656194,-0.041069195,0.3058476,0.88656026,-0.06322873,0.32654136,0.92408735,-0.05973907,0.33927247,0.92148715,-0.051499665,point
0.37015897,0.9670913,8.70044e-08,0.40677944,0.95311934,-0.028891323,0.4461784,0.9197642,-0.05123453,0.43857738,0.88500524,-0.071957745,0.4099628,0.86116046,-0.09123609,0.4266096,0.7800325,-0.029271413,0.4368568,0.7642438,-0.05690136,0.44060656,0.741642,-0.0734667,0.44564325,0.7250959,-0.08377073,0.37477803,0.7613383,-0.02899046,0.38126957,0.8317267,-0.056910314,0.3909853,0.8939432,-0.060892057,0.39769948,0.89696085,-0.057998683,0.3323101,0.7784102,-0.032616187,0.3428092,0.8639931,-0.05965282,0.3593229,0.90578985,-0.05213513,0.36798233,0.8992174,-0.042420316,0.2958504,0.81361187,-0.039716225,0.30803135,0.8822892,-0.059693784,0.3265494,0.9177494,-0.055245787,0.33661,0.91373354,-0.046654444,point
0.3706284,0.9665512,8.7404835e-08,0.4062289,0.95327115,-0.02935071,0.44620073,0.91994995,-0.05220034,0.44123417,0.8836145,-0.07334193,0.4134762,0.85837376,-0.09297157,0.42653787,0.7795028,-0.030365048,0.43706816,0.7645917,-0.05901,0.4413891,0.7423622,-0.07601217,0.44647804,0.72517943,-0.08649026,0.37537768,0.76094514,-0.030053513,0.38264656,0.8296981,-0.05866141,0.39258456,0.893315,-0.062349517,0.3988904,0.8957184,-0.059099022,0.3329326,0.77794844,-0.033714667,0.34346414,0.8619407,-0.061573233,0.3601417,0.9052638,-0.053614672,0.36839,0.8990466,-0.04347804,0.29624304,0.8129667,-0.04086719,0.30871645,0.8811216,-0.061199002,0.32748762,0.9180181,-0.056394994,0.33738425,0.91483885,-0.04754654,point
0.3723743,0.96516097,8.576099e-08,0.40760797,0.95108634,-0.027990522,0.4478156,0.9166092,-0.05007589,0.44033223,0.88090676,-0.07070389,0.41118234,0.85756,-0.08992809,0.42676598,0.7779897,-0.028553782,0.43702504,0.7635569,-0.056495897,0.44089887,0.7418517,-0.07289646,0.44577372,0.72435296,-0.0830906,0.37496,0.7598299,-0.028877106,0.38282964,0.8289827,-0.056777656,0.39299482,0.8930881,-0.06022114,0.39903468,0.8942729,-0.056908894,0.33248088,0.77769005,-0.033067677,0.3434589,0.86133146,-0.06063869,0.36064306,0.90497553,-0.05244839,0.36878288,0.8977473,-0.042241067,0.2956869,0.81353295,-0.04058135,0.30863327,0.8808407,-0.060799643,0.3278913,0.918026,-0.05558947,0.3377512,0.9147029,-0.046483427,point
0.37001464,0.9648638,7.340389e-08,0.4070793,0.94973433,-0.026789399,0.4477169,0.9151181,-0.04746757,0.44152963,0.879006,-0.06655108,0.415093,0.8522368,-0.084296964,0.42512858,0.77502984,-0.027804086,0.43644208,0.76209694,-0.054378882,0.44350994,0.739932,-0.070849456,0.45223695,0.71893615,-0.08169825,0.37410474,0.757652,-0.028327227,0.38411188,0.82642496,-0.056152634,0.39331883,0.8891878,-0.060995143,0.3984735,0.8926401,-0.05888476,0.3320243,0.7756962,-0.032337226,0.34656855,0.8602517,-0.059637565,0.3619201,0.9026835,-0.05279441,0.36844423,0.89542365,-0.0435107,0.2959267,0.81185734,-0.03950308,0.3114563,0.87962073,-0.05943301,0.32986525,0.9150749,-0.055041853,0.33842844,0.91050166,-0.046608493,point
0.36780438,0.96273124,8.860067e-08,0.40489173,0.94758743,-0.025711384,0.44752944,0.9105967,-0.045272917,0.44385505,0.87201893,-0.06336254,0.41927767,0.846938,-0.080072984,0.42349476,0.7735296,-0.026425837,0.43652743,0.7566917,-0.05228497,0.44900882,0.73672426,-0.06902589,0.46485016,0.7180197,-0.08012922,0.3751388,0.75591815,-0.026816713,0.38871375,0.8252977,-0.052862152,0.39672154,0.88485163,-0.058505923,0.40201107,0.88774383,-0.05806708,0.33440104,0.7728395,-0.030631611,0.3514227,0.8583128,-0.05552091,0.3644777,0.89826655,-0.050107814,0.37028125,0.8901399,-0.043020517,0.29837164,0.8073143,-0.03766674,0.31482887,0.87816685,-0.05572475,0.3314211,0.912689,-0.052443486,0.33854395,0.90693253,-0.04571111,point
0.36558542,0.961669,9.8468846e-08,0.4045539,0.9467993,-0.025312014,0.4479816,0.9097607,-0.045004085,0.45318124,0.867576,-0.063759506,0.42914224,0.8469567,-0.081396066,0.42155308,0.77229095,-0.025514307,0.43914813,0.75358075,-0.054218013,0.46012264,0.73657054,-0.07425416,0.48382485,0.7216315,-0.08714287,0.37691092,0.7563077,-0.027484523,0.39990506,0.8189961,-0.057419624,0.40461397,0.8801227,-0.06596307,0.40446633,0.8907166,-0.06672693,0.33783114,0.7738415,-0.032942023,0.3634546,0.85654116,-0.06057845,0.37166223,0.89850813,-0.05677486,0.37257606,0.89604807,-0.049722344,0.3027256,0.80894905,-0.04158455,0.324917,0.8787373,-0.05988351,0.33893865,0.9138787,-0.0565668,0.34276545,0.91093814,-0.0496218,point
0.36319444,0.9611756,7.585169e-08,0.40521872,0.945386,-0.020989085,0.4488608,0.9082384,-0.03922097,0.46144047,0.86755866,-0.058199544,0.44936457,0.84682626,-0.07618077,0.4257681,0.7716063,-0.020911327,0.45272666,0.7505046,-0.05070554,0.48132253,0.738718,-0.07153598,0.50922406,0.7307947,-0.08470813,0.38337675,0.7550025,-0.025349969,0.41837087,0.82219756,-0.05578161,0.41707578,0.8810597,-0.06471778,0.4077045,0.88819885,-0.06606254,0.34555158,0.77332807,-0.03322761,0.38194993,0.8597171,-0.061401024,0.3829432,0.9011763,-0.0578077,0.37563556,0.89404106,-0.0510427,0.31079593,0.8096583,-0.043941654,0.34062406,0.8840419,-0.061945505,0.3483642,0.9186158,-0.058049727,0.3440011,0.91283196,-0.050837427,point
0.35849518,0.96030974,1.1336196e-07,0.40579292,0.9414918,-0.017967958,0.44916782,0.9083442,-0.03699086,0.46968305,0.87354964,-0.057952575,0.4653429,0.8529157,-0.07873528,0.42805943,0.76909846,-0.022306912,0.4664726,0.7506645,-0.053791426,0.500096,0.7422308,-0.07543875,0.5307965,0.7394094,-0.08870415,0.38770723,0.7538165,-0.02878842,0.43342274,0.8288174,-0.060894568,0.4280313,0.88905877,-0.07003235,0.41577157,0.89853185,-0.0712729,0.3509783,0.77419835,-0.038259618,0.39452773,0.8681743,-0.06851075,0.39114895,0.9109427,-0.06543325,0.38224664,0.9061988,-0.058333077,0.31751204,0.81120825,-0.05016302,0.35119897,0.89159095,-0.069170326,0.35967886,0.93049616,-0.06464291,0.35777542,0.9297416,-0.056533687,point
0.3545524,0.9596098,1.3390756e-07,0.40748742,0.94082725,-0.016258517,0.45343035,0.9097974,-0.03660935,0.4784492,0.8775931,-0.059821025,0.48035496,0.86006,-0.08286667,0.43321535,0.7688022,-0.023723202,0.47880536,0.7530402,-0.05759103,0.51668745,0.7471421,-0.0804803,0.54973185,0.7456459,-0.0945571,0.3935568,0.7530474,-0.03199952,0.4455148,0.8350537,-0.0655906,0.43577036,0.89245534,-0.073875606,0.41971734,0.894526,-0.07500299,0.3573897,0.77466893,-0.04324927,0.40554804,0.87245154,-0.07444019,0.3983579,0.91074806,-0.07026483,0.386967,0.89867073,-0.06294534,0.3249613,0.81274444,-0.056817334,0.36054003,0.89805734,-0.07536799,0.36589515,0.9321704,-0.07002093,0.36142164,0.9248232,-0.061918262,point
0.34732568,0.95694405,9.1839624e-08,0.40571633,0.9395787,-0.0116405105,0.45406494,0.90700155,-0.02927667,0.4817197,0.8787635,-0.05021774,0.49402148,0.8554355,-0.07125965,0.43535128,0.76449126,-0.022628587,0.48603818,0.7524787,-0.05796055,0.5266389,0.74857277,-0.08242612,0.56300825,0.7460496,-0.09725669,0.39812917,0.74964726,-0.032500323,0.45677692,0.83575225,-0.06798182,0.44286242,0.8915948,-0.07649483,0.42272586,0.89518183,-0.07753915,0.36300224,0.77260435,-0.044970218,0.41606897,0.86898303,-0.07864277,0.40542623,0.9076662,-0.075298876,0.39130753,0.89744794,-0.06776647,0.33175597,0.81213367,-0.058982786,0.37092087,0.8955293,-0.07853195,0.3718967,0.9292323,-0.07338256,0.36439505,0.9225998,-0.06525652,point
0.34498847,0.9597717,8.6728036e-08,0.40514162,0.94155097,-0.010520995,0.4520134,0.90838593,-0.02764463,0.47900575,0.87908363,-0.04804034,0.49494803,0.85451794,-0.068162955,0.4382401,0.76258385,-0.022281185,0.48883003,0.7539338,-0.057470456,0.52840006,0.7499705,-0.082169615,0.56394315,0.745186,-0.09759462,0.40117458,0.74906015,-0.03319457,0.458624,0.8358185,-0.07035128,0.44308797,0.8906078,-0.080636114,0.42232615,0.8931453,-0.082897924,0.36531428,0.7726134,-0.046306532,0.41728112,0.8701464,-0.08159233,0.40596774,0.9092552,-0.07912313,0.391465,0.8986856,-0.07198435,0.3333296,0.8128672,-0.06068358,0.37271905,0.8951473,-0.081405655,0.37242937,0.9285833,-0.07660234,0.36398605,0.92041504,-0.06870433,point
0.34163147,0.9557651,8.7712735e-08,0.40611127,0.93797225,-0.0068305167,0.45499593,0.9035237,-0.021551557,0.48437643,0.87852496,-0.040040176,0.5064913,0.8540954,-0.05869402,0.43995655,0.7582908,-0.019385671,0.4975186,0.7505,-0.053739257,0.5402944,0.74882436,-0.07867992,0.57884276,0.74604994,-0.09476741,0.4037848,0.7471949,-0.031997476,0.46874893,0.8291667,-0.06769628,0.452165,0.8841607,-0.07777735,0.4308918,0.88629365,-0.08057289,0.36998063,0.77264994,-0.046533503,0.4299736,0.8651542,-0.08009059,0.41548362,0.906845,-0.07667254,0.39866143,0.89654565,-0.06952222,0.34049058,0.8149588,-0.062182743,0.38484332,0.8948522,-0.08176272,0.3808114,0.92715263,-0.076257795,0.36902726,0.9171284,-0.068341486,point
0.33234286,0.9511232,1.0312067e-07,0.40342832,0.93100834,-0.003182914,0.45536292,0.89535934,-0.018914713,0.49014047,0.8702346,-0.03935889,0.52114797,0.84368634,-0.060048748,0.4427033,0.7540848,-0.01678382,0.5067638,0.74738795,-0.051145237,0.5518552,0.7446686,-0.07600216,0.5910508,0.7426346,-0.09227106,0.40865567,0.7456685,-0.032332186,0.48291773,0.8208021,-0.06955709,0.46208087,0.87611175,-0.079403706,0.4360208,0.88020724,-0.08171734,0.37761095,0.7741686,-0.049486265,0.44659686,0.85978186,-0.084726304,0.42628154,0.90263844,-0.079996884,0.40273076,0.8938864,-0.07167126,0.3512017,0.819012,-0.0672776,0.40229598,0.8934759,-0.08795753,0.39490575,0.9249269,-0.08134265,0.37913185,0.9133568,-0.07274021,point
0.3224235,0.9475261,1.1750679e-07,0.4014462,0.9252857,0.00081355346,0.4553257,0.886876,-0.013843091,0.49195513,0.8609655,-0.034072503,0.5254065,0.8371161,-0.054478314,0.44147038,0.74893117,-0.013931591,0.50770617,0.7455343,-0.04688079,0.55524325,0.7437911,-0.07003826,0.593528,0.74390197,-0.08517515,0.40935743,0.74346906,-0.031781916,0.4872677,0.8153086,-0.06758746,0.4677323,0.8701472,-0.0751022,0.44147584,0.87329656,-0.07573673,0.38002113,0.7731282,-0.051018983,0.45243523,0.8563156,-0.08567939,0.43206814,0.89790744,-0.07964544,0.40661168,0.88777256,-0.07048934,0.35632095,0.8190086,-0.07053193,0.40766302,0.8928393,-0.0905678,0.39887068,0.9228699,-0.08318372,0.38084382,0.910358,-0.07440983,point
0.31984025,0.94624066,1.1788119e-07,0.3980084,0.92274195,0.0009944515,0.4501185,0.88694954,-0.014880307,0.48759183,0.864289,-0.036440257,0.52504396,0.83981717,-0.057984345,0.4411426,0.74757946,-0.015304883,0.50880337,0.74631315,-0.048967145,0.5567248,0.7450771,-0.07210512,0.59511644,0.7445508,-0.08697247,0.4101825,0.74325025,-0.033606578,0.4879233,0.8173978,-0.069205254,0.46738213,0.8697829,-0.07614317,0.4416547,0.870019,-0.0764979,0.3814618,0.77341205,-0.053261366,0.45464376,0.8566049,-0.08884475,0.43310186,0.89786625,-0.082161166,0.40751213,0.8869429,-0.07211321,0.3579796,0.8197255,-0.073061354,0.41021544,0.8919994,-0.09366234,0.4013756,0.9226839,-0.08530214,0.38299918,0.9107079,-0.07543944,point
0.31767803,0.9466884,1.1774844e-07,0.39518377,0.92198735,0.00183962,0.44843453,0.8858327,-0.013299006,0.48771814,0.86467576,-0.034286823,0.5262517,0.842489,-0.05511691,0.44168335,0.74863213,-0.013596486,0.5100384,0.74813676,-0.04616319,0.55814683,0.7469128,-0.06832088,0.59623957,0.74651915,-0.08252528,0.4118472,0.7448489,-0.03201737,0.48958853,0.8186395,-0.06672231,0.46893126,0.8698281,-0.07309303,0.44269812,0.87032133,-0.07307952,0.38361478,0.7745702,-0.05178463,0.4558147,0.8569186,-0.08662631,0.43388876,0.89731973,-0.07984177,0.40805104,0.88654023,-0.06977743,0.36019495,0.82036287,-0.07166046,0.412669,0.8923136,-0.09161055,0.40316597,0.9231406,-0.08314756,0.38402393,0.9118793,-0.07330924,point
0.31289333,0.9439541,1.13167054e-07,0.39128667,0.92109,0.0028274946,0.44618785,0.88572854,-0.011946666,0.48707208,0.86675984,-0.032792356,0.527309,0.84761375,-0.05354101,0.44107366,0.7477876,-0.012739012,0.51178193,0.7512247,-0.044132236,0.56086236,0.75064546,-0.06551759,0.5997641,0.7504495,-0.079459466,0.41283,0.74638295,-0.031766646,0.492115,0.8228917,-0.06603406,0.47005418,0.87242806,-0.07220744,0.4432094,0.87221396,-0.07225797,0.38594863,0.7773112,-0.051966406,0.45966515,0.85954505,-0.08634889,0.43542898,0.8990355,-0.07910473,0.40881786,0.8888463,-0.06895122,0.36355877,0.82390994,-0.072244935,0.4184502,0.89551,-0.09199103,0.4061216,0.9266283,-0.08332007,0.3855469,0.91654706,-0.07347194,point
0.31108913,0.9406877,1.1627016e-07,0.39135042,0.9203126,0.0034976185,0.44665906,0.88431334,-0.011280836,0.48899734,0.8659526,-0.032183178,0.5295461,0.84822434,-0.052957598,0.44224092,0.7472698,-0.012699666,0.5135578,0.75245625,-0.04286367,0.56326556,0.75264716,-0.06326575,0.60250175,0.7542383,-0.07676056,0.41526163,0.7465937,-0.032001697,0.4943678,0.8271839,-0.06503645,0.47171205,0.8759109,-0.070102565,0.44555,0.8750983,-0.069825016,0.38938344,0.77843,-0.052360315,0.46393636,0.8621372,-0.08519387,0.4379456,0.8999739,-0.07697929,0.41103643,0.8888948,-0.066876546,0.36768144,0.82598805,-0.07287009,0.42290768,0.900459,-0.09189766,0.4080676,0.9304844,-0.08321708,0.3869708,0.91924226,-0.073801816,point
0.30914456,0.9368894,1.1147612e-07,0.38988405,0.916649,0.00396718,0.4464223,0.88159394,-0.009892142,0.489862,0.86462045,-0.029893558,0.5313579,0.8478206,-0.049816728,0.44450337,0.7484918,-0.01123963,0.5156872,0.7550292,-0.040423237,0.56470394,0.755383,-0.060336955,0.6040025,0.75639856,-0.0736045,0.4185789,0.7491092,-0.030544696,0.49672166,0.82683927,-0.06322459,0.47420323,0.87402344,-0.0686001,0.44848132,0.8746619,-0.06839522,0.39314994,0.7804947,-0.05082883,0.467163,0.861038,-0.08300325,0.4403024,0.8979145,-0.07467614,0.4135203,0.88846946,-0.064346395,0.37104765,0.82713807,-0.07125101,0.42612502,0.8987633,-0.08972623,0.40969333,0.928437,-0.08086943,0.38812172,0.9183772,-0.071267605,point
0.31120208,0.9389758,1.3077441e-07,0.39148045,0.9177053,0.004320734,0.44697917,0.88321984,-0.010007472,0.4898927,0.86581737,-0.030725498,0.53193563,0.84911793,-0.051372204,0.4453695,0.7486479,-0.0112199895,0.51652014,0.7563198,-0.04136033,0.5652144,0.7572818,-0.06191273,0.6044233,0.7583162,-0.07542229,0.4191801,0.7490973,-0.031120012,0.49636236,0.8264047,-0.065229684,0.47298425,0.8737815,-0.07098459,0.44757208,0.87404263,-0.07056677,0.39363545,0.7802457,-0.051983945,0.4673662,0.8604637,-0.08512384,0.43997574,0.89763457,-0.076213665,0.4134764,0.8880981,-0.06502641,0.37110427,0.82650244,-0.07296493,0.42629796,0.89796036,-0.09159911,0.40933734,0.9277048,-0.0819728,0.38768527,0.91749346,-0.071577415,point
0.31125236,0.9358971,1.0257456e-07,0.39323473,0.91771394,0.0038762752,0.4495746,0.8825796,-0.0089126555,0.49213278,0.8633158,-0.027748277,0.534207,0.8447119,-0.04632624,0.44915006,0.7498753,-0.009524313,0.52020687,0.75556874,-0.037595674,0.5680935,0.7560773,-0.05659014,0.6067337,0.7562134,-0.06937102,0.4243168,0.75055194,-0.028324721,0.5010624,0.82594556,-0.06106125,0.47797877,0.87235516,-0.06675413,0.45318326,0.87343657,-0.066510804,0.39985558,0.781824,-0.04813672,0.4721076,0.8625518,-0.07961368,0.44437152,0.8969334,-0.07174228,0.41889697,0.8863948,-0.061784927,0.3783779,0.82828504,-0.06812555,0.43173218,0.9004344,-0.08594545,0.41320187,0.927026,-0.077901155,0.39201927,0.9143334,-0.06906314,point
0.31162345,0.93623626,9.2733856e-08,0.39230514,0.91770965,0.0036239147,0.44941482,0.88201636,-0.008876999,0.49362582,0.86288494,-0.027338654,0.5366261,0.8461584,-0.045428317,0.45031372,0.74941677,-0.0088237515,0.52101815,0.7569052,-0.036286935,0.5686337,0.7581549,-0.055182535,0.6076877,0.7572732,-0.06819474,0.42727572,0.7505637,-0.027591273,0.50289917,0.8269363,-0.06038344,0.47924605,0.8721689,-0.066525936,0.4542599,0.8727249,-0.0666157,0.40409666,0.78178114,-0.047381267,0.4751658,0.8622064,-0.07889767,0.44637412,0.8962251,-0.07114963,0.42109525,0.8861791,-0.06124303,0.38309807,0.828285,-0.06741113,0.43636343,0.9012619,-0.08548831,0.41650245,0.92810524,-0.07782139,0.39478078,0.91612357,-0.06924731,point
0.3125909,0.9356373,1.0033012e-07,0.3950245,0.9173254,0.004425086,0.4511124,0.88266987,-0.008081313,0.49497786,0.8636753,-0.026782997,0.5370861,0.8461257,-0.045196425,0.45221502,0.75121397,-0.008915776,0.5220714,0.7579166,-0.03656394,0.5696113,0.7594309,-0.05603359,0.6085193,0.75857365,-0.06946017,0.4294855,0.7524003,-0.028133951,0.50362706,0.8274007,-0.060366914,0.48099968,0.8708959,-0.066717096,0.4564656,0.8701683,-0.06725453,0.40611956,0.78364617,-0.048239376,0.47622854,0.861961,-0.07893864,0.4490751,0.89493024,-0.071037404,0.42407316,0.8847741,-0.06129927,0.3848755,0.8299284,-0.06857393,0.43763736,0.9011008,-0.086044505,0.41948053,0.9271839,-0.07795579,0.39815938,0.91538894,-0.06917262,point
0.3143587,0.9385045,1.10898924e-07,0.39500767,0.9192454,0.005178449,0.45092112,0.8842722,-0.0075723343,0.49556917,0.8653962,-0.026803823,0.5382042,0.8479581,-0.04577801,0.45297575,0.7534976,-0.008752146,0.52178985,0.757816,-0.03705123,0.56971985,0.7574583,-0.05651324,0.6078593,0.7550882,-0.069704734,0.42985052,0.7528949,-0.028671138,0.504045,0.82823735,-0.06171345,0.48140803,0.87449205,-0.06781501,0.45638886,0.8740758,-0.067717135,0.40629044,0.78326076,-0.049423978,0.47584835,0.8640297,-0.08133521,0.44823056,0.8993304,-0.07299387,0.42288345,0.8882469,-0.06244465,0.38416356,0.8286149,-0.070254825,0.43621317,0.9027859,-0.088208556,0.4175292,0.929839,-0.07945474,0.39595145,0.9169763,-0.06991245,point
0.3169397,0.9437115,1.2929426e-07,0.39759853,0.9240775,0.0050434005,0.4523155,0.88952535,-0.009127535,0.49552554,0.87070286,-0.02999176,0.5382305,0.8519865,-0.050736506,0.45174155,0.7560899,-0.010106539,0.51986116,0.7604348,-0.04101737,0.5685837,0.76090914,-0.06212151,0.60695016,0.76111734,-0.07593092,0.4262268,0.75335807,-0.030775804,0.50214255,0.83005214,-0.06592541,0.47954568,0.87951446,-0.072059594,0.4544827,0.87916213,-0.07149637,0.40107855,0.78233665,-0.052443333,0.47281414,0.8642295,-0.08670222,0.4457152,0.90369534,-0.07741994,0.4192528,0.8931889,-0.06561004,0.3781129,0.8270035,-0.074207276,0.4309993,0.9021193,-0.09375646,0.4138116,0.932896,-0.08394649,0.3919914,0.92135173,-0.07313336,point
0.3196574,0.94496447,1.4183502e-07,0.39948595,0.9265851,0.0032639287,0.45346302,0.89162064,-0.011498373,0.49634898,0.87230396,-0.03262086,0.53871995,0.8529425,-0.053555317,0.4525227,0.75628805,-0.011655542,0.5204858,0.7598879,-0.043703254,0.5698045,0.76004374,-0.06551541,0.6088196,0.7607602,-0.07976116,0.42516375,0.7517795,-0.03144564,0.5003344,0.8301285,-0.06715829,0.47741476,0.8797541,-0.07303153,0.4525626,0.8786612,-0.07240958,0.39839798,0.78037167,-0.052565128,0.46948776,0.8657075,-0.08738385,0.4432423,0.9044978,-0.078492485,0.41736144,0.89284337,-0.06710947,0.37453622,0.8251123,-0.074008144,0.42566717,0.902835,-0.09437018,0.4104879,0.9322206,-0.0856241,0.39032337,0.91904503,-0.07560228,point
0.32305688,0.94986045,1.3790012e-07,0.40216416,0.93099475,0.0010840544,0.45487884,0.8957843,-0.014799482,0.4954911,0.87438333,-0.036419645,0.5360005,0.8526244,-0.05766846,0.4528457,0.7600586,-0.015638644,0.5189708,0.75940424,-0.049919397,0.5682455,0.75993925,-0.07307683,0.6068826,0.76118326,-0.08775612,0.42291582,0.75288486,-0.034462467,0.49737784,0.82934755,-0.071289234,0.47582012,0.8823978,-0.07713021,0.45057264,0.8827838,-0.07619895,0.39398968,0.78028315,-0.054835364,0.46364087,0.86661184,-0.09134893,0.44079632,0.9073143,-0.08347759,0.41590136,0.8951051,-0.07230403,0.36921716,0.82476693,-0.07546914,0.41879353,0.90122133,-0.09636748,0.40794453,0.93125784,-0.087523654,0.38911313,0.9176326,-0.077308685,point
0.32466096,0.95030737,1.3609427e-07,0.40322095,0.9301112,-0.00011959867,0.45478237,0.8967012,-0.017341854,0.49346712,0.8764611,-0.040229782,0.5323267,0.8543547,-0.06300073,0.45162606,0.75838727,-0.017855493,0.5172419,0.75794387,-0.052521862,0.5662323,0.7591172,-0.07631707,0.6046046,0.7613026,-0.09141856,0.42040727,0.751737,-0.03607678,0.4927166,0.8317374,-0.07253375,0.47156748,0.88382125,-0.07892678,0.44585368,0.88286173,-0.0788505,0.38984692,0.7799458,-0.055819616,0.4590787,0.8664616,-0.092113584,0.43812233,0.90705174,-0.08494434,0.41351914,0.8950086,-0.07457153,0.36375493,0.82508665,-0.075803205,0.41277987,0.9007001,-0.09686053,0.40477207,0.93114984,-0.088246025,0.38753363,0.918526,-0.07819637,point
0.32699928,0.951947,1.3937061e-07,0.40343633,0.93072456,-0.0025024954,0.45471615,0.898789,-0.021098763,0.4912219,0.87864894,-0.04499338,0.52839166,0.85453486,-0.0689528,0.44907907,0.7586464,-0.021717783,0.51469535,0.75908667,-0.05678183,0.56240076,0.759226,-0.08051234,0.5999783,0.75972855,-0.09558019,0.4163052,0.75207984,-0.0390516,0.48803896,0.8343579,-0.07661958,0.46681556,0.8870558,-0.08378622,0.44152948,0.8851068,-0.08397692,0.3845146,0.7800108,-0.057793427,0.4528852,0.8691165,-0.09476297,0.43211618,0.9103619,-0.0875675,0.4085279,0.8980554,-0.07689937,0.35716704,0.82442504,-0.07695103,0.40643752,0.89854807,-0.09876089,0.3996406,0.9302691,-0.090043075,0.38388315,0.9189928,-0.079512104,point
0.32914937,0.95085126,1.0630104e-07,0.40590113,0.9322714,-0.00011738987,0.45841944,0.90035695,-0.016362425,0.49375823,0.87918377,-0.03815479,0.52730227,0.8561504,-0.060090788,0.45094216,0.7598319,-0.018686583,0.51504695,0.7593204,-0.053249888,0.5611584,0.7591895,-0.07721839,0.59850323,0.7592118,-0.0925214,0.4176713,0.75160605,-0.036269024,0.48795086,0.83255714,-0.07202482,0.4677136,0.88377476,-0.07936555,0.44297966,0.88202244,-0.080338836,0.38551614,0.77887464,-0.055114143,0.452414,0.86727774,-0.09031365,0.43376133,0.9081482,-0.08400943,0.4110094,0.89637876,-0.07458781,0.3581392,0.82293886,-0.074206606,0.4062004,0.8981788,-0.09412301,0.4004116,0.9289917,-0.08568355,0.38479555,0.91716003,-0.07601612,point
0.33221433,0.95562726,1.2989892e-07,0.406166,0.93700266,-0.0024054858,0.45721012,0.90360427,-0.018669605,0.49040887,0.88076824,-0.039901722,0.5219759,0.85685605,-0.06122803,0.4474689,0.7599653,-0.021110484,0.510477,0.75674796,-0.05535876,0.555882,0.7553315,-0.07941,0.59265894,0.7540305,-0.09497789,0.4131749,0.7505224,-0.037557427,0.4815632,0.833514,-0.07524329,0.46286285,0.88733214,-0.08418215,0.4387165,0.88874996,-0.08563038,0.38010833,0.77701354,-0.05515188,0.44472843,0.86750066,-0.09137377,0.4271831,0.90983737,-0.08587583,0.40563348,0.900025,-0.07657775,0.35156772,0.82024103,-0.073183544,0.39887053,0.8982052,-0.09426207,0.39372095,0.93027973,-0.086757556,0.3796474,0.9199528,-0.07726034,point
0.3350963,0.95888,1.12129015e-07,0.40790322,0.9395877,-0.00350504,0.45658514,0.9046191,-0.019129096,0.48605654,0.8789052,-0.039298885,0.51290727,0.85413903,-0.05958222,0.44314244,0.75983286,-0.022500787,0.5029277,0.7526405,-0.055406097,0.54556054,0.7507509,-0.07838949,0.58059704,0.7488701,-0.09347378,0.40734896,0.7494781,-0.03763785,0.47276905,0.8306792,-0.07399113,0.4566455,0.88627726,-0.083001785,0.43443167,0.8903592,-0.084821746,0.3733343,0.77563816,-0.05373029,0.4334857,0.8680594,-0.0879151,0.41941944,0.9097875,-0.08288484,0.40030515,0.9014561,-0.074433215,0.34389514,0.81811666,-0.07043568,0.3878332,0.8957745,-0.089921474,0.38564017,0.9276453,-0.08274131,0.37404656,0.9188682,-0.0737747,point
0.33846217,0.9605405,8.301988e-08,0.40729335,0.9418058,-0.0060738823,0.45540437,0.90720606,-0.022308355,0.48376644,0.8772293,-0.04271031,0.50148547,0.853547,-0.06302612,0.44216734,0.7630048,-0.022414101,0.49613965,0.75260264,-0.055533763,0.53737193,0.74959177,-0.0784918,0.57196766,0.7470518,-0.093490355,0.40455383,0.7486071,-0.036031976,0.46290135,0.8296754,-0.07208336,0.44691175,0.88460076,-0.080973,0.4254479,0.8864507,-0.082854666,0.36882624,0.7724384,-0.05100242,0.42292798,0.8679885,-0.08574861,0.40998477,0.9079422,-0.082111925,0.39211363,0.89714986,-0.07477176,0.3380629,0.81378436,-0.06676693,0.37840012,0.8967962,-0.08695049,0.37642795,0.92864114,-0.08140788,0.36480045,0.91795087,-0.07375956,point
0.34195632,0.9627766,9.8794274e-08,0.40645537,0.9431488,-0.009758603,0.45468318,0.9093218,-0.027977088,0.48308566,0.8750742,-0.0500902,0.48556966,0.85463786,-0.071938105,0.43926436,0.76315904,-0.022274334,0.48825172,0.7511267,-0.055288773,0.52696085,0.74658996,-0.07722636,0.5604179,0.7432675,-0.09138517,0.40032116,0.7479955,-0.03478524,0.45365685,0.8271882,-0.07174106,0.43823874,0.88537425,-0.08023495,0.4191255,0.8878861,-0.08095346,0.36350524,0.77021444,-0.049233835,0.41255093,0.8685845,-0.08444543,0.40270796,0.91072637,-0.080828756,0.38893878,0.9014827,-0.072931185,0.33173886,0.8100015,-0.065024756,0.3685286,0.89486605,-0.08524787,0.36794007,0.9291423,-0.08038768,0.35822198,0.92005557,-0.072928965,point
0.3458474,0.96644986,1.11378185e-07,0.40628862,0.9441476,-0.012996676,0.45121613,0.9099229,-0.032374945,0.47387516,0.8728174,-0.054983348,0.47533044,0.8442398,-0.077150084,0.4300198,0.76155674,-0.023170361,0.47505808,0.7473878,-0.054590527,0.5121963,0.7413329,-0.076400444,0.544748,0.7362013,-0.091006145,0.39054903,0.7463037,-0.03411297,0.44062406,0.82447374,-0.06833441,0.42817563,0.8828554,-0.07772786,0.41026095,0.8853442,-0.080149375,0.35413972,0.7696259,-0.047133856,0.40153304,0.8653823,-0.07939589,0.394145,0.90896034,-0.07554524,0.38077018,0.9013579,-0.06866064,0.3225937,0.8117703,-0.06201865,0.3587154,0.89384013,-0.08175394,0.35963854,0.9287981,-0.07728693,0.3496029,0.92184764,-0.07024047,point
0.35283685,0.96683747,1.10416174e-07,0.40153298,0.9456923,-0.020695375,0.4453343,0.9074775,-0.0420712,0.46424168,0.8656449,-0.065093935,0.45491117,0.8414135,-0.087283276,0.423924,0.7651525,-0.026568986,0.46056458,0.7441614,-0.058343835,0.494349,0.7342756,-0.079939544,0.52502686,0.7267656,-0.094254084,0.38143298,0.74849224,-0.033205133,0.4215822,0.82150084,-0.06718216,0.41774756,0.884236,-0.07555809,0.40667886,0.8898519,-0.07688825,0.3437367,0.76809454,-0.043011546,0.38432872,0.860659,-0.073918484,0.3836992,0.9028555,-0.069477074,0.373366,0.8942555,-0.062232226,0.311428,0.8065872,-0.05565075,0.34529763,0.8840134,-0.07508279,0.3502832,0.9166291,-0.07174792,0.3407453,0.9097723,-0.06535843,point
0.3586716,0.96979296,1.07496696e-07,0.40019214,0.94853926,-0.022994466,0.44209707,0.90773875,-0.04328698,0.451578,0.86576426,-0.06423838,0.431096,0.8408633,-0.08445583,0.41752824,0.764165,-0.02396834,0.44289178,0.7452558,-0.053757865,0.47001818,0.7297462,-0.07491354,0.4972818,0.71613216,-0.0890428,0.37275887,0.74763465,-0.028488802,0.40080923,0.81803066,-0.059259087,0.40355203,0.8794515,-0.06866402,0.3995206,0.886403,-0.071025506,0.3332661,0.7678904,-0.036436506,0.36486334,0.8555584,-0.064739406,0.37108707,0.896211,-0.061706025,0.36723155,0.88762265,-0.056066837,0.2983098,0.8072704,-0.047426283,0.3253623,0.88327384,-0.066145994,0.33697954,0.9155023,-0.063895084,0.3355062,0.9075718,-0.058464296,point
0.35724437,0.9686556,3.269622e-08,0.39686,0.9498044,-0.021412471,0.43992013,0.9021153,-0.036241364,0.42642945,0.86364645,-0.05020351,0.39205065,0.84359264,-0.06306808,0.40821016,0.76966554,-0.021294363,0.42252433,0.7427906,-0.045821995,0.43380564,0.7250811,-0.061715845,0.44716096,0.7105744,-0.072050974,0.35916784,0.74940443,-0.022768006,0.37169483,0.81934273,-0.047808398,0.37951753,0.8781448,-0.054562956,0.38396138,0.8851355,-0.055692773,0.31714022,0.76644915,-0.027215553,0.33313105,0.8546308,-0.05066166,0.3459538,0.8948296,-0.046900723,0.3522754,0.8858244,-0.04168808,0.27989018,0.8007772,-0.03431622,0.2976911,0.8710398,-0.0496805,0.31163386,0.9070164,-0.04584188,0.31677517,0.90220934,-0.03956653,point
0.35809302,0.9676421,1.5011723e-08,0.39863852,0.9482083,-0.022726297,0.44124162,0.9032282,-0.03856013,0.42815942,0.8658917,-0.052909106,0.39546594,0.8453712,-0.066444285,0.40719265,0.76851505,-0.025551563,0.42105258,0.74543226,-0.04991764,0.43113008,0.7257159,-0.06713599,0.44474843,0.7079967,-0.07881335,0.3576685,0.7490997,-0.026002942,0.36810642,0.8262015,-0.050931763,0.37595934,0.88113135,-0.058238722,0.38369766,0.89240384,-0.06029846,0.3155476,0.76707363,-0.029212467,0.33103788,0.856735,-0.05226013,0.34414983,0.89484364,-0.04845168,0.35298067,0.8920336,-0.043578092,0.2791868,0.802817,-0.035382655,0.29597527,0.8735651,-0.051752932,0.31293863,0.9087144,-0.04898351,0.3224906,0.90731376,-0.043344747,point
0.35144085,0.96722454,-4.1396608e-10,0.39028218,0.95059836,-0.024195414,0.4330677,0.90127885,-0.04083699,0.41373587,0.86213315,-0.055862222,0.37618527,0.84227353,-0.068717025,0.40461218,0.77396667,-0.024454042,0.4108875,0.7456478,-0.05392196,0.41308165,0.7263161,-0.07206913,0.4174366,0.71317226,-0.082799695,0.35275307,0.7519001,-0.025218708,0.35765326,0.82638574,-0.055283673,0.3679605,0.8854761,-0.0614567,0.37482974,0.88896614,-0.060596816,0.3095014,0.7678337,-0.029797984,0.31887972,0.8571676,-0.056173887,0.3342125,0.8963289,-0.04986675,0.34179965,0.88522905,-0.042386524,0.27120692,0.80162275,-0.037601825,0.2860308,0.87690026,-0.056023058,0.303819,0.91371536,-0.05226738,0.31250554,0.9066361,-0.045103498,point
0.34071982,0.96761334,-5.752709e-08,0.37843043,0.95684457,-0.028583903,0.41831413,0.91255414,-0.0465005,0.3962866,0.8739094,-0.061708532,0.36035085,0.84971184,-0.073700115,0.3972588,0.7788061,-0.026691262,0.4016457,0.74283755,-0.059467103,0.3928806,0.72508264,-0.078807496,0.38294274,0.7136294,-0.08949273,0.347505,0.7536492,-0.025568454,0.33814228,0.8282484,-0.059202787,0.34787425,0.88948125,-0.06593388,0.35839182,0.89209914,-0.06465091,0.30377308,0.766482,-0.029204937,0.3005904,0.85875404,-0.05883154,0.31716245,0.8989551,-0.05234281,0.3296041,0.88578546,-0.043673497,0.26474375,0.7966109,-0.03642485,0.26919734,0.87260693,-0.057052784,0.28568995,0.911433,-0.05335772,0.29770315,0.9046042,-0.045375247,point
0.3366919,0.9723405,-3.493162e-08,0.37284526,0.96021235,-0.03384723,0.40529853,0.91611135,-0.052939262,0.37729198,0.88063014,-0.06798162,0.34511408,0.85186,-0.07951544,0.3875012,0.7774734,-0.031047756,0.38671312,0.7486949,-0.06622317,0.37322414,0.73010963,-0.08809811,0.35733396,0.7100955,-0.10165153,0.3376979,0.7536326,-0.028863413,0.31701845,0.8224927,-0.06539909,0.3323727,0.8875292,-0.073988415,0.34865618,0.89292824,-0.07367716,0.29393256,0.7685995,-0.032002036,0.28135195,0.859482,-0.06606959,0.3040533,0.90588915,-0.060789194,0.32294324,0.89460063,-0.051813774,0.25683478,0.8023277,-0.03910928,0.2550187,0.88056445,-0.06569545,0.27851194,0.9243306,-0.06422517,0.29825816,0.9186704,-0.056758676,point
0.33465362,0.9737465,-1.38530245e-08,0.36985633,0.9583725,-0.039606776,0.39518556,0.91171354,-0.05888365,0.3636644,0.8797229,-0.07229416,0.32977238,0.85383546,-0.08067594,0.3754794,0.7797011,-0.036300354,0.37196723,0.7473543,-0.07454944,0.35736802,0.7296771,-0.09702538,0.3400744,0.7062863,-0.11024492,0.3261557,0.757714,-0.031164376,0.30207345,0.8311778,-0.068171926,0.32281113,0.89369607,-0.07523801,0.34169182,0.892286,-0.07398339,0.283513,0.7739171,-0.032568835,0.26720136,0.8645688,-0.06690698,0.29470283,0.9106348,-0.060871597,0.31501776,0.89658815,-0.05141688,0.24917296,0.80865693,-0.038698215,0.2420438,0.8841412,-0.065178886,0.2685239,0.9247323,-0.06374693,0.28819603,0.9180517,-0.05627985,point
0.33079326,0.97214997,-3.293431e-08,0.36602864,0.9570202,-0.044646166,0.388475,0.9097434,-0.06465706,0.35143027,0.87813365,-0.07735752,0.31395546,0.85294217,-0.08410782,0.366488,0.7804221,-0.04092239,0.3598967,0.74523705,-0.0812671,0.34203124,0.7278481,-0.10338626,0.32048884,0.70272076,-0.1158847,0.3167313,0.76051766,-0.034128338,0.2905589,0.8317614,-0.072663136,0.31308255,0.8964017,-0.078125484,0.33265835,0.89281064,-0.07517027,0.27482274,0.7770049,-0.03468778,0.25579995,0.86165935,-0.072076015,0.28532112,0.91100156,-0.06462484,0.30584303,0.89654815,-0.05328142,0.24180228,0.8123673,-0.04037982,0.23289788,0.8836264,-0.06931387,0.26174775,0.92318565,-0.067520194,0.28215575,0.9159577,-0.059116427,point
0.32781076,0.97507584,-6.505648e-08,0.3632434,0.9550292,-0.044739556,0.38392895,0.9042678,-0.06400928,0.34278882,0.8745745,-0.07576287,0.30198854,0.8532659,-0.081179805,0.35841307,0.7805986,-0.041053433,0.34810367,0.7422088,-0.08238433,0.3280035,0.72462523,-0.103614174,0.30424467,0.697953,-0.114600375,0.3087613,0.765915,-0.033869345,0.2827794,0.83256316,-0.07122819,0.30672565,0.8979331,-0.07377972,0.32617864,0.89149725,-0.06861056,0.26756972,0.7833575,-0.034395672,0.24717061,0.86120754,-0.071402855,0.27872434,0.91241527,-0.06182573,0.29961956,0.8974066,-0.048669193,0.23554185,0.8184402,-0.040083062,0.22394925,0.8834912,-0.06710134,0.25339988,0.92212397,-0.06302972,0.27341056,0.91574174,-0.053096775,point
0.3282176,0.9727918,-4.4127653e-08,0.3621259,0.9489703,-0.046900634,0.3781947,0.89263225,-0.06658619,0.3280939,0.8661538,-0.07816623,0.28167018,0.84784216,-0.08336455,0.34591323,0.7722793,-0.043452267,0.33035228,0.7330173,-0.08558557,0.30760783,0.71561384,-0.10748111,0.28072438,0.68675196,-0.11908289,0.29569027,0.7647619,-0.03494766,0.27024686,0.8284375,-0.07258715,0.29994917,0.8946994,-0.07463784,0.32075956,0.8879624,-0.06916504,0.25635538,0.78603846,-0.034287356,0.2355825,0.85883427,-0.07233343,0.27218685,0.91135013,-0.0626738,0.29469967,0.8965857,-0.049120117,0.22666645,0.82312626,-0.03881342,0.21601701,0.8827422,-0.06641048,0.24861152,0.9216627,-0.06213575,0.26947653,0.9159971,-0.051933922,point
0.32716313,0.9711434,-3.8691823e-08,0.3590759,0.94274914,-0.050689586,0.36738443,0.8852579,-0.07173725,0.31309232,0.86193573,-0.0834374,0.2649001,0.8432611,-0.08920632,0.33297604,0.76393884,-0.046876226,0.31372827,0.7263698,-0.08741568,0.28945756,0.70602953,-0.109947905,0.26024792,0.67534626,-0.12321414,0.28472522,0.7622911,-0.03666381,0.25469613,0.82264566,-0.0731557,0.28757495,0.8900689,-0.07543923,0.31071836,0.8853782,-0.070583686,0.24706197,0.78756666,-0.034112554,0.22190545,0.8536817,-0.07261182,0.26145887,0.9080696,-0.06261336,0.28515798,0.89464754,-0.04878619,0.21882585,0.8281373,-0.036848392,0.203849,0.8808642,-0.06600099,0.23821205,0.9196273,-0.060946513,0.2600588,0.9148822,-0.049951106,point
0.32233402,0.96855164,-8.68781e-08,0.35505593,0.9382308,-0.05008216,0.36185318,0.8794313,-0.070759244,0.30625686,0.8563905,-0.0820851,0.25538257,0.8409909,-0.08793613,0.3264264,0.7597925,-0.046153154,0.30224913,0.7196827,-0.08437497,0.2738511,0.6982414,-0.10628154,0.24291773,0.66759133,-0.120033145,0.27942654,0.75809044,-0.036085915,0.24648726,0.82017,-0.073299505,0.27973977,0.8864041,-0.076775916,0.30657294,0.8869673,-0.07262482,0.24278568,0.78318244,-0.033200216,0.21606669,0.8486648,-0.07243238,0.25472876,0.9024929,-0.06319158,0.28017113,0.8937567,-0.04956889,0.2164128,0.8224042,-0.035555013,0.20077029,0.8745317,-0.06614921,0.23410049,0.9135388,-0.061876293,0.25652924,0.9118539,-0.0510671,point
0.32152498,0.97008497,-5.5440882e-08,0.3524747,0.93478686,-0.048329767,0.35520983,0.87360907,-0.06906253,0.2976072,0.8527649,-0.08115733,0.24705836,0.8369858,-0.08781823,0.31962872,0.7567224,-0.04373013,0.2939095,0.7120013,-0.080975935,0.26550412,0.69008535,-0.10222084,0.23384613,0.65961623,-0.11589462,0.27316406,0.7605892,-0.034897607,0.24270137,0.81599647,-0.07259369,0.27807137,0.8817403,-0.07668035,0.30376107,0.88085437,-0.072954476,0.23697484,0.78924024,-0.032974217,0.21003753,0.8475059,-0.07232737,0.251558,0.90027475,-0.06257607,0.2771279,0.89015645,-0.048842177,0.2106409,0.83057487,-0.036022715,0.19466776,0.87690103,-0.06626863,0.22926039,0.9150108,-0.061109908,0.25142118,0.9109656,-0.049998134,point
0.32361037,0.9768276,-6.8960816e-08,0.35330862,0.93936,-0.05169751,0.35447526,0.8744045,-0.07273305,0.29592064,0.8512392,-0.084445946,0.24348763,0.83566326,-0.08968509,0.31487978,0.75275624,-0.04360961,0.28718287,0.7082169,-0.0810575,0.25881517,0.68515116,-0.10122751,0.2286737,0.6528241,-0.1136915,0.2677276,0.75901276,-0.033004116,0.23999941,0.81629276,-0.069884956,0.2760111,0.88026047,-0.0719801,0.30014473,0.8729194,-0.06654919,0.23105209,0.78906214,-0.030104518,0.2070875,0.8481225,-0.069462076,0.24867557,0.89912593,-0.05883188,0.27233943,0.8856067,-0.044030823,0.2043495,0.8317414,-0.032682493,0.19194767,0.87403345,-0.062501475,0.22579637,0.90894926,-0.057133865,0.24570641,0.90460336,-0.045522224,point
0.32602185,0.979407,-5.2438615e-08,0.3535004,0.93745446,-0.053826742,0.35364357,0.86891085,-0.07461429,0.29395565,0.8447877,-0.08547106,0.24103914,0.8279085,-0.08991271,0.31160757,0.7519415,-0.043753065,0.28484362,0.7045593,-0.078834996,0.2579989,0.68019956,-0.09798545,0.22855777,0.6459664,-0.11067824,0.2656911,0.7623638,-0.032633055,0.23898052,0.8108447,-0.06944371,0.27618608,0.87259674,-0.0725702,0.29966706,0.8658075,-0.06806649,0.23042808,0.79409873,-0.029219799,0.20608671,0.8453696,-0.070313685,0.24986076,0.8963937,-0.061373957,0.27377585,0.88378936,-0.047598667,0.20473467,0.8379782,-0.031237196,0.19221899,0.8755686,-0.06366983,0.23009413,0.91040146,-0.059698045,0.25188443,0.90677416,-0.049002543,point
0.32509246,0.9788554,-4.280086e-08,0.35105318,0.9349463,-0.055400882,0.34810197,0.86773247,-0.076840855,0.2884304,0.84342265,-0.08816739,0.23646022,0.8214105,-0.092938885,0.3103837,0.74928033,-0.043849986,0.27944463,0.69733083,-0.078153774,0.25018084,0.6724296,-0.096493274,0.21806943,0.6384739,-0.10867965,0.26560393,0.7620239,-0.032137383,0.23519897,0.80527747,-0.07026155,0.27218688,0.8693609,-0.07379095,0.29637045,0.8635707,-0.068900585,0.23015657,0.7939884,-0.028210282,0.20313923,0.83907956,-0.07113424,0.24538648,0.89243,-0.062322654,0.2674898,0.8789912,-0.047867462,0.20403989,0.836531,-0.029603515,0.18886065,0.86970985,-0.06271568,0.22630346,0.9058867,-0.057911158,0.24753991,0.9019619,-0.046278898,point
0.32513398,0.9830275,-5.5524655e-08,0.34985432,0.93471545,-0.057114683,0.34355935,0.8671167,-0.07856937,0.2832185,0.84369814,-0.08982512,0.23100306,0.8213469,-0.0945576,0.30788648,0.7516528,-0.04301593,0.27531946,0.6937088,-0.07667685,0.24533242,0.6691055,-0.094848976,0.21198934,0.63713276,-0.10678239,0.26547843,0.7676846,-0.030447783,0.22916487,0.80427575,-0.06951097,0.26468185,0.8684631,-0.07455958,0.28923205,0.8650759,-0.070040286,0.23114929,0.8008428,-0.025816636,0.19846174,0.8381162,-0.06985146,0.24052885,0.8922679,-0.06253894,0.26289085,0.8801241,-0.048207365,0.20525263,0.8433897,-0.026558964,0.185144,0.8706303,-0.06089061,0.2222944,0.9066442,-0.057153028,0.2440268,0.9030402,-0.045751683,point
0.32511044,0.98657036,-8.214849e-08,0.35009152,0.93541723,-0.053462666,0.34246033,0.8627912,-0.072431155,0.28053537,0.84087926,-0.08215844,0.22874682,0.8228725,-0.08562249,0.3057597,0.7561216,-0.03908186,0.2712932,0.6927709,-0.07165095,0.24045132,0.667148,-0.08863191,0.20704786,0.6346247,-0.0993472,0.26391423,0.7767777,-0.027871074,0.22875738,0.80035967,-0.06704445,0.2624631,0.86387986,-0.07195259,0.2854769,0.86356354,-0.066824555,0.22997148,0.8110249,-0.024241263,0.19592732,0.83414274,-0.06812898,0.23719764,0.88931364,-0.059998304,0.25964957,0.8829908,-0.044407856,0.2041648,0.85440516,-0.025654227,0.181584,0.86761916,-0.058516808,0.21731329,0.9031561,-0.05292691,0.23859262,0.9052095,-0.04011811,point
0.32511467,0.98814285,-1.080038e-07,0.34964275,0.9350155,-0.050475903,0.33927083,0.8624802,-0.068643115,0.27677494,0.84234154,-0.078590676,0.22410573,0.8254385,-0.08277031,0.30131948,0.75344354,-0.033077903,0.26593697,0.6948159,-0.06394547,0.23426796,0.6708979,-0.081523575,0.20032072,0.64071983,-0.09336671,0.25993273,0.77275723,-0.023369217,0.22469614,0.80015516,-0.06293958,0.25827852,0.8623837,-0.070480235,0.28216147,0.86492366,-0.06716245,0.22696109,0.80758995,-0.020835677,0.19298355,0.8338612,-0.06479119,0.23511581,0.88837975,-0.05812243,0.25911397,0.88543344,-0.043343972,0.20225377,0.8521417,-0.023087267,0.17882513,0.86712,-0.05674424,0.21489514,0.90299445,-0.052155793,0.23700756,0.9054266,-0.03985912,point
0.32489204,0.9887752,-9.729665e-08,0.34813246,0.93543166,-0.050772063,0.3368933,0.86455476,-0.0701697,0.27559757,0.8425344,-0.08178151,0.22336955,0.8243719,-0.08818582,0.3002409,0.7542055,-0.03306702,0.2644252,0.69818264,-0.06343353,0.23209804,0.6729319,-0.081401154,0.19803523,0.6430534,-0.0938986,0.2587635,0.7733195,-0.023286922,0.22178555,0.8008748,-0.06373301,0.25580046,0.86174357,-0.07222098,0.2818168,0.86601096,-0.069271654,0.22640127,0.80851465,-0.020456217,0.19021982,0.8348156,-0.06489975,0.23215409,0.88794637,-0.058721837,0.25836837,0.8868833,-0.044194467,0.20265886,0.8531294,-0.022390496,0.17759451,0.8692933,-0.057375334,0.21335445,0.9050418,-0.05378871,0.23726922,0.9074846,-0.042019166,point
0.3251843,0.98406,-8.780016e-08,0.34738672,0.9321593,-0.052688524,0.334829,0.8646477,-0.07269035,0.27370965,0.84604985,-0.0840588,0.22221929,0.828759,-0.08995363,0.2984906,0.75284034,-0.03723687,0.26078126,0.69877267,-0.06761627,0.22759241,0.67412484,-0.0850157,0.19296202,0.64464945,-0.096970454,0.25715667,0.77128613,-0.026242716,0.21986781,0.8044455,-0.06533564,0.25485036,0.8641576,-0.07252572,0.28166428,0.8662953,-0.06901764,0.22492547,0.8051987,-0.022306498,0.18973842,0.8389314,-0.06580943,0.23227055,0.89087015,-0.059908614,0.2586241,0.8865285,-0.045886673,0.20181352,0.8474089,-0.02330988,0.1772455,0.87075406,-0.05727531,0.21369609,0.906281,-0.05388732,0.23794772,0.9064257,-0.04256874,point
0.32595983,0.98380506,-1.0856524e-07,0.3489567,0.93284345,-0.052944105,0.3375168,0.8667288,-0.07197942,0.2746958,0.85190386,-0.081827365,0.22375813,0.8344545,-0.08551934,0.29877672,0.7556872,-0.038068756,0.25978288,0.70242715,-0.06905568,0.22634645,0.6794293,-0.085780255,0.19092175,0.64962685,-0.0971627,0.25677502,0.77189827,-0.026895246,0.22182578,0.8086498,-0.0643478,0.25840098,0.8697384,-0.069570415,0.28474098,0.86821634,-0.06531039,0.22353864,0.8040127,-0.02320657,0.19126426,0.8430405,-0.066146754,0.2345899,0.8963898,-0.059590083,0.2587363,0.88702244,-0.045600913,0.1993117,0.8452477,-0.024520464,0.1770521,0.8737182,-0.057198297,0.2136272,0.9093707,-0.05326815,0.23548536,0.90673393,-0.042085968,point
0.32675466,0.98337656,-1.3193147e-07,0.34951138,0.93548506,-0.055526167,0.3387995,0.8707294,-0.075939715,0.27627736,0.8530484,-0.08629124,0.22425014,0.835426,-0.09020307,0.30152842,0.7567791,-0.04297067,0.2636458,0.70588523,-0.07624435,0.22970459,0.6844398,-0.09426665,0.19371325,0.65458894,-0.106400885,0.25856042,0.77060527,-0.03117231,0.22214268,0.81196433,-0.06955289,0.2579131,0.8756036,-0.07393676,0.28465718,0.8710194,-0.069019206,0.22417271,0.80145055,-0.02713001,0.19074228,0.84438956,-0.07103243,0.23335429,0.898508,-0.0637464,0.25847864,0.8869106,-0.049183086,0.19955672,0.84176433,-0.02837268,0.17715245,0.8734726,-0.06221935,0.2131752,0.9092531,-0.05814888,0.23574731,0.90672064,-0.046512306,point
0.32603252,0.98194313,-1.2786295e-07,0.34778407,0.93481517,-0.05291656,0.33713394,0.87219596,-0.073079474,0.2762623,0.8545353,-0.08391635,0.22547813,0.83653647,-0.089254856,0.30281717,0.7584145,-0.04098178,0.2650555,0.7056298,-0.07283704,0.22949377,0.6832739,-0.0918833,0.19271053,0.65625733,-0.105120115,0.26078096,0.771211,-0.02969987,0.22243913,0.812659,-0.06759917,0.25622463,0.87430453,-0.07447625,0.28487146,0.87586707,-0.07156716,0.2273403,0.8010949,-0.025466098,0.19324115,0.8427991,-0.067479,0.23339291,0.8947401,-0.062255118,0.25982285,0.88924056,-0.0495711,0.2040537,0.84024495,-0.026262363,0.1809653,0.8712857,-0.060066957,0.21605052,0.9077712,-0.057447277,0.2404974,0.90951484,-0.046881057,point
0.32348308,0.97997075,-1.2984707e-07,0.34797072,0.9333796,-0.05511705,0.33884335,0.87284994,-0.07759021,0.27931374,0.85528904,-0.09022376,0.22797196,0.83835495,-0.097032174,0.30325606,0.75576615,-0.04759328,0.26757655,0.70645195,-0.08446393,0.23314948,0.6866448,-0.10634613,0.19560154,0.6590456,-0.12104714,0.2597679,0.7679805,-0.03673774,0.22043177,0.81336546,-0.079593614,0.25700915,0.8786087,-0.08716037,0.28630054,0.88009024,-0.08392502,0.2252642,0.7981719,-0.033172995,0.19061172,0.84575045,-0.07865749,0.23297149,0.9012226,-0.072263114,0.25965568,0.89389944,-0.05825863,0.20173907,0.8381414,-0.03485833,0.17780946,0.87654567,-0.06992933,0.21481241,0.9142662,-0.06644063,0.24009575,0.9130231,-0.055072643,point
0.32195717,0.97680783,-1.0759104e-07,0.3495552,0.93145967,-0.053980533,0.3443789,0.86838645,-0.07642915,0.28428665,0.8505936,-0.08909777,0.23184624,0.8359663,-0.096082196,0.30374873,0.7518467,-0.04802456,0.27400184,0.707233,-0.08663025,0.24241517,0.68542075,-0.10915993,0.20692298,0.65615916,-0.12370717,0.2586504,0.7645873,-0.03832393,0.2243051,0.8074092,-0.08133242,0.25951275,0.8713787,-0.08804638,0.28541604,0.8721827,-0.08386795,0.22414331,0.7954297,-0.03590943,0.19420357,0.84564984,-0.08245552,0.23836322,0.8988874,-0.07546505,0.26441365,0.8889087,-0.060586955,0.20046362,0.8369577,-0.038580135,0.17978631,0.877007,-0.07316583,0.2182181,0.9134757,-0.06846394,0.24226016,0.9093582,-0.056254078,point
0.32201597,0.9756317,-1.1154066e-07,0.35065806,0.9334668,-0.05546653,0.34944993,0.8714466,-0.078836806,0.2922338,0.8490324,-0.09184319,0.2401173,0.8323238,-0.09903491,0.3097668,0.75201887,-0.049696594,0.28271285,0.7092104,-0.09033558,0.25167286,0.68590313,-0.114532635,0.21684293,0.65689844,-0.12996365,0.2642987,0.7612892,-0.03881139,0.23192808,0.80393255,-0.0806273,0.26741046,0.8721409,-0.08561284,0.29238352,0.87095565,-0.08059456,0.22815025,0.78998613,-0.035668053,0.20031388,0.8400172,-0.0805756,0.24236558,0.89494985,-0.071564764,0.26690775,0.8841343,-0.055992287,0.20188317,0.83111066,-0.037928008,0.18217918,0.8711957,-0.071684,0.21932435,0.908324,-0.06605519,0.24222764,0.9051951,-0.053437207,point
0.31847376,0.9756303,-1.4785464e-07,0.35197192,0.9373372,-0.05292455,0.35872903,0.87306184,-0.07440595,0.30344245,0.8473504,-0.086005755,0.25208974,0.8307494,-0.091596626,0.31597793,0.7477043,-0.046611767,0.2957582,0.706805,-0.08852343,0.26596856,0.68594575,-0.113342114,0.23168567,0.6604083,-0.12832062,0.26733458,0.75038636,-0.036088977,0.24022391,0.8122721,-0.07441048,0.27387038,0.8787401,-0.07699792,0.29816398,0.8737306,-0.07197976,0.22940686,0.7791822,-0.033819668,0.20736963,0.84336746,-0.07533333,0.24733597,0.8957757,-0.065293245,0.27070093,0.8825102,-0.050711848,0.2024164,0.8226963,-0.03710539,0.18790042,0.8712533,-0.06853517,0.22380984,0.9086713,-0.06285417,0.24497613,0.90557563,-0.050951693,point
0.32162425,0.9779105,-1.536824e-07,0.35723436,0.9409839,-0.042879038,0.373547,0.878693,-0.06195624,0.32926947,0.85179967,-0.07415821,0.28288257,0.8375418,-0.08215943,0.32600045,0.7505528,-0.039417394,0.31669068,0.7111747,-0.07613737,0.29199585,0.68738014,-0.09949464,0.26349983,0.662616,-0.11413859,0.2736501,0.7463525,-0.03286674,0.26233283,0.8199435,-0.06913537,0.28690195,0.8794519,-0.075968094,0.30515856,0.8799449,-0.07481831,0.23318408,0.77374953,-0.032776196,0.22843957,0.8534514,-0.07000305,0.25933495,0.89803755,-0.06584229,0.27757007,0.88699883,-0.056563273,0.20368966,0.8159222,-0.037398558,0.2046101,0.8789768,-0.06506605,0.23663864,0.91521287,-0.06275176,0.25486025,0.91177905,-0.05431258,point
0.31687444,0.97640723,-1.3373398e-07,0.3571306,0.94696885,-0.03510744,0.38664082,0.8894384,-0.052894387,0.35381043,0.8557655,-0.06635373,0.31059512,0.83624965,-0.07769619,0.34322938,0.76027817,-0.03483011,0.34548703,0.7292819,-0.06553417,0.32788128,0.7042086,-0.085890666,0.30641475,0.6761171,-0.10023309,0.28948554,0.7444001,-0.030931044,0.2796969,0.82602507,-0.06422094,0.30004004,0.87972075,-0.07256983,0.3184739,0.88042706,-0.07370358,0.24671236,0.76542443,-0.031491317,0.24325702,0.85698515,-0.06583178,0.27127263,0.89931846,-0.062296946,0.29221103,0.89295805,-0.054508768,0.21289033,0.80365163,-0.035861455,0.21520984,0.8769014,-0.06413725,0.24488673,0.9153248,-0.06339211,0.2657895,0.91309506,-0.056148946,point
0.31920594,0.96810603,-4.3736172e-08,0.36218265,0.9476489,-0.037251763,0.3972206,0.89306545,-0.056974895,0.3666325,0.85714835,-0.07177589,0.32351506,0.83664715,-0.08416728,0.35737664,0.76376826,-0.040191006,0.3592596,0.72780794,-0.07355933,0.3450114,0.70168644,-0.09398132,0.32662582,0.6714225,-0.10740012,0.30378106,0.7468405,-0.035462745,0.2937863,0.8218333,-0.07079334,0.31408083,0.88381034,-0.077670254,0.33159783,0.88655347,-0.07700774,0.25921667,0.76575464,-0.035522826,0.25518644,0.8523582,-0.07067153,0.28314897,0.8985248,-0.065383844,0.30411696,0.8922073,-0.056173295,0.22276774,0.80122375,-0.03950335,0.22637588,0.86994255,-0.0663846,0.25405636,0.91133267,-0.064123385,0.27391866,0.9103992,-0.056066357,point
0.3258392,0.96782804,-3.972606e-08,0.36907843,0.9481022,-0.030565452,0.4091561,0.8955736,-0.049043562,0.38449764,0.85943687,-0.0644076,0.34315902,0.8415283,-0.07774527,0.36965826,0.7616821,-0.033170216,0.37150332,0.7267781,-0.06576615,0.36238295,0.70101744,-0.08712912,0.3512084,0.6731286,-0.10134361,0.31590787,0.7428252,-0.031942133,0.3132536,0.82081705,-0.06690592,0.33013377,0.88156295,-0.07578794,0.3430491,0.8867994,-0.07670068,0.2710703,0.76284695,-0.034845054,0.27577782,0.8549218,-0.06789037,0.29894033,0.8974407,-0.06375759,0.314736,0.89019924,-0.056206677,0.2336544,0.8003396,-0.041271463,0.24501464,0.87606776,-0.06640583,0.27108026,0.916197,-0.064771965,0.28853014,0.91342074,-0.057781886,point
0.33125162,0.96688986,5.9125416e-08,0.36980757,0.9483012,-0.032918934,0.40874663,0.90471333,-0.05644198,0.39531073,0.8675066,-0.077723704,0.36360654,0.8408739,-0.09680077,0.37754625,0.7602614,-0.035724677,0.3844519,0.72856325,-0.069251075,0.3803893,0.69983613,-0.08941728,0.37579677,0.67613643,-0.101982765,0.32168552,0.7440126,-0.03507724,0.32750836,0.8206895,-0.06986545,0.34268418,0.8838676,-0.07616165,0.35146526,0.882684,-0.07424657,0.2766857,0.7665249,-0.038829084,0.2852978,0.85742784,-0.07191416,0.3079763,0.9029617,-0.063760914,0.32079655,0.8961212,-0.05275261,0.23889607,0.807423,-0.046553314,0.25038794,0.8819101,-0.071443416,0.27631116,0.9210132,-0.06696582,0.2924523,0.91703075,-0.057267245,point
0.33647454,0.96419334,5.8869336e-08,0.37439692,0.9477463,-0.03368293,0.41195363,0.9022813,-0.056777976,0.39483112,0.8635312,-0.077299416,0.36223778,0.83612543,-0.09550962,0.38321257,0.75940764,-0.033966087,0.389587,0.72705775,-0.066551514,0.38539866,0.6973032,-0.08578956,0.38156414,0.6756341,-0.097700246,0.32658735,0.7424288,-0.03278455,0.331823,0.8173659,-0.06674284,0.3468157,0.8820432,-0.07260088,0.35542065,0.8816122,-0.07015292,0.28183883,0.7648275,-0.036259435,0.28970805,0.85556006,-0.068664104,0.31160814,0.9007291,-0.06086481,0.32314768,0.892737,-0.050160315,0.24436411,0.8058887,-0.043737438,0.25409383,0.87960315,-0.068011835,0.27899367,0.9176354,-0.063687146,0.29362833,0.9117092,-0.054319456,point
0.33395025,0.9632387,6.198933e-08,0.37351325,0.94834924,-0.035420038,0.41323555,0.90436506,-0.06046732,0.40043232,0.8636727,-0.08309875,0.36714095,0.8360126,-0.10313709,0.38703805,0.75912046,-0.035427745,0.39452684,0.7212402,-0.07073783,0.38947895,0.69230103,-0.09064854,0.3841098,0.67756635,-0.10155975,0.33142734,0.74267787,-0.033420764,0.33490837,0.8151261,-0.06877594,0.34935665,0.88116676,-0.073288985,0.3584612,0.88140494,-0.069135316,0.28667322,0.76434207,-0.036632143,0.29216322,0.85336524,-0.07013205,0.31384477,0.89948183,-0.060716297,0.3258867,0.89298,-0.04826087,0.24845843,0.80406857,-0.04406356,0.2564605,0.87716526,-0.06866133,0.2809623,0.9160968,-0.06344728,0.29607984,0.9113189,-0.052910604,point
0.33998203,0.9644908,6.5621094e-08,0.37921867,0.94753265,-0.03225031,0.42077342,0.90336186,-0.05708473,0.4102232,0.86375445,-0.08038539,0.37778085,0.84059376,-0.10167047,0.39117903,0.75628155,-0.035458602,0.40226337,0.71849096,-0.070890546,0.40132034,0.6914295,-0.091824226,0.3999804,0.67904216,-0.10340939,0.3347367,0.7412187,-0.03541681,0.3440665,0.8133226,-0.070275724,0.35716787,0.8781575,-0.07547828,0.36413056,0.880691,-0.07220884,0.28961584,0.7648698,-0.04002615,0.30216664,0.8540864,-0.071746014,0.32144752,0.8988333,-0.062461797,0.33115044,0.89318866,-0.050670855,0.25137007,0.80651855,-0.04868631,0.265263,0.88084114,-0.070569575,0.2875121,0.9193394,-0.06445317,0.29997388,0.91539353,-0.053891405,point
0.34202266,0.97295,8.36902e-08,0.38187525,0.95009804,-0.031261604,0.42352134,0.90656,-0.05655291,0.42054242,0.8659567,-0.08092308,0.39003572,0.8421608,-0.10389239,0.3931087,0.7556399,-0.033857916,0.40995723,0.7278915,-0.06677037,0.41748166,0.70176256,-0.087732844,0.42518008,0.685907,-0.10048195,0.33735573,0.74269557,-0.03447396,0.35282868,0.81670195,-0.0670587,0.3649357,0.8794918,-0.073557645,0.37086117,0.882561,-0.07255822,0.29187217,0.76726466,-0.0393715,0.3109631,0.85586613,-0.069007225,0.32912457,0.9024808,-0.061302297,0.33748096,0.90046793,-0.05169313,0.25344926,0.8100174,-0.048347022,0.27155453,0.88439924,-0.06871602,0.2937699,0.9231542,-0.063574776,0.30581975,0.92129254,-0.054729845,point
0.34210062,0.9733896,9.2438825e-08,0.38397524,0.94904286,-0.027121665,0.42611042,0.9074463,-0.050514102,0.4290135,0.86510295,-0.07376457,0.39997786,0.8416682,-0.09618766,0.39220893,0.7573514,-0.030126605,0.41192195,0.73631907,-0.060634915,0.42798626,0.7116775,-0.08149146,0.4460547,0.6889992,-0.09552986,0.33891588,0.7445425,-0.03321282,0.3630346,0.8188276,-0.06572461,0.37370872,0.8846427,-0.07462244,0.3771126,0.8937576,-0.075637035,0.29490757,0.7699813,-0.03980674,0.32523704,0.8607739,-0.06959036,0.33957765,0.9053079,-0.06483138,0.3431978,0.90180683,-0.057394873,0.25796452,0.8144079,-0.04989683,0.2851727,0.89058554,-0.07038303,0.30531174,0.92708266,-0.066953495,0.31262824,0.9237576,-0.059716903,point
0.34162146,0.9701279,1.2438304e-07,0.38423392,0.9471477,-0.024933157,0.42750448,0.9073695,-0.047517285,0.43607727,0.8655238,-0.0707349,0.4127482,0.8444229,-0.09305379,0.39546043,0.7603129,-0.027435139,0.41856122,0.73619205,-0.059455875,0.44256407,0.7146375,-0.08138994,0.46761024,0.6967846,-0.09570388,0.34582204,0.74797565,-0.0323714,0.3783622,0.81598,-0.06621871,0.38523707,0.8820907,-0.075899996,0.3829713,0.89164144,-0.07727516,0.30406684,0.77308416,-0.04095711,0.34206906,0.8607401,-0.07216718,0.35170487,0.90528774,-0.0680256,0.34983224,0.9004371,-0.060674578,0.2675793,0.81693596,-0.052770335,0.29946125,0.89119256,-0.07323378,0.3154871,0.9275695,-0.06922247,0.31771195,0.9227166,-0.06171343,point
0.34004715,0.9698932,9.9622575e-08,0.385496,0.9450185,-0.018270634,0.43108597,0.90407205,-0.03697535,0.44503194,0.86237425,-0.0576689,0.4286346,0.8467947,-0.07791092,0.39999217,0.7626936,-0.021940988,0.43294162,0.73643935,-0.05209201,0.463106,0.71836597,-0.074001886,0.49174225,0.7036885,-0.088987164,0.35379988,0.7483406,-0.029370792,0.39713266,0.8214723,-0.06130128,0.39927962,0.8821469,-0.07212732,0.3905445,0.89076406,-0.07575207,0.31403345,0.7737161,-0.03969898,0.3595765,0.8655666,-0.06865648,0.36385006,0.90701616,-0.06639765,0.3570029,0.89977574,-0.061468396,0.2790655,0.81774646,-0.052691627,0.31665146,0.89774144,-0.07122875,0.3277279,0.93074757,-0.0681056,0.32416305,0.9240639,-0.062113475,point
0.33787864,0.966281,9.066648e-08,0.3880139,0.94419646,-0.014687425,0.43338838,0.90753543,-0.03307042,0.4518352,0.8720344,-0.05466209,0.4534429,0.8487633,-0.07604377,0.40728444,0.76643014,-0.021118501,0.4473577,0.7346857,-0.053275894,0.48242098,0.7183853,-0.075804405,0.5134586,0.70842683,-0.090437144,0.36355457,0.7508348,-0.029912487,0.41156277,0.8262653,-0.06278095,0.40998107,0.8878456,-0.072403036,0.39705655,0.8974034,-0.0748888,0.32496038,0.7752941,-0.04154233,0.37232327,0.8708491,-0.07186028,0.37360448,0.913224,-0.06856012,0.36465,0.9064929,-0.06230972,0.29030138,0.817869,-0.055367064,0.32806912,0.90048724,-0.07410329,0.33762786,0.93525267,-0.06955451,0.33310717,0.92993534,-0.06212903,point
0.33874398,0.96483207,1.2948352e-07,0.39513975,0.94146407,-0.014471023,0.44306478,0.905166,-0.035066057,0.46715257,0.87060964,-0.05947358,0.47101367,0.8516901,-0.084179275,0.41605332,0.7622439,-0.024003467,0.46133634,0.7345377,-0.059366483,0.50025576,0.721906,-0.083258264,0.5340754,0.71441716,-0.0981775,0.37300262,0.7485228,-0.03421432,0.4278179,0.8261042,-0.06944524,0.4211548,0.88888323,-0.07791872,0.40399456,0.8951572,-0.07922771,0.33475924,0.7741025,-0.04737828,0.3880382,0.8690262,-0.08104925,0.38447323,0.9135931,-0.07670585,0.37251836,0.90673053,-0.06903694,0.3008741,0.81694525,-0.06253122,0.34216633,0.89896035,-0.08228196,0.349179,0.9364776,-0.076111086,0.34340155,0.93310297,-0.06745389,point
0.34176844,0.96271324,1.4048928e-07,0.4012865,0.9381833,-0.0122087,0.45082998,0.9035228,-0.03289302,0.47864294,0.87361914,-0.057926714,0.48737627,0.8590311,-0.08367039,0.42401347,0.7579493,-0.024879938,0.4759753,0.7363554,-0.061082754,0.5177403,0.7269317,-0.08597904,0.55351406,0.72189015,-0.101552285,0.3821119,0.74835753,-0.036680035,0.4457869,0.8270304,-0.07300935,0.4349819,0.885765,-0.08167312,0.41321015,0.89235413,-0.08315053,0.34468344,0.7762546,-0.05109806,0.40608868,0.8690066,-0.08596715,0.3980908,0.9124869,-0.08203726,0.38171297,0.90731084,-0.074167065,0.31234008,0.8210204,-0.06716875,0.3602763,0.898683,-0.08704194,0.36238045,0.93360883,-0.08059565,0.35153928,0.9307041,-0.071658455,point
0.33274806,0.9594399,1.0025925e-07,0.39994434,0.9362689,-0.005048643,0.4522742,0.9016816,-0.022067148,0.48361978,0.8760666,-0.044414666,0.50488627,0.86234754,-0.06771297,0.42994145,0.7575054,-0.021269789,0.49092197,0.740958,-0.057165083,0.5351252,0.734403,-0.08209916,0.5728549,0.72987056,-0.098052755,0.3912049,0.7496902,-0.036326576,0.4643189,0.8331745,-0.07268723,0.4475638,0.8893141,-0.081437975,0.42189428,0.8948452,-0.08355906,0.35550883,0.78026605,-0.053238723,0.42534664,0.8741514,-0.087959364,0.4093652,0.91549635,-0.08369499,0.38823676,0.9081768,-0.075869225,0.32449412,0.8265358,-0.07108482,0.37864023,0.9040237,-0.09044532,0.37543336,0.9362172,-0.08344702,0.36172318,0.92981863,-0.074502766,point
0.32625973,0.9590284,1.0614011e-07,0.3979237,0.9326784,-0.0013787767,0.45211813,0.8991812,-0.018028898,0.48998976,0.8812507,-0.040247183,0.5192311,0.8661842,-0.06325325,0.43429804,0.7541851,-0.01953538,0.50133395,0.7474549,-0.054554705,0.5487502,0.7426221,-0.07954885,0.58850604,0.73865104,-0.09586114,0.39795724,0.7496289,-0.03687776,0.47717315,0.8372341,-0.0733408,0.45793217,0.89475,-0.08206299,0.43116516,0.89901066,-0.08429305,0.36472562,0.7821353,-0.05554649,0.44038734,0.87872624,-0.090120174,0.41987115,0.9200919,-0.084532514,0.3946461,0.90924305,-0.07594002,0.33599228,0.83079904,-0.074793264,0.39500237,0.9075384,-0.09347514,0.38704413,0.93852025,-0.08464793,0.3676726,0.9287426,-0.07481298,point
0.3224392,0.95643836,1.1763925e-07,0.3963016,0.93025357,0.0005428703,0.4512571,0.8976631,-0.016217291,0.4937656,0.884499,-0.03892707,0.5290752,0.8706367,-0.062039398,0.44175377,0.7575831,-0.017678995,0.5117804,0.75637954,-0.052860282,0.560579,0.7545593,-0.07777878,0.59980667,0.75241745,-0.09408728,0.40750116,0.7548119,-0.036695182,0.48998785,0.83605754,-0.07480654,0.4695519,0.8911075,-0.08381622,0.442005,0.89217633,-0.085788056,0.37581664,0.7862472,-0.05693093,0.45239905,0.8777585,-0.09285805,0.43005353,0.92012036,-0.086844526,0.40329662,0.9084061,-0.0776437,0.34878343,0.83388597,-0.077596,0.40564147,0.91104954,-0.09761815,0.39566708,0.9407606,-0.08937733,0.37568092,0.92688304,-0.079924405,point
0.32180938,0.9528516,1.4010453e-07,0.39591235,0.9270068,0.0033925988,0.45265895,0.8940825,-0.01409322,0.49955386,0.88165045,-0.03842475,0.5374576,0.8704761,-0.06335849,0.44864345,0.7621676,-0.016741257,0.51831585,0.76049536,-0.051368017,0.5690779,0.7599468,-0.07479335,0.60824966,0.759535,-0.09002526,0.41540596,0.7596363,-0.03779044,0.4996411,0.8379705,-0.074042946,0.47697046,0.89138734,-0.07948075,0.44835606,0.8865761,-0.07915384,0.3844641,0.79064757,-0.060005344,0.46193543,0.87820303,-0.095677674,0.43865088,0.9198634,-0.086808525,0.4103239,0.90448713,-0.07584601,0.35832706,0.83741087,-0.08236852,0.41487518,0.91174406,-0.102277495,0.40490487,0.9423283,-0.09188431,0.3835557,0.9278468,-0.081131145,point
0.3192216,0.9455262,1.5476141e-07,0.3935953,0.9220138,0.003934775,0.4522466,0.8894653,-0.013458423,0.5004301,0.8791737,-0.03745844,0.5416692,0.86931455,-0.061895933,0.45386332,0.7596322,-0.017499857,0.52489436,0.76259106,-0.05161962,0.5768801,0.762972,-0.074452825,0.61656237,0.7647079,-0.089094035,0.42267886,0.75801027,-0.038490076,0.50451297,0.8416821,-0.07339102,0.48166928,0.89236265,-0.07751278,0.45324126,0.88786435,-0.07652925,0.3921423,0.7897111,-0.060610555,0.46904343,0.87631124,-0.096030354,0.4456016,0.91592,-0.086854875,0.41771346,0.9007356,-0.07579589,0.36609185,0.83756435,-0.08266023,0.42454553,0.9135416,-0.102892905,0.41376847,0.9447007,-0.09229509,0.3920413,0.93178594,-0.0813764,point
0.31863105,0.9394952,1.4154773e-07,0.39313924,0.91897553,0.005576377,0.45142606,0.8874964,-0.010436036,0.49912325,0.87774175,-0.03306937,0.54030883,0.8658772,-0.055952054,0.45717496,0.759191,-0.017113037,0.5277937,0.7616074,-0.049906798,0.5792151,0.76341,-0.072018184,0.61867213,0.76708585,-0.086265154,0.42789415,0.7576837,-0.03862428,0.5067138,0.84226316,-0.071988,0.48472843,0.88867587,-0.07606725,0.45773858,0.88402015,-0.075744525,0.39841473,0.78968275,-0.060954012,0.4740514,0.87498826,-0.095123425,0.44943577,0.9124399,-0.08614294,0.42204306,0.89759433,-0.07590936,0.3733333,0.8380255,-0.083054215,0.43158603,0.9151966,-0.102754146,0.41727,0.94579804,-0.09229777,0.3943575,0.9325981,-0.081933334,point
0.31892595,0.9384286,1.4044922e-07,0.39414385,0.91667366,0.0062971953,0.4540721,0.88446355,-0.00905127,0.5029193,0.8741596,-0.031079693,0.5439398,0.8612298,-0.05330963,0.45961434,0.7596116,-0.0154873,0.5308045,0.76318836,-0.04685924,0.58215255,0.7638632,-0.067579605,0.6212733,0.7658684,-0.08098463,0.43246296,0.75914574,-0.037273288,0.51148903,0.84112895,-0.07075206,0.48902583,0.8878883,-0.07464054,0.46233502,0.8843078,-0.073664986,0.40457496,0.7902349,-0.05968392,0.47927073,0.8750538,-0.09295205,0.45293286,0.9117706,-0.0831547,0.4259629,0.8968,-0.07231886,0.37996036,0.8378366,-0.08189471,0.43760523,0.9145817,-0.10095259,0.420317,0.9446057,-0.09033035,0.3966755,0.9307435,-0.079867594,point
0.31822222,0.9389922,1.12968486e-07,0.39130408,0.91729677,0.0061984924,0.45341125,0.8824568,-0.00787027,0.5040841,0.8699238,-0.028632732,0.5482735,0.85814863,-0.049530603,0.4610257,0.7606685,-0.0123288175,0.5311416,0.7628438,-0.042988285,0.5817577,0.76451296,-0.063733235,0.62147987,0.76682806,-0.07747801,0.4352789,0.75961375,-0.033775676,0.5134812,0.84358937,-0.06828965,0.48863092,0.88931054,-0.07371732,0.4616427,0.88543296,-0.07347617,0.40877905,0.78952724,-0.0559511,0.4831101,0.8758278,-0.089530244,0.4535369,0.9115757,-0.08020331,0.42661953,0.89710116,-0.06947007,0.38476223,0.83573854,-0.07802568,0.44096667,0.9157493,-0.09734086,0.42045987,0.9446005,-0.087607965,0.39733395,0.9300308,-0.07763475,point
0.31823212,0.93799555,1.2202034e-07,0.39147332,0.9156601,0.006427042,0.45340592,0.88104445,-0.007701439,0.50452596,0.86777586,-0.028603634,0.5476728,0.8548007,-0.049590036,0.4620938,0.7594691,-0.012278627,0.53263956,0.76119506,-0.042947903,0.58303356,0.76154846,-0.06372103,0.62262875,0.7620285,-0.07737895,0.43597907,0.75896895,-0.033761557,0.51347405,0.84109855,-0.068202,0.48851162,0.88660204,-0.07349206,0.46216422,0.8832387,-0.07298117,0.40942556,0.7892506,-0.05588724,0.4837628,0.8743515,-0.08957481,0.45392776,0.909092,-0.08017718,0.4274571,0.89443713,-0.06918688,0.38517576,0.8352368,-0.077795275,0.44217142,0.9144804,-0.0966154,0.42055783,0.9425821,-0.08624383,0.39699504,0.928056,-0.07576555,point
0.31774694,0.94050616,1.1634316e-07,0.39145824,0.9178575,0.006929179,0.4518195,0.882682,-0.0069472664,0.50188464,0.86836755,-0.02780887,0.54652333,0.8536291,-0.04870034,0.46045718,0.7591505,-0.011164779,0.53154916,0.7592081,-0.041487217,0.5815253,0.75881726,-0.061652087,0.6205132,0.75909126,-0.07473284,0.43472525,0.7584375,-0.03283264,0.5125629,0.8384605,-0.06737184,0.487679,0.88416916,-0.07267832,0.46133214,0.88141954,-0.07190024,0.40880156,0.7882528,-0.0551457,0.48300323,0.8731446,-0.08864131,0.45288184,0.90788376,-0.07926548,0.42627493,0.8932388,-0.06812861,0.38484836,0.8337266,-0.07720836,0.44167733,0.9123904,-0.09564633,0.4203817,0.94070697,-0.08521829,0.39705718,0.92638713,-0.07459001,point
0.3195864,0.9437871,1.2525295e-07,0.39285228,0.91873693,0.00660046,0.45224696,0.88271886,-0.007637436,0.5018024,0.86828,-0.02888011,0.546819,0.8535819,-0.050150804,0.45909652,0.75823486,-0.011647194,0.530132,0.75721014,-0.042350255,0.5799159,0.7563842,-0.06267377,0.61903596,0.7556601,-0.07589895,0.43283057,0.7571141,-0.03344446,0.5112779,0.83457994,-0.06868634,0.48712134,0.8816525,-0.074334145,0.46082145,0.8796543,-0.0736271,0.40661216,0.78646755,-0.055925623,0.48148638,0.8698418,-0.09011969,0.4521851,0.9062813,-0.08085202,0.42543778,0.8923987,-0.06949838,0.38245463,0.8314153,-0.078181624,0.43980575,0.90919334,-0.09704772,0.41986343,0.9388528,-0.086678624,0.39681837,0.92518526,-0.07590761,point
0.32096362,0.94428635,1.398217e-07,0.3950727,0.9198119,0.006504664,0.452707,0.88431096,-0.008578451,0.4995227,0.868952,-0.030828184,0.5436262,0.8533448,-0.053196,0.4573271,0.75716925,-0.012526116,0.52719694,0.75472885,-0.044267073,0.57808584,0.75341815,-0.0654879,0.6179005,0.7533444,-0.07926698,0.42978376,0.7543715,-0.03460581,0.5088303,0.83198625,-0.07061501,0.48645374,0.8828527,-0.07641033,0.4599013,0.8828114,-0.07580417,0.40308583,0.7836938,-0.05738189,0.47947595,0.8656161,-0.092424564,0.4518179,0.90645695,-0.082598366,0.4240633,0.894714,-0.070795506,0.37932622,0.82904434,-0.07998853,0.4376944,0.9071506,-0.0998975,0.41891816,0.9392633,-0.08937342,0.39512634,0.92638755,-0.078320175,point
0.32441548,0.94460005,1.5772812e-07,0.40120214,0.9204183,0.0053420477,0.45557806,0.88567424,-0.010763085,0.50019693,0.86955523,-0.034015995,0.54353005,0.85160404,-0.05733731,0.45588627,0.75511116,-0.0137822945,0.5251357,0.75247383,-0.046826944,0.5757679,0.7510519,-0.068657406,0.6149089,0.7511643,-0.08245757,0.4264463,0.752447,-0.035541248,0.5067469,0.8294425,-0.07274935,0.48420703,0.88100153,-0.078306116,0.4570246,0.8813912,-0.076989256,0.39889097,0.78194284,-0.05826989,0.47545347,0.8649212,-0.09485481,0.44876704,0.906099,-0.08499246,0.42069688,0.8949315,-0.072447196,0.37484002,0.82691485,-0.08091363,0.43407556,0.90337586,-0.10149749,0.41812295,0.9362322,-0.09055879,0.39505553,0.9249731,-0.07881072,point
0.32674894,0.94809645,1.6322507e-07,0.40151653,0.92379695,0.0029637003,0.45449445,0.88897014,-0.014182497,0.49851462,0.8713609,-0.03790984,0.540771,0.85133535,-0.06151345,0.456836,0.75687253,-0.016044647,0.524699,0.75158155,-0.05034169,0.5748452,0.7477026,-0.07273644,0.6130996,0.74599755,-0.086634554,0.42508042,0.7513146,-0.03646082,0.50453234,0.82652813,-0.07359648,0.48362783,0.8797504,-0.079015516,0.45732364,0.88059825,-0.07759589,0.39606243,0.779577,-0.0581582,0.4713236,0.86399925,-0.09519452,0.44721982,0.9047649,-0.086683,0.4200388,0.8923476,-0.07504026,0.37148383,0.8242842,-0.07986354,0.42817536,0.90242785,-0.101019785,0.41562563,0.9341763,-0.09136789,0.39439845,0.9214679,-0.080498695,point
0.32832366,0.94958663,1.4679392e-07,0.40323752,0.9211746,0.003552717,0.45597214,0.8864047,-0.013865866,0.4995117,0.8702279,-0.03812557,0.5406748,0.8516646,-0.062339757,0.45587134,0.75558054,-0.016135074,0.5224127,0.7499192,-0.051220607,0.57198906,0.74661416,-0.07435929,0.6101072,0.7458814,-0.08861888,0.42318553,0.7503849,-0.036607135,0.50146013,0.8274179,-0.07270144,0.48033395,0.8805584,-0.07734641,0.45415214,0.87953895,-0.0758416,0.39336276,0.77943695,-0.05843805,0.46769193,0.8650487,-0.09478749,0.44511232,0.9064326,-0.085700355,0.41801855,0.89341056,-0.07379077,0.36819533,0.82413167,-0.08026769,0.42323115,0.90032655,-0.10034248,0.41371846,0.93118054,-0.08967163,0.39339432,0.91792023,-0.07816291,point
0.32865,0.9486289,1.3797687e-07,0.40221512,0.9205266,0.002983376,0.45511115,0.8861606,-0.014653272,0.49776828,0.86964905,-0.038920034,0.5386334,0.8514995,-0.06314544,0.4551713,0.75421685,-0.016854433,0.52248144,0.7496446,-0.052521605,0.5723552,0.74645746,-0.076303124,0.61153555,0.7459106,-0.09104737,0.42285258,0.7496991,-0.03710783,0.50194687,0.82875836,-0.073986486,0.4806162,0.88282365,-0.07931456,0.45401335,0.88349897,-0.07813104,0.39304566,0.7793891,-0.058685258,0.46794516,0.86567986,-0.09551898,0.44495305,0.90810406,-0.086604096,0.41772538,0.896582,-0.07463408,0.367952,0.82498914,-0.080295496,0.42356592,0.90064794,-0.10090499,0.41377515,0.93220395,-0.09035349,0.39334673,0.919766,-0.078703664,point
0.33066404,0.95049834,1.2832406e-07,0.40263882,0.92373013,0.0011228555,0.4554675,0.88964206,-0.016617965,0.49725518,0.8721782,-0.040753916,0.5369655,0.8532507,-0.064849705,0.4557844,0.7566747,-0.017854473,0.52232313,0.74968106,-0.053217303,0.57181716,0.74531984,-0.07674977,0.6104717,0.7431409,-0.091473565,0.42273235,0.75055045,-0.037178535,0.4985973,0.83153427,-0.074834436,0.47755116,0.8862339,-0.081044525,0.4513217,0.8873304,-0.08034485,0.3921882,0.77912104,-0.057888363,0.46439478,0.8698723,-0.094870016,0.44113797,0.9134497,-0.086293645,0.41439715,0.9024217,-0.07451979,0.36636442,0.82393545,-0.0789079,0.41967607,0.9027575,-0.099887,0.4097377,0.93447644,-0.09010896,0.38988727,0.921712,-0.07887234,point
0.3295595,0.9525566,1.10103876e-07,0.4028602,0.92650986,0.001028594,0.45645338,0.8924467,-0.016129311,0.497649,0.8755526,-0.039553102,0.53701514,0.85733765,-0.06286326,0.45437735,0.75744957,-0.017625991,0.5202843,0.7499699,-0.05261747,0.56889135,0.74585307,-0.07612972,0.6071317,0.74353766,-0.09104031,0.42147818,0.7508865,-0.036731787,0.49664584,0.83295083,-0.0741198,0.47558853,0.8869767,-0.08060618,0.44948596,0.88785446,-0.08038646,0.39030504,0.77889544,-0.057251576,0.46103692,0.872416,-0.09328583,0.43804318,0.9146814,-0.08516131,0.41217288,0.90308475,-0.07414325,0.3636391,0.823823,-0.078188434,0.41526467,0.9042651,-0.098436475,0.4055659,0.93424106,-0.089337386,0.3864907,0.9202503,-0.07893022,point
0.3303563,0.96062845,1.4541848e-07,0.4007227,0.934022,-0.0022274386,0.45148697,0.90018374,-0.020862052,0.49016887,0.88107735,-0.04485656,0.5282759,0.859832,-0.068806626,0.44611606,0.75976926,-0.0236685,0.5108046,0.74628764,-0.05884527,0.55797225,0.74231356,-0.081964076,0.5954581,0.7402632,-0.09662673,0.41129327,0.7529137,-0.04158897,0.4867747,0.83169085,-0.08134008,0.4670138,0.88988453,-0.08871258,0.4414519,0.89519566,-0.088437825,0.37798792,0.77963793,-0.060694207,0.44829017,0.87256324,-0.09756314,0.42687848,0.91595846,-0.089081325,0.40321103,0.90704507,-0.077528395,0.34893113,0.8230815,-0.080400825,0.39990106,0.9027256,-0.10104206,0.3926449,0.9341796,-0.091659114,0.376924,0.92237884,-0.08068839,point
0.3334856,0.96779495,1.15605815e-07,0.40346077,0.94273365,-0.0025270707,0.45365188,0.9063315,-0.019816224,0.4871992,0.8807333,-0.04225973,0.5173332,0.8580003,-0.06491731,0.4407299,0.75956506,-0.023422724,0.5014375,0.74475795,-0.057515077,0.5461712,0.7399986,-0.080873445,0.5823176,0.73758954,-0.096201256,0.40380454,0.7503894,-0.040015023,0.474681,0.8305269,-0.076308176,0.45738387,0.88937616,-0.08326232,0.43263343,0.89529765,-0.08417672,0.3687478,0.777746,-0.057767697,0.43488875,0.87069035,-0.09200334,0.41737056,0.9136007,-0.0847475,0.39462104,0.9049133,-0.07545081,0.33842918,0.82203984,-0.0761463,0.38826814,0.90108985,-0.09537606,0.3843452,0.9327195,-0.08684956,0.3696992,0.9221871,-0.07736484,point
0.3405184,0.9715388,1.0531708e-07,0.40645885,0.9474781,-0.008473019,0.45401493,0.9132739,-0.028383499,0.48216105,0.8815614,-0.052849937,0.50156593,0.8558349,-0.07717006,0.440058,0.7646946,-0.024762705,0.4931705,0.7468942,-0.06001699,0.53449196,0.7380212,-0.08380074,0.5688605,0.73285794,-0.09936971,0.40011317,0.74940586,-0.039188214,0.46122205,0.82511264,-0.07720146,0.44514346,0.88724947,-0.0852089,0.42296198,0.89327,-0.08596693,0.3625958,0.77329504,-0.05552956,0.42005226,0.8670643,-0.09197221,0.40797746,0.91331553,-0.086516656,0.38949025,0.90587664,-0.07765755,0.32954633,0.8160518,-0.07307381,0.37301236,0.8985506,-0.094602235,0.37107334,0.9326803,-0.08838448,0.3576903,0.9227756,-0.07995862,point
0.34455258,0.9754766,9.7061914e-08,0.40433538,0.9517074,-0.011702368,0.4515076,0.9158151,-0.03147376,0.47707665,0.8793852,-0.055386797,0.48560527,0.85451776,-0.07896403,0.43437055,0.7676983,-0.021282233,0.4812432,0.74584544,-0.054311235,0.52036095,0.7348287,-0.076175846,0.5530484,0.72839737,-0.09051944,0.39334428,0.7507787,-0.033838566,0.4468709,0.8255065,-0.07037565,0.4340793,0.88988495,-0.07875578,0.41502532,0.8966166,-0.079325505,0.35512182,0.7727226,-0.048920654,0.4044899,0.8705981,-0.08384984,0.3970469,0.91729033,-0.07984219,0.38326952,0.90981936,-0.07188688,0.32071248,0.81403625,-0.06570757,0.3582831,0.89991987,-0.08655258,0.35926804,0.9355422,-0.08208722,0.34921426,0.9269237,-0.07475963,point
0.34620613,0.972281,1.026649e-07,0.40306216,0.94986314,-0.015781527,0.44919115,0.9148249,-0.036969386,0.47196344,0.8768191,-0.06163695,0.46946713,0.8478753,-0.086035654,0.4272039,0.76612353,-0.024643801,0.46957996,0.74109864,-0.057791546,0.50727814,0.72914946,-0.08073361,0.53935975,0.72123116,-0.09598658,0.38436586,0.7497839,-0.035103608,0.43219852,0.8261123,-0.0708319,0.4234891,0.8898281,-0.08069826,0.40645063,0.89720863,-0.083158344,0.34558684,0.7725017,-0.04827845,0.39318606,0.86871475,-0.08148048,0.38935226,0.91513854,-0.07757524,0.37650952,0.91024095,-0.0704522,0.31136918,0.8148311,-0.063734055,0.34900165,0.89711845,-0.08432549,0.35375252,0.9314579,-0.08032854,0.34515688,0.9252843,-0.07335936,point
0.3493831,0.97271365,1.17451535e-07,0.39974034,0.95065653,-0.021246105,0.44709897,0.9101071,-0.043268397,0.46341628,0.86500275,-0.06711995,0.45314,0.8476363,-0.090136506,0.42103022,0.76632047,-0.026032658,0.45397276,0.74096036,-0.058992807,0.48642945,0.7256199,-0.08178397,0.51641005,0.7129011,-0.0973553,0.37511274,0.7495469,-0.033838693,0.41356382,0.82229996,-0.069775596,0.41190305,0.885229,-0.0800116,0.40131658,0.8904317,-0.08256956,0.33504936,0.77211744,-0.044993762,0.3756406,0.86512876,-0.07754398,0.37861034,0.90686697,-0.07426838,0.37057835,0.8964044,-0.06791978,0.30033183,0.814582,-0.059050445,0.33488128,0.89450884,-0.07948914,0.34314436,0.9253773,-0.07682748,0.33661494,0.9162329,-0.071062095,point
0.35406938,0.9724468,9.86138e-08,0.40131754,0.94948804,-0.020213608,0.44664335,0.9096538,-0.041164678,0.46204352,0.8678638,-0.063934155,0.44795078,0.8455337,-0.08583777,0.42160353,0.76615125,-0.024887966,0.45398036,0.7400021,-0.057474535,0.4848102,0.7226991,-0.08096926,0.51382685,0.7095028,-0.09681511,0.37552658,0.7492166,-0.03205516,0.4103692,0.8249975,-0.06683033,0.40952408,0.8864677,-0.077782735,0.3999728,0.8930871,-0.08115059,0.33512062,0.7714209,-0.042462982,0.3753572,0.86451185,-0.07328028,0.37757173,0.9053019,-0.06987562,0.3688829,0.89577,-0.063920796,0.29980284,0.8135843,-0.055782933,0.33446497,0.89316297,-0.075717285,0.3432747,0.92459536,-0.07284859,0.33754838,0.9161775,-0.06684115,point
0.35276344,0.9747789,1.2411496e-07,0.39617503,0.95087785,-0.022593066,0.43988696,0.9084911,-0.043539234,0.44815123,0.86505294,-0.06526216,0.42667902,0.8455372,-0.08628548,0.41287372,0.76395047,-0.024871258,0.43919322,0.7397774,-0.055435076,0.46589664,0.71894056,-0.07659754,0.49232683,0.70234776,-0.09103087,0.36568227,0.7481232,-0.030878367,0.3924792,0.81509113,-0.064252555,0.3972627,0.8817125,-0.07408614,0.39480835,0.89305764,-0.0758949,0.3241893,0.7714366,-0.040205095,0.3567046,0.8605164,-0.07137594,0.36525178,0.9048181,-0.068502575,0.36283797,0.89823115,-0.06224681,0.2875224,0.8147524,-0.052416373,0.3155421,0.8936894,-0.07342732,0.32914203,0.92769665,-0.07138817,0.3293337,0.91943127,-0.06564733,point
0.35277742,0.9752746,8.014513e-08,0.39350373,0.95455813,-0.02299521,0.4379769,0.9095527,-0.041082103,0.4359537,0.86822414,-0.05875928,0.40958062,0.841442,-0.075729065,0.40785748,0.7668531,-0.02553785,0.42925563,0.736783,-0.0531705,0.44822362,0.7124815,-0.07227299,0.46891192,0.69074297,-0.085501276,0.35862008,0.7481985,-0.028486762,0.37764364,0.8199253,-0.057665065,0.38260472,0.8848408,-0.06577703,0.38419074,0.8955182,-0.06756993,0.31584227,0.76938426,-0.034563147,0.33995083,0.85678434,-0.06184099,0.35021403,0.9007861,-0.05761622,0.35278818,0.89563704,-0.051900506,0.27724773,0.8102333,-0.043568566,0.30002892,0.8865209,-0.06261837,0.3153378,0.9239563,-0.05962548,0.32003912,0.91916764,-0.05362873,point
0.34808567,0.9748592,-1.1502339e-08,0.3914366,0.96232444,-0.023118569,0.43898863,0.90877175,-0.03874448,0.42102984,0.8651975,-0.052799005,0.37924218,0.8465186,-0.06578465,0.40348852,0.772236,-0.027481642,0.41573116,0.73222935,-0.054761443,0.4247017,0.7086852,-0.07288267,0.434302,0.68585074,-0.085388474,0.3526955,0.7487947,-0.028841607,0.36124772,0.8234766,-0.058094926,0.36721334,0.8868985,-0.06537305,0.3699949,0.8961294,-0.0668681,0.30959952,0.7642657,-0.03324261,0.32251158,0.8547706,-0.058347065,0.33516544,0.8972433,-0.052359827,0.34023273,0.8893791,-0.04661424,0.27178198,0.79794556,-0.040775165,0.29005727,0.87462306,-0.05798849,0.30453557,0.91546494,-0.05382934,0.3094053,0.9119737,-0.047497023,point
0.33380145,0.9760883,-4.8328115e-08,0.37896016,0.96652037,-0.030327974,0.4256589,0.91884667,-0.047585614,0.4058929,0.87668765,-0.061757207,0.36826602,0.85068417,-0.073611535,0.39843294,0.7819184,-0.031272754,0.4049111,0.7401265,-0.063536294,0.39968568,0.7132084,-0.08419161,0.39293727,0.68437976,-0.097564965,0.34957436,0.7511453,-0.02984631,0.3378308,0.8267536,-0.065537035,0.34657905,0.89264804,-0.074631386,0.35855088,0.9027557,-0.07503571,0.30490696,0.76045996,-0.032542765,0.29985556,0.85413456,-0.065138556,0.31546944,0.90196216,-0.060397465,0.3308423,0.89685243,-0.052265394,0.264468,0.7879093,-0.03878177,0.26811704,0.86670583,-0.062369447,0.283942,0.9114328,-0.05988098,0.29730818,0.9100266,-0.052285638,point
0.32988185,0.9797024,3.2669345e-08,0.37100977,0.9715942,-0.045457866,0.40466785,0.9231086,-0.06829498,0.36992973,0.88194185,-0.08369415,0.3297736,0.85301054,-0.09353026,0.37891454,0.7829483,-0.051808648,0.37414497,0.74142814,-0.0962889,0.3613199,0.7160175,-0.12094567,0.34527788,0.67750967,-0.135687,0.32625476,0.7570199,-0.046224415,0.30593935,0.8300487,-0.08712442,0.32396218,0.90289974,-0.09083855,0.33987045,0.8987661,-0.08681474,0.27968436,0.7698289,-0.047597263,0.2661884,0.86069393,-0.08354238,0.2904638,0.9140198,-0.07114663,0.3078612,0.8967164,-0.057636514,0.242539,0.8020692,-0.054472852,0.2401467,0.87963253,-0.08026249,0.2662254,0.9226997,-0.07435487,0.28351533,0.9140833,-0.0638159,point
0.33455235,0.9756802,-2.2949516e-09,0.36991212,0.96152735,-0.048759907,0.3894949,0.91316557,-0.07077115,0.35073024,0.8805091,-0.08455811,0.31238604,0.8529542,-0.09307753,0.3657185,0.7809976,-0.05215777,0.3578729,0.7403848,-0.095131695,0.34065172,0.71540743,-0.119380794,0.31936476,0.680094,-0.13372497,0.31505698,0.75891274,-0.04349838,0.28229523,0.83627826,-0.083875105,0.30371302,0.90445924,-0.08859041,0.3259247,0.9048873,-0.08567365,0.27054626,0.77428186,-0.042155847,0.24600917,0.86215234,-0.0800368,0.27482292,0.9140591,-0.07156152,0.2986629,0.90429235,-0.060146265,0.23589867,0.8077215,-0.04633927,0.22336915,0.87977797,-0.07624497,0.25180763,0.9224906,-0.0741987,0.2743166,0.9201962,-0.06571766,point
0.3357957,0.9755204,-2.2734776e-08,0.36894256,0.95509106,-0.044057366,0.38269216,0.9006864,-0.063031286,0.33548957,0.87353593,-0.07517946,0.29108998,0.85527545,-0.08164848,0.3523602,0.77244747,-0.037096135,0.33941263,0.73726004,-0.07458783,0.31863716,0.714502,-0.09425172,0.2945377,0.6829559,-0.1060343,0.29942086,0.7610548,-0.030906213,0.27384996,0.82983875,-0.06891503,0.30123904,0.89562356,-0.0734043,0.32260662,0.8915132,-0.069528125,0.25852296,0.78348184,-0.031918023,0.23905417,0.85979456,-0.070622265,0.2723672,0.91094387,-0.062614344,0.2938967,0.89673436,-0.050353326,0.22852409,0.82343066,-0.03775064,0.21919487,0.8848877,-0.067251876,0.25161642,0.9232059,-0.06425123,0.27357557,0.9155834,-0.054970697,point
0.3344926,0.97393554,-5.248171e-08,0.36625293,0.9495639,-0.049899478,0.3692779,0.89550114,-0.071573265,0.31442642,0.8733569,-0.08465641,0.2678155,0.8536273,-0.09148435,0.34453875,0.7676133,-0.04198871,0.32456365,0.73311764,-0.08206154,0.2984942,0.70979005,-0.10351184,0.2680766,0.6791854,-0.11646115,0.29440072,0.7639448,-0.03375186,0.25801882,0.8244081,-0.07325502,0.28924668,0.89561605,-0.07625195,0.31360522,0.8912684,-0.07088729,0.25548273,0.7872674,-0.03335861,0.2233611,0.85289973,-0.07382773,0.2616667,0.90932876,-0.061469074,0.28605,0.89521515,-0.045726903,0.2272909,0.82645655,-0.038252264,0.20533931,0.8769625,-0.06790697,0.23893404,0.91615695,-0.060564533,0.26153004,0.9078446,-0.04795909,point
0.3362008,0.97852343,-7.761971e-08,0.3664497,0.95076114,-0.049298275,0.36795878,0.896059,-0.07125987,0.3155696,0.87010676,-0.08492578,0.2692803,0.8499402,-0.0926177,0.3433864,0.77008027,-0.040219497,0.32293218,0.7341242,-0.08038576,0.29590815,0.70936143,-0.10304899,0.2650771,0.6816255,-0.116774455,0.29539898,0.7661416,-0.031591076,0.2562633,0.82214177,-0.07062051,0.2861423,0.8898999,-0.07381116,0.311324,0.8856423,-0.068607576,0.25706902,0.78744394,-0.03088269,0.22277012,0.84828305,-0.07054536,0.258176,0.901062,-0.05910865,0.28184268,0.8865553,-0.044127095,0.22901693,0.82407665,-0.035481673,0.20586395,0.8726384,-0.0644015,0.23844321,0.91008985,-0.057757165,0.2610407,0.90128803,-0.04587883,point
0.33595657,0.9764061,-7.9895074e-08,0.36351538,0.9468226,-0.046499312,0.36038426,0.89108735,-0.066780075,0.30050296,0.8755788,-0.07952968,0.25178114,0.8647706,-0.08669543,0.33626702,0.7751338,-0.03719322,0.309344,0.7304811,-0.07412627,0.27774644,0.70700526,-0.09471301,0.24294071,0.6782218,-0.10764212,0.29019815,0.77378035,-0.030107921,0.2445587,0.82477105,-0.07008804,0.27431458,0.8912712,-0.07554018,0.30222896,0.89063936,-0.07138919,0.25423962,0.79531324,-0.030202152,0.21421923,0.8513657,-0.070299454,0.2511097,0.9042943,-0.06004606,0.2784383,0.89248663,-0.045192942,0.22785361,0.8294157,-0.03510395,0.19953248,0.871507,-0.064029455,0.2318213,0.91034335,-0.056818623,0.25715372,0.9046841,-0.044139206,point
0.31770387,0.97603476,-6.096684e-08,0.3488085,0.95039326,-0.049506586,0.34866697,0.8962672,-0.07354141,0.28611234,0.8780817,-0.08906511,0.23205927,0.86412835,-0.09886838,0.32998398,0.7822044,-0.048625953,0.2967227,0.72985476,-0.08996827,0.25977537,0.70619017,-0.112392575,0.21768895,0.6769315,-0.12658952,0.28053036,0.78461534,-0.04165923,0.23473418,0.82510173,-0.08555759,0.26448104,0.89638287,-0.08968196,0.28728938,0.89656025,-0.08422816,0.24116227,0.8063231,-0.041714646,0.20251164,0.8575002,-0.08264905,0.24216607,0.91011226,-0.06678835,0.26684746,0.89504296,-0.04851876,0.21089953,0.8393214,-0.046892565,0.1870884,0.87944204,-0.074470855,0.22091436,0.91620487,-0.0626922,0.24300697,0.90638393,-0.047092125,point
0.3119333,0.95831984,-6.543678e-08,0.34392688,0.9384133,-0.050734416,0.34194112,0.8925502,-0.074624546,0.27227825,0.8804412,-0.08956161,0.21946007,0.8624795,-0.09887861,0.31972635,0.778183,-0.04996063,0.27891192,0.7304547,-0.09132347,0.23513606,0.70906305,-0.11485701,0.19003889,0.683454,-0.12970534,0.271889,0.77833724,-0.041103635,0.22330636,0.82603765,-0.082461596,0.2522372,0.89410573,-0.08760295,0.2785592,0.89874226,-0.08371262,0.23344158,0.7976925,-0.03937468,0.19176531,0.8564753,-0.07825417,0.23002696,0.9075315,-0.06539763,0.25661176,0.89541024,-0.049704958,0.20395535,0.8279929,-0.042852934,0.17809536,0.87447786,-0.07037927,0.21109742,0.9123946,-0.060975928,0.23449607,0.90475214,-0.047230586,point
0.31306618,0.9505588,-7.2021315e-08,0.33605626,0.9321415,-0.048829902,0.3247281,0.89004385,-0.070886396,0.2567767,0.88494587,-0.08383839,0.20564218,0.87781334,-0.09133414,0.29470173,0.77246326,-0.04804919,0.25044522,0.7313014,-0.08462872,0.21198362,0.71507704,-0.10578923,0.17225334,0.6918689,-0.11962133,0.25126776,0.7786098,-0.038756188,0.20618342,0.8355146,-0.074816816,0.24290322,0.895192,-0.07960436,0.27029902,0.89605385,-0.07708482,0.21831878,0.8041881,-0.036067564,0.17913255,0.8672136,-0.07055544,0.22168432,0.9124094,-0.060756974,0.24754164,0.9005833,-0.048623938,0.19556674,0.83910984,-0.03842236,0.16953763,0.8890754,-0.06495354,0.20515487,0.9224297,-0.059119236,0.22885066,0.91452336,-0.04869606,point
0.3066536,0.9617711,-5.7234715e-08,0.32964414,0.9400395,-0.0524913,0.31523845,0.89697343,-0.078696154,0.24744251,0.89619875,-0.095164455,0.19373164,0.8902645,-0.10695867,0.2845245,0.7797337,-0.05515442,0.23845457,0.73197603,-0.09328555,0.19729339,0.71211046,-0.11693608,0.15618885,0.69074667,-0.13330507,0.24050565,0.79071987,-0.044807333,0.20398223,0.8455643,-0.08865885,0.23983286,0.9059785,-0.0978212,0.26710805,0.9081997,-0.09659368,0.20642196,0.8206277,-0.04030336,0.1718833,0.8799987,-0.08082387,0.21387112,0.92283726,-0.07120832,0.24090539,0.9129957,-0.057522338,0.182637,0.8591541,-0.04077129,0.16072689,0.90590477,-0.073184535,0.19699961,0.93824214,-0.0672573,0.22156213,0.93174154,-0.055098552,point
0.30428416,0.9629366,-8.244718e-08,0.32924575,0.9414889,-0.056223586,0.31419343,0.8992624,-0.08289666,0.24649522,0.89620984,-0.09910201,0.1922742,0.8884368,-0.10999152,0.28337538,0.78208196,-0.056892112,0.23553279,0.733314,-0.09523489,0.19399929,0.71298003,-0.1178157,0.15307407,0.69125104,-0.13314147,0.23849139,0.79068816,-0.044582,0.20076358,0.84924513,-0.08875996,0.23574084,0.9114135,-0.09631118,0.2633362,0.91096985,-0.093492635,0.20312518,0.81826144,-0.03877625,0.16944364,0.8791042,-0.08067781,0.20815948,0.92440194,-0.0706425,0.2327053,0.91243696,-0.055975758,0.17793861,0.85407215,-0.03824379,0.1573123,0.901423,-0.07139612,0.19270028,0.93284243,-0.06551435,0.21656954,0.9252498,-0.05289514,point
0.3063928,0.96402717,-5.073032e-08,0.3307633,0.9423079,-0.058344305,0.31656885,0.8986891,-0.08655388,0.24801515,0.8928563,-0.10410067,0.19277498,0.88166183,-0.116027646,0.28243393,0.78024393,-0.057607166,0.23447853,0.73320186,-0.09654323,0.19317327,0.71149325,-0.11854523,0.15272763,0.6878562,-0.13327801,0.23707557,0.78899044,-0.04439708,0.200205,0.8456339,-0.088364586,0.23706076,0.9061648,-0.09455879,0.26393896,0.90294904,-0.090630844,0.20193064,0.81664264,-0.03809005,0.16926025,0.87583023,-0.080293626,0.20921841,0.9203454,-0.06932445,0.2324726,0.90673566,-0.053866263,0.1764762,0.8525127,-0.03726923,0.15727626,0.89776176,-0.07063225,0.19302809,0.9286617,-0.06471315,0.21536511,0.92004603,-0.051965967,point
0.30800524,0.97164536,-5.113891e-08,0.33254227,0.9454298,-0.05524624,0.31967252,0.8970149,-0.08179268,0.2546311,0.88802344,-0.0987344,0.20124507,0.8775747,-0.11053275,0.28353012,0.781656,-0.051901333,0.23723456,0.7315568,-0.0897944,0.19702527,0.7083614,-0.11138821,0.15748802,0.68435514,-0.12564065,0.23934256,0.79351544,-0.03968412,0.20233579,0.8413285,-0.08390078,0.23875551,0.9024705,-0.09074721,0.2657437,0.901076,-0.086666025,0.20468742,0.8225212,-0.034112226,0.17114553,0.87397313,-0.07746278,0.21067862,0.9210342,-0.0666615,0.23510115,0.9107748,-0.050321035,0.17923974,0.8599856,-0.033606354,0.15777564,0.8986552,-0.066863365,0.19312029,0.9315976,-0.059950046,0.21666476,0.9263334,-0.04612115,point
0.3158419,0.9704254,-1.0035485e-07,0.3388977,0.9411694,-0.05473242,0.3249242,0.89054483,-0.07904383,0.25883073,0.88429755,-0.09323748,0.2053412,0.87505376,-0.10170357,0.28976557,0.7778489,-0.052233763,0.24450304,0.7292007,-0.09130885,0.20484377,0.70706284,-0.11337219,0.16444966,0.681473,-0.12786898,0.24613017,0.78973067,-0.040785223,0.20718503,0.837539,-0.084043145,0.24339963,0.9003063,-0.089712515,0.27053213,0.8980211,-0.08563025,0.21155979,0.8183223,-0.03638951,0.1744894,0.8691836,-0.0800626,0.21566416,0.91782004,-0.06922425,0.2406913,0.9045551,-0.053291705,0.18712547,0.85563666,-0.03700466,0.1623573,0.8922121,-0.06939338,0.19879174,0.9247725,-0.061784893,0.22231354,0.91738343,-0.04815644,point
0.32121748,0.9761122,-9.0921034e-08,0.34447068,0.94368494,-0.056532957,0.32975993,0.89161813,-0.08172621,0.2636186,0.8820106,-0.09652562,0.20976305,0.87103486,-0.10536233,0.29602805,0.7800003,-0.053311117,0.2525192,0.72748023,-0.09279738,0.2128732,0.70450205,-0.1141887,0.17308915,0.679294,-0.12776023,0.25301343,0.7947947,-0.04140766,0.21234626,0.8340787,-0.08536453,0.24761161,0.9003918,-0.08999071,0.27443972,0.89845026,-0.08442906,0.21829809,0.823422,-0.036864363,0.17854822,0.86623573,-0.08221525,0.21933457,0.9173148,-0.070484735,0.2444777,0.90496093,-0.053040877,0.19402334,0.8605881,-0.037380446,0.16627714,0.8899485,-0.070473626,0.20203632,0.9232779,-0.06167096,0.22597978,0.9182722,-0.046679333,point
0.324613,0.9767854,-8.692637e-08,0.34931993,0.9420712,-0.054107267,0.33939683,0.8872814,-0.07920461,0.27301693,0.87619525,-0.094660595,0.218878,0.86505735,-0.104149126,0.3040831,0.7778715,-0.052150138,0.26312378,0.7274723,-0.092435166,0.22355005,0.7031619,-0.1134933,0.18297523,0.6767247,-0.12685826,0.25838742,0.7914993,-0.041511074,0.21972564,0.83299786,-0.08314824,0.25710002,0.8989647,-0.084300414,0.28194195,0.89181495,-0.077179514,0.2222514,0.8197863,-0.038342264,0.18585712,0.8642343,-0.08107121,0.22857517,0.9135695,-0.065372944,0.2522067,0.89759374,-0.046440687,0.19623315,0.8588248,-0.040400583,0.17273423,0.8895467,-0.070780344,0.2097028,0.9214274,-0.0597205,0.23157729,0.91352135,-0.043991502,point
0.32749665,0.97447014,-8.863925e-08,0.35151768,0.93996316,-0.05317536,0.3424362,0.88680524,-0.0775962,0.2788643,0.87425244,-0.09256014,0.22629389,0.86267966,-0.10189076,0.31078392,0.7794166,-0.05208251,0.27056026,0.72594887,-0.090468526,0.23084235,0.7011784,-0.11083799,0.19154082,0.67613345,-0.12380279,0.26693052,0.79301965,-0.041782454,0.22643578,0.8279867,-0.0823418,0.2600825,0.8937963,-0.08493441,0.28638247,0.88948494,-0.079109974,0.23151508,0.81959236,-0.03846906,0.19191043,0.8581095,-0.08052286,0.23124789,0.9089165,-0.06687485,0.2567395,0.89586914,-0.049527336,0.20597957,0.8559825,-0.040177207,0.17777923,0.88415945,-0.07056311,0.2129282,0.9173576,-0.06038814,0.23734744,0.9121128,-0.04542165,point
0.3305069,0.9742878,-7.755605e-08,0.3562986,0.9408465,-0.054454464,0.34904402,0.8877156,-0.08041961,0.28544107,0.87137496,-0.096685864,0.23209193,0.8577086,-0.10746192,0.31936675,0.7805512,-0.05488187,0.28243735,0.7280299,-0.09427669,0.24320742,0.70156646,-0.11539805,0.20356083,0.6746043,-0.12928173,0.27357304,0.79157835,-0.044819023,0.23224062,0.8248006,-0.086502865,0.2645913,0.8918307,-0.08912062,0.28985363,0.88848066,-0.083243184,0.23707557,0.816531,-0.04176762,0.19710934,0.8552522,-0.08418239,0.23613852,0.90593815,-0.069777586,0.26124927,0.8929607,-0.052136313,0.21092612,0.8522425,-0.043921053,0.18350315,0.8819708,-0.07420099,0.21838558,0.91480374,-0.06366215,0.24178371,0.90793383,-0.048697114,point
0.33392537,0.9724679,-5.6116974e-08,0.3604987,0.94038856,-0.053686477,0.3561213,0.88835174,-0.08073477,0.29441586,0.8706087,-0.098271675,0.24097407,0.85807025,-0.11097694,0.32682198,0.777637,-0.057355683,0.29422837,0.7289231,-0.097797155,0.2559444,0.70283467,-0.1207299,0.216674,0.67629546,-0.13612565,0.27968368,0.7870422,-0.04765871,0.23964067,0.8232668,-0.08922054,0.27050254,0.8893403,-0.092448756,0.29586545,0.8868595,-0.08777384,0.24244216,0.81168145,-0.04469474,0.20307618,0.8548375,-0.0863733,0.24116188,0.9051436,-0.07249539,0.26761585,0.8933829,-0.055991028,0.21574274,0.8475654,-0.04688741,0.18823135,0.88099587,-0.07694252,0.2226767,0.9146674,-0.06694005,0.24700205,0.9079726,-0.052779377,point
0.34034497,0.97403014,-5.881195e-08,0.36567202,0.9419272,-0.05184571,0.3627839,0.8896417,-0.076570734,0.30774793,0.86928934,-0.09286195,0.25662777,0.85611266,-0.1041326,0.33115137,0.7728484,-0.046115752,0.30580315,0.73264116,-0.08465428,0.27197817,0.70647895,-0.10665984,0.23603801,0.6801068,-0.120956965,0.28482217,0.7781009,-0.03716409,0.2454421,0.81974524,-0.07706514,0.27548972,0.8866311,-0.08058707,0.3006293,0.88219225,-0.07527997,0.24823733,0.80265284,-0.03546931,0.21035513,0.84992456,-0.07652201,0.24642144,0.90114945,-0.06380058,0.27199396,0.88867337,-0.04733601,0.22178638,0.84025186,-0.03899938,0.19514006,0.87745243,-0.06881509,0.22774014,0.91124815,-0.059869524,0.25144354,0.90491486,-0.04596418,point
0.34140787,0.9690905,-8.1483286e-08,0.37073547,0.94378275,-0.05521611,0.37497008,0.8916998,-0.0806515,0.3248893,0.8687186,-0.09643798,0.27784818,0.85387856,-0.106984235,0.34560227,0.767672,-0.052004635,0.32729566,0.72672623,-0.09295481,0.29783085,0.7011077,-0.11574568,0.2658169,0.67521393,-0.12940168,0.29702982,0.76572806,-0.040684156,0.2576684,0.818865,-0.08030638,0.28216863,0.88708353,-0.08260215,0.30515838,0.8819086,-0.07675841,0.25796592,0.78849787,-0.03713527,0.22166127,0.84439754,-0.078250065,0.2536001,0.8979763,-0.06599355,0.27700317,0.8859408,-0.05002165,0.22911237,0.82625985,-0.039047394,0.20508614,0.87059426,-0.06986516,0.23556575,0.9076597,-0.062200926,0.2575986,0.9037867,-0.048896678,point
0.33354574,0.9721142,-8.137453e-08,0.36790425,0.9545425,-0.053273987,0.38557017,0.90208364,-0.079880156,0.34746933,0.86864954,-0.09843229,0.30536127,0.84723663,-0.11130103,0.35904077,0.76545256,-0.049196593,0.34817758,0.7224295,-0.09375707,0.32312733,0.7010125,-0.11642841,0.29395708,0.6785457,-0.12821433,0.30710363,0.75408465,-0.038843952,0.274713,0.8194519,-0.08130064,0.29722947,0.88900524,-0.08281806,0.31559005,0.87939095,-0.07545015,0.26471823,0.774099,-0.036817364,0.2377842,0.8459005,-0.07917645,0.26695472,0.89877117,-0.06658539,0.28595033,0.88390505,-0.050121523,0.23111096,0.81065804,-0.040300857,0.21565682,0.8679282,-0.07067094,0.24362512,0.9076851,-0.063855305,0.26335284,0.90114874,-0.050915834,point
0.330769,0.97359276,-8.803374e-08,0.37160602,0.96339726,-0.04420707,0.40692294,0.90626246,-0.06717205,0.3761898,0.8666673,-0.08490074,0.33068538,0.84698474,-0.09783642,0.37094265,0.7648392,-0.040282406,0.36796176,0.71323174,-0.08365396,0.34791028,0.6955572,-0.10623052,0.32386434,0.6800847,-0.116988584,0.31773382,0.7459693,-0.0336679,0.299507,0.8190476,-0.07734641,0.31939077,0.88447475,-0.0837647,0.33402106,0.87996054,-0.07938073,0.2729626,0.7655158,-0.03432186,0.2608466,0.85265756,-0.07556702,0.28645813,0.901374,-0.068143934,0.30200052,0.8890611,-0.055183265,0.2353366,0.8010739,-0.039607193,0.23236129,0.8727567,-0.06840692,0.25787497,0.91422373,-0.065032825,0.2749208,0.9073639,-0.054661058,point
0.3367913,0.9783616,-1.0599941e-07,0.37906608,0.9619341,-0.035618003,0.41824162,0.90951836,-0.05704463,0.39405507,0.86807543,-0.07443831,0.35606056,0.83986837,-0.08886846,0.3857732,0.7637989,-0.03974031,0.38654625,0.72655916,-0.07705898,0.37708697,0.7007971,-0.101084776,0.3662799,0.67296314,-0.116528675,0.3312894,0.74232465,-0.037204668,0.32519227,0.8241403,-0.07727621,0.33813912,0.8866292,-0.08725918,0.35094467,0.8906702,-0.088310815,0.28499725,0.76027215,-0.039456233,0.2843415,0.85579026,-0.07560978,0.3029183,0.89949983,-0.070386305,0.3174098,0.8898284,-0.061863523,0.246106,0.79636776,-0.045838702,0.25122505,0.87424195,-0.0725405,0.27219814,0.9140196,-0.07079199,0.28782326,0.9074138,-0.06353945,point
0.35146007,0.8997905,3.7921728e-07,0.4122739,0.86178374,-0.019906947,0.4358547,0.773811,-0.019317755,0.4133247,0.69707316,-0.01917873,0.3818522,0.6535221,-0.017648973,0.41784048,0.72878355,0.0065666516,0.4390746,0.6471749,0.0012429772,0.44850528,0.59475815,-0.0011358382,0.4532488,0.5513469,-0.004048354,0.3838426,0.71690005,0.0055777235,0.38561043,0.61775666,-0.0057808533,0.38896838,0.5664462,-0.011795326,0.38721994,0.5270609,-0.014017264,0.35189387,0.7225164,0.0005242392,0.35629377,0.6311487,-0.033670466,0.37429726,0.6897881,-0.038683154,0.3797405,0.7395365,-0.031424172,0.31912202,0.74043036,-0.005298171,0.33190128,0.68642783,-0.041914377,0.3502861,0.7311213,-0.04833149,0.35724849,0.77569735,-0.044929728,peace
0.35165697,0.90016824,3.760195e-07,0.412889,0.86098605,-0.019245842,0.43674123,0.7733914,-0.018442197,0.41481742,0.6964551,-0.0183232,0.38291624,0.65339136,-0.016916858,0.41784775,0.7280076,0.0076226387,0.4390154,0.6464135,0.0027220892,0.4484281,0.5941428,0.00066000404,0.45311785,0.55086684,-0.0020333554,0.3838633,0.7162937,0.006439535,0.3854493,0.61729765,-0.0046785567,0.38887286,0.5665078,-0.010511357,0.38709867,0.52732193,-0.012574883,0.35208002,0.72199607,0.0012289921,0.35682422,0.6308454,-0.03268135,0.3751843,0.6898099,-0.03766933,0.38057125,0.7395684,-0.030438397,0.31931338,0.74000263,-0.0046915016,0.33248046,0.6861051,-0.04097013,0.35112187,0.7308775,-0.047277167,0.35796687,0.7754229,-0.04384517,peace
0.35241303,0.9008071,3.8127425e-07,0.4142044,0.86013794,-0.019431895,0.43788493,0.7727181,-0.018991943,0.41604558,0.69616187,-0.01930751,0.38336423,0.6535277,-0.018440751,0.41831246,0.728246,0.007567775,0.43922168,0.64667934,0.0030369544,0.4484715,0.59386647,0.0014418056,0.45304072,0.55063975,-0.0008929344,0.3842225,0.7167543,0.0063856356,0.3855529,0.6171953,-0.0041659195,0.38873866,0.5665443,-0.009241608,0.38662848,0.5274701,-0.010730834,0.35246837,0.7226441,0.0011055154,0.35741213,0.63096887,-0.032653462,0.3759598,0.6906194,-0.03742592,0.38109526,0.74054617,-0.029978639,0.31960195,0.74062604,-0.0049006427,0.33284965,0.6854168,-0.041108277,0.3518378,0.73051435,-0.04731792,0.35868645,0.7754934,-0.043821767,peace
0.3531865,0.9007436,3.843352e-07,0.41505575,0.85958546,-0.019238293,0.43848422,0.772279,-0.019045666,0.41676095,0.6953971,-0.019791557,0.38349184,0.65334094,-0.019420179,0.41894352,0.72762555,0.008438635,0.43958524,0.64668506,0.004008149,0.4487884,0.5938648,0.0025623133,0.45336163,0.5511271,0.00039458246,0.3847696,0.7161764,0.007113572,0.38579765,0.6169416,-0.0031520757,0.3889285,0.56667084,-0.00780054,0.38700554,0.527361,-0.008928946,0.35303304,0.72208077,0.0016043066,0.3579865,0.63081276,-0.032000616,0.37630764,0.6905775,-0.03661976,0.38119736,0.74044675,-0.029036814,0.320082,0.740112,-0.0046366407,0.333325,0.685224,-0.04068016,0.35215348,0.73056024,-0.04676151,0.35871577,0.7756088,-0.04317127,peace
0.35330483,0.90076417,3.7943477e-07,0.4148935,0.86002356,-0.019242564,0.43886074,0.77254224,-0.018917123,0.41725785,0.6957082,-0.019429445,0.38406283,0.65399456,-0.018792413,0.41907257,0.7270639,0.0080412775,0.43962437,0.6461847,0.0035548634,0.4487312,0.5936549,0.0020210117,0.45329875,0.55093986,-0.00022774919,0.3849187,0.7157129,0.006777643,0.3858246,0.6167866,-0.0036285035,0.38873717,0.56644285,-0.008494405,0.38667196,0.527052,-0.009806563,0.35323334,0.72176266,0.0014048973,0.35781285,0.6308824,-0.032180868,0.3762593,0.6902744,-0.036830425,0.38142258,0.73999536,-0.029313166,0.32043377,0.7399282,-0.004694551,0.33341795,0.68512857,-0.04070554,0.35227713,0.7303845,-0.04674495,0.3590176,0.77542484,-0.043125037,peace
0.3538097,0.90163094,3.7708423e-07,0.41541338,0.86090696,-0.01901482,0.43944767,0.7730765,-0.018478693,0.41797,0.6962865,-0.018806536,0.38486046,0.655435,-0.01797716,0.41917297,0.7271226,0.007938606,0.4396873,0.6460549,0.0034281367,0.4488651,0.5934923,0.0018106977,0.45339444,0.55071086,-0.0005285737,0.38513622,0.7157897,0.0066661704,0.38613212,0.61715347,-0.0037306754,0.38907918,0.5666923,-0.008698747,0.3870259,0.52712953,-0.010159065,0.3535078,0.7219047,0.0013353147,0.35820624,0.6308298,-0.03203061,0.37672034,0.68990344,-0.03675908,0.38201934,0.7398894,-0.029395362,0.3207883,0.7402573,-0.004722084,0.33374107,0.6858155,-0.04059271,0.35294256,0.7304301,-0.04680474,0.36011353,0.77541804,-0.04335328,peace
0.35536656,0.90228295,3.7140913e-07,0.41581973,0.860253,-0.01924785,0.4396099,0.7739262,-0.019348063,0.41848147,0.6970955,-0.020332847,0.38580558,0.65473795,-0.020125799,0.41986197,0.72819144,0.006835089,0.44052526,0.646742,0.0007257888,0.4498436,0.5943771,-0.0023006126,0.45475352,0.550616,-0.005540567,0.38606447,0.7168334,0.0053652995,0.38685897,0.618248,-0.00690385,0.389802,0.5677654,-0.013389216,0.38791165,0.5280719,-0.015863404,0.35432804,0.7227006,-7.37594e-05,0.35929233,0.63235956,-0.034321986,0.37743685,0.6913286,-0.03885148,0.38240153,0.7411325,-0.031263467,0.32157508,0.74113953,-0.006271671,0.3349223,0.6860268,-0.041973077,0.35327804,0.73087394,-0.047269173,0.35950616,0.7759578,-0.043138165,peace
0.3553702,0.9017793,3.7444283e-07,0.4161274,0.859187,-0.01854391,0.4395041,0.7733439,-0.01831001,0.41771054,0.6967006,-0.019089082,0.38499376,0.65433437,-0.018716749,0.4216023,0.72884095,0.008159331,0.44204897,0.64761376,0.002034384,0.45095038,0.595088,-0.0010827864,0.45540655,0.55094296,-0.004374342,0.38767365,0.7170268,0.006302329,0.38925195,0.61855125,-0.006357202,0.39220986,0.5682982,-0.013096746,0.390369,0.52894664,-0.015506284,0.35578403,0.7223496,0.00046219458,0.35983455,0.6328897,-0.034209933,0.37744746,0.6914046,-0.039121855,0.38250545,0.7407125,-0.031575482,0.32251823,0.74042165,-0.0060399664,0.33558995,0.68601245,-0.04183981,0.35391182,0.7312735,-0.047206726,0.3606414,0.7761681,-0.04306722,peace
0.3556086,0.90219176,3.7297997e-07,0.41701013,0.8617233,-0.018840933,0.4402739,0.7737118,-0.018034289,0.41826922,0.6958021,-0.018072143,0.38572657,0.65288985,-0.016911358,0.4222229,0.7293641,0.008071013,0.44306856,0.64740944,0.0024320697,0.45247474,0.5945337,-0.0003772677,0.45723543,0.55034316,-0.003626015,0.3881531,0.71725,0.0065097623,0.39036593,0.6187626,-0.0055752005,0.39347807,0.5683838,-0.012095315,0.39185467,0.52892625,-0.014582182,0.355985,0.7225329,0.00094797224,0.36031553,0.6312052,-0.033618066,0.37721094,0.6902711,-0.038422175,0.38196048,0.7402187,-0.030961609,0.3223842,0.74065906,-0.005318115,0.3350582,0.6862163,-0.041937895,0.35311827,0.73164463,-0.047885712,0.35991812,0.77695614,-0.044109806,peace
0.3553326,0.9015626,3.8043498e-07,0.41670677,0.86126214,-0.019170363,0.43981278,0.77242893,-0.018186921,0.4173574,0.6936859,-0.017958773,0.38482246,0.6492818,-0.016429445,0.42215553,0.7284985,0.008847285,0.44368175,0.645905,0.003797596,0.45321742,0.5928304,0.0015864006,0.45816693,0.54884005,-0.001199993,0.3879932,0.7167278,0.0074526994,0.39001805,0.6175516,-0.0038512321,0.39317125,0.56636703,-0.00971183,0.39170468,0.5261113,-0.0118004745,0.35592237,0.72205913,0.0018949519,0.36004502,0.6307203,-0.032715775,0.37700835,0.6904799,-0.03722592,0.38175204,0.7404163,-0.029460356,0.3223974,0.73969114,-0.004400634,0.3344623,0.6845848,-0.041384514,0.35203314,0.7308778,-0.047263194,0.3585104,0.77636516,-0.043338478,peace
0.35458034,0.9017412,3.8245227e-07,0.41588786,0.8616004,-0.01942765,0.43927914,0.77330023,-0.01855032,0.41787246,0.6946335,-0.01846061,0.3858205,0.6494845,-0.017038653,0.42187297,0.72808874,0.00879143,0.44326463,0.64509654,0.0039455937,0.45283598,0.5915852,0.0019609616,0.45781532,0.5477159,-0.0006308966,0.3875553,0.71648735,0.007465005,0.38897777,0.6167629,-0.003620506,0.39208478,0.5651729,-0.009308179,0.390583,0.52476925,-0.011299546,0.35531884,0.72186005,0.001930091,0.35958996,0.6305535,-0.032596447,0.37669617,0.6905736,-0.037051074,0.38126656,0.7407521,-0.029215094,0.3217044,0.73928714,-0.00439126,0.33375826,0.6838594,-0.041252166,0.35154757,0.7297236,-0.047176782,0.3579136,0.7749333,-0.04329053,peace
0.35212332,0.90177155,3.9712208e-07,0.41373223,0.8626956,-0.01887292,0.4365663,0.77250934,-0.01688194,0.41540733,0.692891,-0.016003426,0.38351676,0.64702255,-0.01361941,0.41969642,0.72613263,0.012540289,0.4416677,0.64314586,0.008415538,0.45178205,0.5899047,0.0067233974,0.456859,0.5462779,0.0042481194,0.3854838,0.71477705,0.010947536,0.3874929,0.61564237,-0.00023042558,0.39090818,0.5625866,-0.0064082947,0.38933653,0.52076745,-0.008663014,0.35322842,0.72010505,0.004894162,0.35700783,0.62930214,-0.030247033,0.3748386,0.6904918,-0.03500379,0.3799133,0.74177545,-0.027010955,0.31940708,0.7369322,-0.001971306,0.33132654,0.68183833,-0.039434094,0.34886262,0.7283533,-0.045814376,0.35486105,0.7740346,-0.042097043,peace
0.35167658,0.9023841,3.9469765e-07,0.4132956,0.86063486,-0.019374367,0.43581703,0.7718533,-0.017694669,0.41429716,0.69340706,-0.016952204,0.3832001,0.64679027,-0.014716734,0.41921467,0.7264296,0.0113462275,0.44077104,0.6424462,0.007131077,0.45036888,0.58856773,0.00545586,0.4553552,0.5443896,0.0030766372,0.3847958,0.71514726,0.01010747,0.38598695,0.6149299,-0.0010596182,0.3888962,0.5615984,-0.007082722,0.38738814,0.5203038,-0.0091820685,0.35242933,0.7209573,0.0044427514,0.3561333,0.63008845,-0.030965772,0.37294975,0.6916685,-0.0360362,0.37784556,0.7426676,-0.028146053,0.3187754,0.73851454,-0.0019760646,0.3305185,0.6835042,-0.0397042,0.3480845,0.73017526,-0.04632876,0.35465562,0.7752911,-0.042706776,peace
0.35185742,0.90272975,3.9535868e-07,0.41321313,0.8607335,-0.019193029,0.4357238,0.77217185,-0.017786182,0.41435844,0.69382805,-0.017376984,0.3831718,0.6473023,-0.015535063,0.4189545,0.72738445,0.0108003365,0.44073385,0.64283055,0.0065089054,0.45032072,0.5882906,0.004990571,0.45531967,0.5440544,0.0027965084,0.384455,0.7159532,0.009431803,0.3856491,0.61479855,-0.0016272909,0.38872886,0.56159985,-0.0073311683,0.38748485,0.5206536,-0.0091729015,0.35220143,0.7214938,0.0036948433,0.35605356,0.6299608,-0.031677898,0.37314627,0.6908381,-0.036949385,0.3782464,0.74192077,-0.029249683,0.31869942,0.7388699,-0.0027406223,0.33032382,0.6843947,-0.040489215,0.34843484,0.73066163,-0.04733805,0.35560822,0.775896,-0.043892875,peace
0.35059252,0.9023482,3.903032e-07,0.4117746,0.86081994,-0.019117858,0.43495068,0.7709486,-0.017426105,0.4137037,0.6920745,-0.016685002,0.38201046,0.64604646,-0.014455788,0.41829476,0.7259193,0.010745959,0.43983606,0.6413715,0.00646352,0.44926775,0.5873505,0.0048449044,0.45412412,0.5430605,0.002478658,0.38380426,0.7148519,0.009300515,0.38471666,0.6142174,-0.001955802,0.38789257,0.5609181,-0.00796147,0.3867073,0.5193795,-0.010103588,0.3513942,0.72084755,0.0035482096,0.35493845,0.62949145,-0.03183382,0.372402,0.69079363,-0.036698997,0.37757722,0.7418396,-0.028773205,0.31778798,0.73847455,-0.002932212,0.32957786,0.6833712,-0.04063397,0.34743404,0.7298749,-0.047073036,0.35400292,0.7748965,-0.043367658,peace
0.35011983,0.9013055,3.8704292e-07,0.41114497,0.8595117,-0.01885566,0.4340091,0.77011204,-0.016930932,0.41259053,0.69153035,-0.015938153,0.3812245,0.64538455,-0.013485089,0.41842386,0.7250941,0.011184282,0.43971014,0.6405939,0.006714253,0.4491714,0.5867218,0.004846268,0.45386827,0.54216987,0.0023416115,0.38402972,0.713652,0.009717012,0.38556498,0.61321735,-0.0018882036,0.3883366,0.559963,-0.008335223,0.3864906,0.51847583,-0.010638989,0.35140124,0.7192868,0.0039940835,0.35457993,0.6285612,-0.03153337,0.37154254,0.6898705,-0.036658924,0.37643123,0.7406273,-0.028793808,0.31723842,0.7366395,-0.002405566,0.3285853,0.6819507,-0.04016936,0.34611112,0.72888786,-0.046532504,0.35249847,0.77385753,-0.04265687,peace
0.3484028,0.9023567,3.830065e-07,0.41038233,0.861235,-0.018569913,0.43332413,0.77170205,-0.016347656,0.41177174,0.6927556,-0.015167925,0.38089585,0.6460278,-0.012523215,0.41842714,0.7270592,0.012159597,0.43971017,0.6414064,0.008239618,0.4489993,0.58658767,0.006923148,0.45342463,0.5417434,0.0047585145,0.38384238,0.71489775,0.010547836,0.38562217,0.61311686,-0.00063465344,0.38844922,0.5594853,-0.006658553,0.38669026,0.518101,-0.008620356,0.35133207,0.7198258,0.0046051787,0.35410085,0.62822855,-0.031024061,0.37150335,0.6898821,-0.036360215,0.377087,0.7411825,-0.028541312,0.3172025,0.7366013,-0.0019768928,0.32721055,0.6819222,-0.040079106,0.3452358,0.7289573,-0.046927914,0.3528323,0.77428925,-0.043358136,peace
0.34849378,0.9013737,3.6950158e-07,0.41033745,0.86035526,-0.018241998,0.43301567,0.7703757,-0.016330265,0.41111386,0.6909887,-0.015546161,0.37963593,0.6446296,-0.013375637,0.41783625,0.72695404,0.011076274,0.43913156,0.64167464,0.0062658256,0.44836968,0.5874777,0.004375523,0.45314136,0.5429375,0.0018047248,0.3835186,0.7155084,0.009211872,0.3856318,0.6140841,-0.0032389732,0.38838395,0.5601985,-0.010204745,0.38681728,0.518198,-0.01287716,0.351273,0.72095096,0.0032063662,0.35359412,0.629195,-0.033379987,0.37081853,0.69059086,-0.039201695,0.37657478,0.74235857,-0.03160877,0.31743062,0.7381142,-0.0033316484,0.32657418,0.68304473,-0.04184208,0.34438935,0.7295105,-0.048877258,0.3517299,0.7749631,-0.045431174,peace
0.34751108,0.8992651,3.74102e-07,0.40937343,0.85903406,-0.018994259,0.4325432,0.7698841,-0.017084274,0.4107966,0.6903303,-0.016076192,0.37886766,0.64408886,-0.013635345,0.41777354,0.7264397,0.011043786,0.43926382,0.64159536,0.006412537,0.448537,0.5875327,0.004608106,0.45328122,0.54288673,0.0020923396,0.38356298,0.7144965,0.009669758,0.3851861,0.61345226,-0.002755399,0.38772067,0.5594263,-0.009687131,0.38625652,0.51723063,-0.012266587,0.35136813,0.7196198,0.0040724133,0.35375354,0.6289598,-0.032771416,0.36975187,0.6912241,-0.038505245,0.37475142,0.7427103,-0.030697243,0.31729662,0.7362704,-0.0020974057,0.32647353,0.6818885,-0.040880866,0.34326428,0.729034,-0.04788814,0.34996292,0.7740191,-0.044331558,peace
0.34739175,0.8996905,3.768489e-07,0.40877238,0.861937,-0.019230707,0.4321083,0.77129644,-0.017483901,0.41050956,0.69124085,-0.016547348,0.37893766,0.64469814,-0.014089257,0.41738808,0.7261175,0.010129241,0.4387779,0.6411173,0.0053836587,0.44825566,0.58683413,0.0036270164,0.45335558,0.5425398,0.0010902829,0.38312846,0.71446466,0.008731262,0.38470346,0.61357206,-0.0037240135,0.3872446,0.5590333,-0.010804389,0.38590226,0.5163404,-0.0136185335,0.35095358,0.7198552,0.0031490717,0.3536053,0.6289744,-0.03368047,0.3692875,0.6909561,-0.039532565,0.37423405,0.7423578,-0.03197814,0.3173825,0.7366675,-0.0030455,0.32597184,0.68365717,-0.04219904,0.34234938,0.7306124,-0.049760446,0.3489269,0.77504796,-0.04664411,peace
0.34744,0.90077055,3.8569965e-07,0.4088913,0.8626781,-0.019453725,0.4324417,0.7717909,-0.01800623,0.41094896,0.69115645,-0.01740359,0.37887838,0.6439797,-0.015303385,0.416967,0.72673947,0.01005921,0.43812698,0.64124864,0.0053307763,0.44764626,0.5866251,0.0036653422,0.45285654,0.5421536,0.0012502768,0.38260558,0.7149646,0.008584104,0.3842998,0.6134908,-0.003643021,0.38723493,0.5591591,-0.010352479,0.38607535,0.5164654,-0.0128882015,0.35030803,0.72009826,0.0028772722,0.35309142,0.62886304,-0.033855192,0.36896616,0.6916489,-0.039089628,0.37361977,0.74319404,-0.031067261,0.3165124,0.736696,-0.0034914513,0.325837,0.6824415,-0.04249201,0.3427352,0.7304477,-0.049433503,0.34926206,0.7757016,-0.04583367,peace
0.34731087,0.90000176,3.8275954e-07,0.4085975,0.86111015,-0.019647032,0.43220207,0.77049565,-0.018327788,0.410582,0.69027716,-0.017775921,0.37829605,0.6435039,-0.015713181,0.41643026,0.7260511,0.009458927,0.43799785,0.64065087,0.004580652,0.44735712,0.5863873,0.0029607038,0.45242828,0.5422447,0.0006275952,0.3822747,0.7146945,0.0081785135,0.38372555,0.613036,-0.004232488,0.38657042,0.558467,-0.010966125,0.38541004,0.5156462,-0.013510965,0.35024846,0.7203092,0.002685185,0.3530064,0.62954324,-0.03410604,0.36944017,0.69179094,-0.039577372,0.37447858,0.7432012,-0.03170062,0.31673616,0.7371959,-0.0034524526,0.32580385,0.6830615,-0.04226644,0.3427596,0.7300363,-0.049317885,0.34931913,0.77469915,-0.045842066,peace
0.3475752,0.90045303,3.856704e-07,0.4090757,0.8610985,-0.019329105,0.4323441,0.77090657,-0.017915467,0.41049334,0.6912217,-0.017403873,0.37893,0.6439519,-0.015407849,0.41614345,0.7257717,0.010133839,0.43751723,0.64086676,0.0054159635,0.44682997,0.5866577,0.003847869,0.45180625,0.54259443,0.0015398063,0.38200942,0.7144207,0.008570749,0.38331294,0.61273617,-0.003698101,0.38604715,0.5581088,-0.010399752,0.38471296,0.5151669,-0.012914915,0.3499666,0.7200477,0.0027687585,0.35283178,0.62935483,-0.033919122,0.3696924,0.6919552,-0.039254125,0.3749616,0.7431447,-0.0312977,0.3164239,0.73708725,-0.0036675597,0.32566583,0.68268436,-0.042458836,0.343197,0.73017514,-0.049370863,0.35023323,0.774984,-0.045782957,peace
0.34732905,0.9009176,3.9313983e-07,0.409018,0.86188453,-0.019878887,0.43283087,0.7719557,-0.01889673,0.4112608,0.69201595,-0.018763369,0.37929708,0.64486665,-0.017117737,0.41585085,0.7257022,0.009605432,0.43712562,0.6404082,0.0045194407,0.44640112,0.5861114,0.002750264,0.45134607,0.54193544,0.00034808955,0.38170102,0.71426266,0.008144504,0.38307622,0.6120492,-0.0043888325,0.38578457,0.5572143,-0.011134055,0.38445386,0.5140776,-0.013631758,0.34956166,0.71981066,0.002389817,0.35304633,0.6287615,-0.034476243,0.36980894,0.69189703,-0.039491773,0.37492865,0.7433586,-0.031255428,0.31598344,0.7370275,-0.0040686093,0.3259856,0.6829503,-0.0429428,0.34353226,0.7310087,-0.049584214,0.35029933,0.7761812,-0.045745995,peace
0.34877548,0.9029116,3.890559e-07,0.41056728,0.8640661,-0.019329816,0.43511143,0.7727234,-0.018522521,0.4135371,0.69409037,-0.018565442,0.3789558,0.6531882,-0.017180089,0.41452587,0.72373956,0.007753912,0.4349987,0.6390575,0.0021318041,0.44381267,0.5852101,-0.00069548347,0.44883174,0.5404666,-0.004210119,0.38046023,0.71352506,0.005812464,0.38036868,0.61226916,-0.0073692654,0.3837012,0.5563638,-0.015734896,0.38238013,0.5131369,-0.01981635,0.34865746,0.7209352,-4.1349394e-05,0.3527302,0.6312744,-0.03616643,0.37289673,0.69069093,-0.042296343,0.37972617,0.74149895,-0.03544337,0.31657597,0.73990947,-0.0065911254,0.32856703,0.68595904,-0.043910448,0.34723252,0.7308824,-0.050615765,0.35373697,0.77491826,-0.047435783,peace
0.34919134,0.90320385,4.0474958e-07,0.40948638,0.86338526,-0.021022927,0.43593287,0.7740524,-0.021776563,0.41590557,0.6961073,-0.023004849,0.38059312,0.65619814,-0.02273454,0.4130284,0.72213566,0.004672291,0.43371484,0.6374684,-0.0020035354,0.4425155,0.58437896,-0.0051465584,0.44759804,0.5401938,-0.008473993,0.37939295,0.7116635,0.0032662402,0.37891904,0.60958254,-0.010485274,0.3819242,0.5542815,-0.01837829,0.38123012,0.5100081,-0.021783132,0.34791875,0.71925336,-0.0020281281,0.35440916,0.63025415,-0.0381032,0.37312013,0.69285935,-0.04228383,0.37906498,0.7437494,-0.033881016,0.31619567,0.73943114,-0.008217047,0.33015302,0.68576133,-0.04492715,0.34803456,0.73299813,-0.049720947,0.35386994,0.7776147,-0.04493766,peace
0.34940472,0.90393126,3.9208084e-07,0.4094542,0.8629814,-0.019967284,0.43543032,0.7736317,-0.020530395,0.4147327,0.69597524,-0.021880705,0.38021627,0.6557555,-0.021796484,0.41311842,0.7215477,0.0048852675,0.43334055,0.6367525,-0.0030074026,0.44230694,0.5838435,-0.007176104,0.44752455,0.53924555,-0.011182117,0.37941983,0.71113896,0.0029887038,0.3796361,0.6099801,-0.01236214,0.3829953,0.55531675,-0.021397425,0.38232267,0.51234627,-0.02547128,0.3477551,0.71884733,-0.0026731975,0.35373116,0.6288288,-0.0389351,0.3730048,0.6900013,-0.043111615,0.37968764,0.74083006,-0.034817565,0.3163515,0.7397499,-0.009173568,0.33033347,0.68601775,-0.045505315,0.3485133,0.73226947,-0.050078765,0.35459214,0.7766729,-0.04521937,peace
0.349537,0.903969,3.8913163e-07,0.40964648,0.862608,-0.020267157,0.43591428,0.7740106,-0.020866385,0.41552407,0.6960639,-0.022148497,0.3813858,0.65550745,-0.021976465,0.41364086,0.72202784,0.004836108,0.433826,0.63694704,-0.0026380778,0.44255707,0.5840039,-0.0064165853,0.44774026,0.5395406,-0.010110346,0.3797878,0.7113948,0.0032337457,0.37953302,0.60968375,-0.011461216,0.3826881,0.5552768,-0.019905927,0.38215628,0.51288116,-0.02358305,0.34814206,0.71908504,-0.002181695,0.35430446,0.6289643,-0.03816821,0.37317318,0.6900293,-0.042435586,0.37970838,0.7411853,-0.034208454,0.3166765,0.74006855,-0.008435956,0.33001935,0.68615687,-0.04471636,0.3480898,0.7321551,-0.04946298,0.35447222,0.7767531,-0.044715367,peace
0.3505782,0.90449953,3.8128604e-07,0.41111022,0.86289346,-0.019580746,0.4373287,0.7738316,-0.019740434,0.41673493,0.69642556,-0.020698328,0.38220078,0.6571245,-0.020319726,0.41516617,0.7220854,0.0052746716,0.43517384,0.6372014,-0.0020679045,0.44366652,0.5841297,-0.005902,0.4484538,0.5394592,-0.009662967,0.3811415,0.71152115,0.0033387076,0.380982,0.6100101,-0.011398832,0.38387424,0.5553725,-0.020098511,0.38286263,0.5129996,-0.023926495,0.3492278,0.71931195,-0.0022906945,0.35468823,0.6293979,-0.03835578,0.3734946,0.6904092,-0.04297678,0.37996548,0.74173135,-0.034931168,0.3173375,0.7403994,-0.008655363,0.33001232,0.68604624,-0.044944476,0.34849992,0.7319582,-0.04967189,0.3552002,0.77685744,-0.04488103,peace
0.35188115,0.9058144,3.8658507e-07,0.41228646,0.8632684,-0.019930497,0.43858492,0.77483803,-0.020670468,0.41849554,0.69745564,-0.022137681,0.3839003,0.65834045,-0.022235349,0.41611817,0.7226546,0.004278372,0.43635604,0.6375661,-0.003612105,0.44517332,0.58475703,-0.0079533225,0.4503337,0.53987575,-0.012035618,0.38228878,0.711935,0.0024814527,0.38220003,0.61038744,-0.012531046,0.38556197,0.5556035,-0.0215506,0.384948,0.51261854,-0.025703408,0.35037252,0.7198345,-0.0029516115,0.35612467,0.6300077,-0.038907457,0.37514544,0.6903611,-0.04359816,0.38159356,0.7414034,-0.035704337,0.3185603,0.7411817,-0.009146377,0.3314947,0.68678176,-0.04524997,0.35024905,0.7320685,-0.049846955,0.35682228,0.7768592,-0.044985816,peace
0.3527104,0.9073632,3.9061985e-07,0.41298878,0.8628605,-0.019579565,0.4395416,0.7754826,-0.020791594,0.4199166,0.698261,-0.022943527,0.38507727,0.65903467,-0.023740994,0.41677293,0.7233746,0.0040336326,0.4371027,0.63796014,-0.0044668242,0.44586903,0.5850163,-0.009136761,0.4510159,0.539573,-0.01333836,0.38310975,0.7123536,0.0017481701,0.38321668,0.61041343,-0.013890204,0.3864576,0.5557834,-0.023036918,0.3858445,0.5123471,-0.027132839,0.35116568,0.7200636,-0.004121478,0.35761565,0.6306688,-0.04014899,0.3762156,0.6920864,-0.044033226,0.38230982,0.74337333,-0.035491824,0.31934687,0.74180037,-0.010791477,0.3326966,0.6865598,-0.046245236,0.35149056,0.73211944,-0.049864072,0.3581805,0.7771816,-0.044300962,peace
0.35299888,0.90722203,3.9226327e-07,0.4137181,0.86433816,-0.019651227,0.43973014,0.77521986,-0.020224294,0.4194878,0.69746214,-0.021687796,0.38453266,0.6582843,-0.021815944,0.41730207,0.722998,0.0046796426,0.43752977,0.637553,-0.0030525527,0.44627967,0.5839802,-0.007071376,0.45127285,0.53877217,-0.010940737,0.38331676,0.7124845,0.0025749037,0.38347813,0.6106161,-0.012288373,0.38699898,0.55562127,-0.020817067,0.3865103,0.5125437,-0.024590248,0.35119954,0.72037095,-0.0032506809,0.35765624,0.6303041,-0.039244,0.37683222,0.6912257,-0.043424096,0.38333073,0.7422606,-0.035160944,0.31939197,0.74171627,-0.009868996,0.33336893,0.68716496,-0.04600871,0.35180414,0.7336174,-0.050390977,0.35810158,0.7788916,-0.04540576,peace
0.35299248,0.90674424,3.9471527e-07,0.41344586,0.86486435,-0.020069396,0.43971235,0.7761183,-0.020994343,0.41961986,0.6974558,-0.022762043,0.3850348,0.6571296,-0.023204774,0.41702732,0.72335714,0.0038840515,0.43741685,0.63778806,-0.004374501,0.44635022,0.58398503,-0.008651507,0.45154294,0.53859377,-0.012603521,0.38305542,0.7128238,0.0019399816,0.38346624,0.6109653,-0.013421245,0.3870346,0.5561693,-0.02208936,0.3866883,0.5131714,-0.025898352,0.35090324,0.720514,-0.0037351795,0.35773835,0.630059,-0.04011168,0.37664387,0.69094324,-0.044195626,0.38294104,0.7424044,-0.035800617,0.31896806,0.74162614,-0.010225875,0.33352837,0.68694407,-0.046689466,0.35187674,0.73355746,-0.051037066,0.35810518,0.77951837,-0.04593167,peace
0.35265985,0.9069232,3.954342e-07,0.41294953,0.8648796,-0.020032408,0.43933088,0.77559453,-0.02080711,0.4192162,0.6971249,-0.0222807,0.38468793,0.6569171,-0.022380209,0.41698074,0.7235827,0.0034904112,0.437304,0.63743424,-0.0046678632,0.44608662,0.58384395,-0.008774218,0.45113236,0.53869885,-0.012554415,0.38305163,0.7127015,0.0016900486,0.38375154,0.6108273,-0.013642364,0.38706526,0.5556697,-0.022370841,0.38660645,0.5123987,-0.026185729,0.35082346,0.7200962,-0.0037467505,0.35719538,0.62948775,-0.039968167,0.37588805,0.69034636,-0.0441263,0.38233835,0.74172294,-0.035818525,0.3187696,0.7411202,-0.009971008,0.33302253,0.6868056,-0.04645112,0.35143322,0.73366207,-0.050873607,0.35791963,0.77959734,-0.045774233,peace
0.35244837,0.90709484,4.0260682e-07,0.4118202,0.86450803,-0.019941999,0.4379916,0.7753987,-0.021074366,0.41795135,0.6972992,-0.022956306,0.38340145,0.656704,-0.023382565,0.41597217,0.7231895,0.0033391311,0.4367438,0.63653904,-0.005110236,0.44598874,0.5831289,-0.009312906,0.4512304,0.5381804,-0.013047869,0.3821472,0.7122633,0.0014739472,0.3831603,0.61003804,-0.0141356,0.38643226,0.5550823,-0.022899384,0.38585284,0.5114534,-0.0266294,0.34994048,0.71956086,-0.003987623,0.35642606,0.62880766,-0.039996702,0.37492847,0.69029397,-0.043618545,0.38127896,0.74163496,-0.034942217,0.31792682,0.7406792,-0.010270514,0.33238643,0.6870669,-0.046365052,0.35090178,0.73400885,-0.050376352,0.35745502,0.77956295,-0.0449448,peace
0.3515206,0.9066257,3.964872e-07,0.41157955,0.86407566,-0.01981235,0.43777493,0.7746592,-0.02050223,0.41783243,0.6967196,-0.021854004,0.38395134,0.65649486,-0.021773318,0.41551912,0.72283775,0.0030357817,0.43616754,0.6360443,-0.0054904986,0.44515783,0.5829137,-0.009818322,0.45001483,0.5378299,-0.013629519,0.38157395,0.7119003,0.0011382857,0.3826279,0.60876346,-0.014729594,0.38590404,0.55311596,-0.023819072,0.38496256,0.5100669,-0.027696524,0.3491319,0.71931124,-0.0042917454,0.35589224,0.6287874,-0.04044847,0.37470546,0.6890385,-0.0447814,0.3812439,0.7401417,-0.03656252,0.3168447,0.7405537,-0.010470597,0.33105814,0.68713194,-0.04653261,0.3499023,0.73329204,-0.05079146,0.356833,0.7786277,-0.04558527,peace
0.35112044,0.90778446,3.9268778e-07,0.41100362,0.86484,-0.01933826,0.43723333,0.77556014,-0.019945532,0.41730505,0.6983523,-0.02134594,0.38319057,0.65896094,-0.021313937,0.41495723,0.72331464,0.003255888,0.43575937,0.6355833,-0.0051012123,0.44482982,0.5823336,-0.009434007,0.44973812,0.537031,-0.013281318,0.38096353,0.7125318,0.0011093403,0.3820931,0.60877526,-0.014477306,0.38527614,0.5525409,-0.023601813,0.3840618,0.5090814,-0.02762321,0.34853834,0.72006696,-0.0044782325,0.35480955,0.6291117,-0.040110413,0.37396201,0.689355,-0.044196803,0.3807293,0.74082416,-0.035905987,0.31641233,0.74140906,-0.010822545,0.32950824,0.6871523,-0.04626751,0.34896946,0.73254526,-0.050190832,0.35644123,0.7779595,-0.04481128,peace
0.35137045,0.9086909,4.0151042e-07,0.4107521,0.8648556,-0.019370096,0.43700922,0.7753573,-0.020235946,0.41715047,0.697498,-0.021977803,0.38327038,0.6575292,-0.022210892,0.41432095,0.7238145,0.0029805496,0.4350448,0.6353009,-0.005873246,0.44419953,0.58183885,-0.010359581,0.4493098,0.5365526,-0.014212555,0.38029262,0.7128406,0.00078100036,0.38104808,0.6083055,-0.015380028,0.3839724,0.55148965,-0.024652105,0.38291568,0.5070382,-0.028707793,0.3477608,0.7201146,-0.0048614386,0.35428458,0.628097,-0.040851813,0.3731855,0.6891627,-0.044564944,0.3798706,0.7410425,-0.03593625,0.31547943,0.7415792,-0.011288139,0.32968485,0.68750226,-0.046892684,0.3492466,0.73323524,-0.050672103,0.356724,0.7787646,-0.045118596,peace
0.3512511,0.9087541,4.0147867e-07,0.4109332,0.8640696,-0.019089682,0.43667415,0.77408785,-0.019469263,0.4167929,0.69738203,-0.020806948,0.38351965,0.65758884,-0.020603122,0.41438067,0.7221228,0.0042552855,0.43490893,0.6345148,-0.0042944923,0.4438714,0.5819316,-0.008732832,0.4488532,0.5370213,-0.012561547,0.3801767,0.7112862,0.0019433298,0.3807093,0.6074502,-0.013968639,0.38333037,0.5504314,-0.023183426,0.3820712,0.50588435,-0.027200071,0.3474944,0.71883,-0.0039294004,0.3541124,0.6284264,-0.04007555,0.37269577,0.6901146,-0.044104297,0.379317,0.7419852,-0.035564307,0.31528586,0.7404749,-0.010568212,0.32923296,0.6869821,-0.046253394,0.34858754,0.7330166,-0.05021803,0.3561668,0.77823246,-0.044788685,peace
0.3503158,0.90770817,4.0806563e-07,0.41038194,0.8634852,-0.0193316,0.43640724,0.77348167,-0.019747773,0.4162162,0.6967019,-0.02103743,0.3824405,0.65730363,-0.020807508,0.41299012,0.7209721,0.003963857,0.43409327,0.6334029,-0.0042816484,0.44332123,0.5808375,-0.008338054,0.44833288,0.53628135,-0.011863768,0.37890318,0.7105749,0.0018272605,0.38032046,0.60647196,-0.013499732,0.38370815,0.5497945,-0.022068525,0.38285494,0.50571024,-0.025656985,0.3463643,0.71858424,-0.003922074,0.353548,0.6274188,-0.03990625,0.37208423,0.68893033,-0.043931033,0.37847838,0.7407301,-0.035406973,0.314273,0.7406018,-0.01042869,0.3281363,0.6866585,-0.04628752,0.34774923,0.732689,-0.050441273,0.35551834,0.77827156,-0.04514397,peace
0.34936532,0.90744793,4.0034183e-07,0.40911546,0.86422724,-0.019191328,0.43520376,0.77394897,-0.019693417,0.4147125,0.69636786,-0.021164723,0.380519,0.65674025,-0.02117878,0.41188073,0.72042346,0.0039661857,0.4323206,0.63285637,-0.0045900303,0.4415134,0.5801661,-0.009161194,0.44653064,0.53495157,-0.013196056,0.3778418,0.7100206,0.0014006249,0.37869358,0.60537195,-0.014118542,0.38178083,0.548017,-0.023235144,0.3804748,0.5031303,-0.027381547,0.34529632,0.7183304,-0.0047046207,0.35158446,0.6261042,-0.040755637,0.37135428,0.6872956,-0.04456911,0.37838653,0.7391657,-0.036020838,0.3130702,0.74090296,-0.011564932,0.32667005,0.68564075,-0.047365304,0.3466639,0.7316771,-0.050922275,0.35419327,0.77771723,-0.045244087,peace
0.34759632,0.9068679,3.9567166e-07,0.40686205,0.86272246,-0.018928487,0.4329494,0.7736331,-0.019611528,0.4133134,0.6970837,-0.021343313,0.3791379,0.6586257,-0.021790637,0.40936047,0.7184517,0.0038021137,0.42964476,0.6316503,-0.004921704,0.43884104,0.5788667,-0.009786394,0.44394436,0.5336239,-0.013914376,0.37545082,0.7083676,0.0012454563,0.37681916,0.6050687,-0.014142062,0.3793333,0.5482927,-0.023188444,0.37762666,0.5039074,-0.0272281,0.34283647,0.7170071,-0.0047807675,0.3492035,0.62573904,-0.04046663,0.36817193,0.6863836,-0.044218943,0.3746973,0.7387824,-0.03562063,0.31059816,0.7399994,-0.011545764,0.3239304,0.6842104,-0.04687939,0.3435691,0.72970957,-0.05006445,0.35084048,0.7762268,-0.04406327,peace
0.34465998,0.90536594,3.7825404e-07,0.40380853,0.8604763,-0.018348513,0.4298615,0.7723276,-0.01909221,0.41007966,0.69584,-0.020879433,0.37523955,0.6584452,-0.02164213,0.40628332,0.7188996,0.002560364,0.42594713,0.63167983,-0.0064615705,0.43477637,0.5783162,-0.011675911,0.43985286,0.5323385,-0.016072202,0.3723311,0.7087318,-0.00015650496,0.37243298,0.6048863,-0.015342104,0.37481228,0.5481542,-0.024445035,0.37327352,0.50437546,-0.02877066,0.33968538,0.7173088,-0.0061133783,0.3454543,0.62556195,-0.04118959,0.36498877,0.684386,-0.045157257,0.3720163,0.73678994,-0.037084848,0.3074221,0.7403869,-0.012714776,0.3195713,0.68371546,-0.04733335,0.3392442,0.72803587,-0.050322916,0.3467256,0.77500653,-0.044451114,peace
0.34164062,0.90213716,3.9300463e-07,0.40082026,0.8568843,-0.018202314,0.4254491,0.7684802,-0.01859909,0.4042511,0.69302166,-0.020275366,0.368882,0.6563518,-0.02089411,0.4026475,0.7143734,0.0048800283,0.4218094,0.6289012,-0.004266667,0.43022656,0.57485247,-0.009907611,0.4347692,0.52878386,-0.0146098435,0.36849213,0.70501703,0.001966467,0.3670076,0.6026499,-0.013534765,0.3686902,0.5443134,-0.023311703,0.36687645,0.4994827,-0.028106758,0.33548757,0.7143713,-0.0043786988,0.34086892,0.62426996,-0.039758038,0.36078066,0.6825388,-0.044011127,0.3679741,0.7346939,-0.035963442,0.30249092,0.7379817,-0.011422115,0.3149211,0.6826945,-0.046015523,0.33471063,0.7262337,-0.049107403,0.34194258,0.77219343,-0.04325284,peace
0.3385225,0.90037,3.9412808e-07,0.39811635,0.8546379,-0.01753292,0.42141172,0.7658841,-0.01753734,0.39829528,0.6919309,-0.018889854,0.36300984,0.6564511,-0.019304428,0.39751753,0.7124921,0.0050015585,0.41596416,0.62717617,-0.0038144218,0.4237862,0.5723752,-0.009335884,0.42774263,0.5264863,-0.014044287,0.36295146,0.70416886,0.0018922918,0.36121255,0.6021661,-0.012957792,0.36228907,0.54318863,-0.022628583,0.35943267,0.49891877,-0.02753406,0.32988125,0.7143696,-0.004569965,0.33279392,0.6235208,-0.039412163,0.35453054,0.678422,-0.044707015,0.36343792,0.72981733,-0.03777032,0.2969554,0.7386437,-0.011620859,0.30902737,0.6853423,-0.0463952,0.3292674,0.7273818,-0.050485056,0.33660647,0.77253014,-0.045555927,peace
0.33558938,0.8983361,3.9950527e-07,0.39476767,0.85246587,-0.01702225,0.4163073,0.7617231,-0.01671895,0.3910994,0.68882793,-0.017702559,0.3550237,0.6550588,-0.017811257,0.39195567,0.7083582,0.004515882,0.4090605,0.623363,-0.003954839,0.41631326,0.5683692,-0.009062875,0.41993323,0.52283806,-0.013413721,0.3565377,0.70098203,0.0014424247,0.35351032,0.59999216,-0.012815507,0.35387915,0.5408885,-0.021966346,0.35082737,0.49632877,-0.02650002,0.32338762,0.7123287,-0.0048165987,0.3242987,0.6220991,-0.039273866,0.34590295,0.67653966,-0.044789664,0.3553662,0.7281015,-0.03804913,0.2909702,0.73805845,-0.011572907,0.30189416,0.6860569,-0.04654642,0.3226523,0.72785276,-0.05112106,0.3312164,0.7727939,-0.046447832,peace
0.33142418,0.898259,4.0114855e-07,0.39044893,0.84957194,-0.016977891,0.4101344,0.7592082,-0.016658148,0.38366026,0.68687093,-0.01761113,0.34707233,0.6533739,-0.0177759,0.38554588,0.7082057,0.00407917,0.4012434,0.62130773,-0.00445453,0.40749615,0.5653975,-0.009549126,0.41021279,0.51950645,-0.013754283,0.35007954,0.70142883,0.0011217826,0.34606996,0.59882855,-0.012638452,0.34546423,0.5389001,-0.021498384,0.34104913,0.49438897,-0.025873845,0.31696293,0.71371925,-0.004986534,0.3150331,0.62373185,-0.038756408,0.33738145,0.6768034,-0.044197444,0.34726322,0.72788167,-0.037484888,0.28432566,0.7407075,-0.011604107,0.2930088,0.686625,-0.045717813,0.31500772,0.72624534,-0.04994114,0.32470712,0.77048093,-0.045132007,peace
0.32767203,0.8966303,4.1240554e-07,0.3863309,0.84684265,-0.016972583,0.4040782,0.75447863,-0.016461411,0.37563124,0.68353987,-0.017257374,0.3377732,0.6525129,-0.017208561,0.37839985,0.70354,0.004125297,0.39219815,0.61658037,-0.0043690703,0.39688176,0.56068814,-0.00939778,0.3986608,0.5148354,-0.013515679,0.34199247,0.698586,0.00056941557,0.33515036,0.5937669,-0.013366756,0.33314267,0.53132296,-0.02238168,0.3278512,0.4842198,-0.026655095,0.3084646,0.7132968,-0.0061280425,0.30471623,0.62481046,-0.040649723,0.3281327,0.67948323,-0.045845777,0.33882135,0.7309307,-0.03843564,0.27623588,0.74274063,-0.013355084,0.28330407,0.6876071,-0.047407977,0.30563498,0.72677326,-0.05085086,0.31575903,0.77005565,-0.045363117,peace
0.32331714,0.8964925,3.7189486e-07,0.38255206,0.84137595,-0.016558528,0.39748508,0.7493485,-0.015249209,0.36669746,0.67904884,-0.0154761765,0.32925722,0.6469691,-0.015085239,0.37154514,0.7014172,0.006076345,0.3839352,0.6141043,-0.0017422787,0.38763472,0.5583713,-0.0067755575,0.38839507,0.5116079,-0.011436693,0.33513904,0.6976793,0.0027517602,0.32580465,0.59682184,-0.0107441805,0.3229545,0.5380801,-0.019796882,0.31707025,0.49365884,-0.024712153,0.30211577,0.7134963,-0.0038636918,0.2963479,0.62309355,-0.038159497,0.32073328,0.6766587,-0.0436304,0.33228612,0.72693884,-0.037018467,0.2703306,0.7441169,-0.010973488,0.27578115,0.6874851,-0.045846995,0.2985574,0.72626674,-0.050261416,0.30934057,0.7696215,-0.045706663,peace
0.31926113,0.89474154,4.0266886e-07,0.3774838,0.83921874,-0.017423404,0.39134195,0.7465543,-0.01711774,0.3594615,0.6761957,-0.018106433,0.32040688,0.6445836,-0.018353945,0.36520314,0.7014841,0.004982304,0.37715694,0.61589795,-0.0039605554,0.3814891,0.5611392,-0.0098731695,0.38281795,0.5148127,-0.015130275,0.3288082,0.6976511,0.0015927675,0.31953183,0.596703,-0.013067722,0.31738886,0.53661495,-0.022812765,0.3124178,0.4897557,-0.028144682,0.29569975,0.71355945,-0.0051956032,0.28945026,0.62379634,-0.040632382,0.31509343,0.6767971,-0.04615681,0.32761213,0.7260343,-0.03936601,0.26393324,0.7443105,-0.012537015,0.2695412,0.6887431,-0.04842049,0.29347327,0.7275682,-0.052972756,0.30500808,0.7701715,-0.048399985,peace
0.31653464,0.8927117,4.0313154e-07,0.37415904,0.8377016,-0.017225621,0.3863865,0.7444154,-0.016653128,0.35261583,0.6754219,-0.017402923,0.31326476,0.6447844,-0.017480692,0.3602089,0.69853306,0.005045396,0.3708488,0.612136,-0.0037385575,0.3743543,0.5562369,-0.009459455,0.3749741,0.5093867,-0.014818082,0.3235245,0.6958967,0.0014111903,0.31241602,0.59606946,-0.0136216,0.30904067,0.53701997,-0.023758622,0.30297527,0.49177924,-0.029413043,0.29042748,0.7128981,-0.0055587306,0.28186557,0.6226903,-0.04189922,0.3091789,0.6750995,-0.04772584,0.32341403,0.7241329,-0.041122425,0.259032,0.74468315,-0.013012835,0.26383945,0.68867815,-0.050452452,0.28844607,0.7284269,-0.055661283,0.30069116,0.7718701,-0.051381927,peace
0.31546283,0.8922197,4.045637e-07,0.37157762,0.8367463,-0.018041808,0.38319626,0.74337304,-0.017689588,0.34860522,0.6743935,-0.018500507,0.30899793,0.6428614,-0.018409064,0.35664982,0.6972124,0.0051555373,0.3666722,0.6098852,-0.0038810703,0.36910287,0.5538423,-0.009438927,0.36794522,0.5070983,-0.014430925,0.319966,0.6952299,0.0016883125,0.30794394,0.5935395,-0.01380884,0.30346936,0.5349382,-0.023758247,0.29562253,0.489521,-0.028717447,0.2870329,0.7132244,-0.005223064,0.2772712,0.62368184,-0.04263984,0.30491745,0.6784252,-0.047780193,0.31881827,0.7276908,-0.039913427,0.2555379,0.7464086,-0.012612293,0.25906467,0.6895195,-0.05062561,0.28422374,0.7298363,-0.054884367,0.2968471,0.7734152,-0.049359992,peace
0.3154794,0.8925692,3.9010357e-07,0.37221208,0.8348022,-0.017797204,0.3825621,0.741431,-0.0166196,0.34624755,0.6753405,-0.016697222,0.306889,0.64543563,-0.015874067,0.35427895,0.693577,0.0062890477,0.36291623,0.6050417,-0.0016120177,0.3633089,0.54889405,-0.006116609,0.3599974,0.5028812,-0.01028695,0.31729645,0.69321066,0.002948644,0.30265516,0.59164083,-0.01188543,0.2968025,0.5342388,-0.021269422,0.28803942,0.49021083,-0.025534429,0.28432345,0.71258086,-0.003863702,0.27407143,0.62501997,-0.04124152,0.30209905,0.6826377,-0.046068568,0.31598687,0.73207176,-0.037621874,0.2530945,0.7470526,-0.011102836,0.25504002,0.6896397,-0.04892705,0.28064278,0.7307556,-0.052754506,0.29424372,0.7738688,-0.046711933,peace
0.3164625,0.89494485,3.747504e-07,0.3728202,0.83531404,-0.018227201,0.38142157,0.74062973,-0.016850745,0.3441956,0.6746305,-0.016600985,0.30464825,0.6456265,-0.015437825,0.35307613,0.6936194,0.006258914,0.35889122,0.60556245,-0.0008787004,0.35768235,0.55020356,-0.0048549054,0.35371256,0.5042884,-0.008724604,0.3158281,0.6938899,0.0032254234,0.2992334,0.591543,-0.010499704,0.2923373,0.53490824,-0.01872663,0.28307685,0.49259073,-0.022148184,0.28344357,0.71409965,-0.0033623888,0.27096838,0.62662834,-0.040250577,0.29917902,0.68470097,-0.044756442,0.31367785,0.73522234,-0.03595839,0.25326002,0.74933857,-0.010434282,0.2536948,0.69102925,-0.047984958,0.27994373,0.73199373,-0.051655103,0.29439047,0.77542967,-0.045471758,peace
0.32011104,0.8970108,3.7214912e-07,0.37526438,0.83334756,-0.017457565,0.38159493,0.73865753,-0.015908573,0.3430561,0.6743861,-0.015884342,0.3032003,0.6461151,-0.014898645,0.35231227,0.6916504,0.008444613,0.35669228,0.6038595,0.001408521,0.35516304,0.5489179,-0.0027434463,0.35115755,0.5030319,-0.006841656,0.31485513,0.6930853,0.0048674517,0.29573464,0.59138465,-0.009060449,0.2888899,0.5366668,-0.017523766,0.28007346,0.49590266,-0.021048272,0.2825061,0.7144706,-0.0023706611,0.26956278,0.6265751,-0.03954731,0.29924467,0.685713,-0.043959495,0.31450468,0.73644024,-0.035002526,0.25266126,0.7512143,-0.010071662,0.252999,0.69258463,-0.04765909,0.28068534,0.73342645,-0.051285706,0.2960694,0.77640367,-0.04506567,peace
0.32398608,0.8986135,3.6088113e-07,0.3773149,0.83159065,-0.017704094,0.38144016,0.7376303,-0.016447008,0.34235585,0.67303836,-0.016720654,0.30267674,0.64359844,-0.015950628,0.35240245,0.6929568,0.008354679,0.35485467,0.6036377,0.0008779142,0.35221595,0.54802114,-0.0034653598,0.34742588,0.5015259,-0.0076938085,0.31486353,0.6955569,0.00510222,0.293131,0.5943912,-0.009573462,0.28450218,0.53999037,-0.01842342,0.27485198,0.49969435,-0.022279298,0.28266704,0.71745336,-0.0018519724,0.2685435,0.6283925,-0.039277297,0.2988474,0.6856228,-0.043807935,0.3151913,0.735448,-0.035058312,0.25357482,0.75390524,-0.009288604,0.2532899,0.6951619,-0.047132764,0.28134722,0.7346712,-0.05119143,0.2976048,0.77672637,-0.045322746,peace
0.32784373,0.898362,3.5723588e-07,0.38016635,0.83169776,-0.018324355,0.3836616,0.737665,-0.017383464,0.34404144,0.67401886,-0.017558202,0.30415022,0.6462537,-0.016722146,0.35304537,0.6908158,0.0064490438,0.35344726,0.60281414,-0.0014095997,0.34966546,0.5477811,-0.006265827,0.34399244,0.5019285,-0.01079323,0.31558967,0.69469637,0.0036902966,0.29361916,0.5952653,-0.011155973,0.28461295,0.5420754,-0.020455195,0.27490208,0.50304484,-0.024582034,0.2836325,0.71776384,-0.0025966922,0.2691127,0.63102007,-0.039533842,0.30002004,0.68510944,-0.044683363,0.31734544,0.73350185,-0.03663902,0.25514716,0.75556576,-0.009366393,0.2545292,0.69847345,-0.046873186,0.28328454,0.7364943,-0.05115961,0.30047235,0.77776676,-0.045545522,peace
0.331347,0.90075123,3.6559743e-07,0.38327795,0.8328858,-0.019779548,0.38600737,0.73901314,-0.019588405,0.34536687,0.6763837,-0.020277945,0.30525678,0.6482172,-0.019892499,0.3551154,0.69206154,0.0052068536,0.35439298,0.6033633,-0.003604883,0.34959087,0.547246,-0.009090543,0.34302413,0.49974036,-0.013941816,0.31764853,0.69644463,0.0028713855,0.2939685,0.5966529,-0.013012373,0.2853277,0.54441905,-0.022616806,0.2761012,0.5057874,-0.026646182,0.28578144,0.7201249,-0.0031445215,0.27149796,0.63470453,-0.041167438,0.3030638,0.69079506,-0.04575353,0.32013252,0.73944867,-0.036829315,0.25741833,0.7583645,-0.009771366,0.25622556,0.6999866,-0.047369383,0.28559038,0.7382786,-0.050772414,0.30281466,0.77920043,-0.04437861,peace
0.33420044,0.9006808,3.605846e-07,0.38581917,0.83302397,-0.019792944,0.38839823,0.7396955,-0.019895496,0.34831092,0.67730653,-0.020720437,0.3080261,0.64988923,-0.02058394,0.35740125,0.69325876,0.0033921313,0.35666466,0.6050415,-0.005619889,0.3513748,0.5494305,-0.010940722,0.3444287,0.5027597,-0.015482198,0.31968674,0.697815,0.0011854635,0.29681784,0.59773237,-0.014602191,0.2872348,0.5452307,-0.023638539,0.27716532,0.5070819,-0.027205385,0.28786492,0.72149765,-0.0045730723,0.2737518,0.63670945,-0.04233557,0.3054927,0.6902877,-0.04731746,0.3234917,0.73838484,-0.038771898,0.2596486,0.75992256,-0.010876518,0.2592242,0.7022612,-0.048368488,0.28901652,0.7392332,-0.052066464,0.30726027,0.7800338,-0.04591504,peace
0.33603355,0.90139055,3.5853756e-07,0.38755798,0.832893,-0.019980192,0.39010212,0.7393869,-0.02000703,0.3497097,0.6772876,-0.020709265,0.30916965,0.65002173,-0.020429406,0.35933188,0.693348,0.004005598,0.35843164,0.60591584,-0.004761348,0.3530231,0.551072,-0.010022138,0.34586477,0.5050002,-0.014521081,0.3217369,0.69807756,0.0019722846,0.29899356,0.5990005,-0.013539729,0.28925422,0.54680574,-0.022477522,0.27896827,0.50861377,-0.025990518,0.28993893,0.7217597,-0.0037245704,0.27603862,0.637836,-0.041310657,0.30793858,0.6915173,-0.046343304,0.32585073,0.7394089,-0.03784265,0.26144785,0.7602214,-0.009994838,0.26108372,0.7026692,-0.047259074,0.29083538,0.73990136,-0.05091038,0.30895504,0.7806949,-0.04477808,peace
0.33674574,0.90058553,3.6333358e-07,0.38900387,0.83308464,-0.020409985,0.39219862,0.7403227,-0.020835662,0.35168916,0.67770284,-0.021738485,0.31125578,0.64992666,-0.021633364,0.3622628,0.6953995,0.0027936522,0.36164874,0.6082834,-0.006053448,0.3565202,0.5541152,-0.011273028,0.3500674,0.50844795,-0.015722387,0.32433376,0.69987607,0.0010533188,0.30217817,0.60036355,-0.014303617,0.2926003,0.5472834,-0.022873117,0.28283083,0.5082317,-0.026319249,0.29220515,0.7228682,-0.004352093,0.27893788,0.637402,-0.041600265,0.30974284,0.6904705,-0.046347316,0.32712263,0.7380612,-0.03789673,0.26349333,0.7604941,-0.010373674,0.26441506,0.7019838,-0.047399517,0.29332772,0.73992777,-0.050878596,0.31073186,0.78156936,-0.04479003,peace
0.336429,0.9010737,3.7912193e-07,0.38932312,0.8352967,-0.01965471,0.3939625,0.7422446,-0.020142334,0.3552034,0.67806596,-0.02117524,0.31508768,0.65125376,-0.021242358,0.36586305,0.69772446,0.0021167519,0.36675292,0.6101845,-0.007154845,0.36283916,0.5553684,-0.012712717,0.3576976,0.5096102,-0.017355712,0.3276608,0.70101255,-3.732276e-05,0.30722535,0.60072017,-0.015419437,0.29788017,0.544756,-0.024249565,0.28843772,0.50319815,-0.028065298,0.29531232,0.72339886,-0.005687199,0.2819792,0.63554513,-0.042374894,0.3110413,0.68424225,-0.0478879,0.3279208,0.7302393,-0.040398877,0.2668178,0.7610342,-0.011861924,0.2696822,0.70241493,-0.048440438,0.297638,0.7387323,-0.05235487,0.31421736,0.77987707,-0.04686025,peace
0.3357217,0.90215415,3.9393333e-07,0.38919953,0.83909035,-0.020449404,0.39743838,0.74619687,-0.022291524,0.36143613,0.6793901,-0.024356833,0.3225381,0.6479929,-0.025332145,0.37148124,0.6994717,-0.0018041795,0.3746593,0.6106679,-0.012989472,0.37297586,0.55587023,-0.01967796,0.36991662,0.50943935,-0.02477763,0.33333504,0.7014653,-0.0033664159,0.31821766,0.601289,-0.020661647,0.3116054,0.5453979,-0.030575618,0.30380958,0.5043013,-0.035009082,0.29988623,0.7218014,-0.008147632,0.28981456,0.63451713,-0.043772217,0.31695497,0.68255985,-0.04829141,0.3321446,0.7291966,-0.040622156,0.2702493,0.7571956,-0.013685684,0.27609462,0.6984397,-0.048201412,0.30239856,0.7344333,-0.051030952,0.31689668,0.7761057,-0.04511028,peace
0.33366993,0.9028325,4.011019e-07,0.38892114,0.8431585,-0.020468762,0.40231347,0.7508603,-0.022065362,0.3705729,0.6804959,-0.023668626,0.3339625,0.6467383,-0.024236869,0.37764704,0.7051169,-0.0032272127,0.38470083,0.6156605,-0.014277926,0.38493773,0.56020534,-0.02067725,0.3840944,0.51319164,-0.025401765,0.34004515,0.70362246,-0.0043806476,0.32799697,0.6014202,-0.021117607,0.3239174,0.54280394,-0.03081969,0.31899792,0.49926957,-0.03527166,0.30609396,0.7208849,-0.008563509,0.29988986,0.6340737,-0.04318678,0.32521614,0.68198586,-0.047963083,0.33887637,0.7287558,-0.040705793,0.27511692,0.75315005,-0.013472262,0.28279683,0.6952607,-0.046719465,0.3079168,0.7311358,-0.049329292,0.3210825,0.7726333,-0.04347181,peace
0.33248416,0.90130377,4.3451402e-07,0.38957864,0.84847355,-0.02008986,0.40761635,0.75624436,-0.022257332,0.379477,0.68411165,-0.024486385,0.34270975,0.65144616,-0.025448669,0.384367,0.70636904,-0.0048117302,0.3943957,0.6153835,-0.016102208,0.3964283,0.56090856,-0.022022897,0.39676654,0.5154347,-0.026093852,0.34722012,0.702105,-0.006741398,0.33912873,0.5944687,-0.023479667,0.33732322,0.5309237,-0.032532368,0.33343586,0.4827848,-0.036346294,0.31315723,0.7174943,-0.011500351,0.30935532,0.6291156,-0.0462663,0.3322727,0.6805146,-0.049702417,0.3437706,0.72825646,-0.04116325,0.28184342,0.74848664,-0.016954023,0.29222524,0.6906212,-0.049544547,0.3147824,0.72983646,-0.050467543,0.32470855,0.7726944,-0.04327681,peace
0.33107698,0.9041618,4.1858954e-07,0.39006484,0.8538416,-0.01943365,0.41186377,0.7621747,-0.022047058,0.38617134,0.6888004,-0.025096435,0.35096934,0.6555207,-0.026963478,0.38905755,0.7109977,-0.00575537,0.40388092,0.6190039,-0.01803552,0.40896273,0.5637541,-0.024778238,0.4113176,0.5164912,-0.029581303,0.3521078,0.70465857,-0.008305864,0.3498464,0.59572357,-0.025637293,0.35240605,0.53402966,-0.03475101,0.35109395,0.4867205,-0.038804546,0.3175356,0.7175766,-0.013582206,0.32010242,0.6252395,-0.047454853,0.34271467,0.6789904,-0.049413238,0.35207734,0.7292126,-0.04032731,0.28545266,0.746042,-0.019756712,0.29932338,0.6869696,-0.05104859,0.32199165,0.7249754,-0.051126376,0.33077532,0.76835483,-0.04369513,peace
0.3290897,0.9043859,4.1759856e-07,0.38988218,0.8579755,-0.019785877,0.41523194,0.7676666,-0.022197666,0.39309835,0.69211763,-0.024964547,0.3591631,0.65482175,-0.026456187,0.39512503,0.71351224,-0.005560855,0.412829,0.6217702,-0.01710145,0.41980565,0.5667325,-0.02329371,0.42401084,0.51958036,-0.02793891,0.3583477,0.70500994,-0.007853283,0.3599617,0.5971232,-0.02458934,0.364061,0.53690475,-0.033209972,0.36409009,0.4915979,-0.037074395,0.32345998,0.71604717,-0.012983017,0.32845384,0.62365115,-0.04663969,0.34826475,0.67917293,-0.04860712,0.35590708,0.72969055,-0.039739363,0.29067928,0.7427235,-0.019064825,0.30544895,0.6860526,-0.050974783,0.3269171,0.7258942,-0.051886067,0.33508486,0.7690055,-0.045075495,peace
0.3272081,0.90553033,4.3499895e-07,0.3889854,0.8635342,-0.02064882,0.4186807,0.7737801,-0.02398837,0.3991754,0.6958295,-0.027488032,0.36512032,0.6575731,-0.029597279,0.3998424,0.7174901,-0.0066816662,0.42132092,0.62670743,-0.01848374,0.43068963,0.57277817,-0.024795678,0.43656322,0.52604204,-0.029496334,0.36367923,0.70625836,-0.00899471,0.37043387,0.59748155,-0.025825787,0.37803775,0.53794855,-0.0343869,0.37984958,0.49198818,-0.038070712,0.32837054,0.7149795,-0.014157565,0.3372754,0.6226015,-0.048060823,0.35588336,0.6814956,-0.04959239,0.36130187,0.73340493,-0.04022581,0.2942864,0.739698,-0.020339299,0.31227794,0.68403625,-0.052186854,0.33227634,0.7262465,-0.052441046,0.3376251,0.7703342,-0.04507855,peace
0.32613525,0.90609264,4.425811e-07,0.38913697,0.86672723,-0.021203198,0.42223763,0.77853054,-0.02482214,0.40513027,0.6991446,-0.028682003,0.37220457,0.65753996,-0.031066712,0.4037841,0.72108316,-0.0063871285,0.4286434,0.6304262,-0.018191092,0.44012827,0.57688123,-0.02436061,0.4481375,0.5304569,-0.028902816,0.36794642,0.7079528,-0.008615812,0.3778077,0.5984744,-0.025554989,0.3877518,0.5393946,-0.034034863,0.39187437,0.4935222,-0.037571736,0.33238167,0.71468735,-0.013823804,0.34436843,0.6215061,-0.048631053,0.3614625,0.6839225,-0.049999654,0.36549705,0.73769104,-0.040132873,0.29763556,0.7373946,-0.020078568,0.31709683,0.6815946,-0.052974556,0.33644617,0.7259717,-0.053332977,0.34096444,0.77162427,-0.045716498,peace
0.32656446,0.9078401,4.268572e-07,0.38864943,0.8672736,-0.019436847,0.42166197,0.781696,-0.022817256,0.4060483,0.7022948,-0.027353993,0.37299198,0.6598214,-0.030494684,0.402301,0.7214087,-0.0024241314,0.42851397,0.6326619,-0.014783399,0.4415859,0.57941294,-0.0219159,0.45027205,0.53276247,-0.027322363,0.36785385,0.7077138,-0.005969431,0.3776053,0.59883493,-0.02426201,0.38718587,0.5405608,-0.034387194,0.39053637,0.49534833,-0.039025053,0.33337927,0.7144147,-0.012587323,0.3460465,0.6210628,-0.0480146,0.3630634,0.68325144,-0.04977357,0.3666173,0.7373401,-0.04006545,0.29910085,0.73690134,-0.020181943,0.31705606,0.68083507,-0.052958366,0.33627337,0.7248006,-0.053464312,0.34070536,0.770636,-0.045919836,peace
0.32600915,0.9087075,4.5474422e-07,0.38956416,0.8701441,-0.021857131,0.42442268,0.7838691,-0.025757188,0.40808794,0.703399,-0.029927375,0.37574357,0.6594705,-0.032537304,0.40716553,0.72556144,-0.0057565123,0.43507338,0.634938,-0.017690552,0.44833753,0.5816374,-0.023857564,0.4579001,0.5353701,-0.028224343,0.3715307,0.71015966,-0.0076148943,0.3845757,0.5999765,-0.024961995,0.39604563,0.5421866,-0.03334204,0.40161493,0.49725422,-0.03649847,0.33590025,0.71461034,-0.012624361,0.35054174,0.62009865,-0.04797679,0.36478305,0.68582016,-0.048963603,0.36677358,0.74156904,-0.03838508,0.30062857,0.7353851,-0.018761305,0.3203583,0.6788735,-0.05207717,0.33866566,0.7256367,-0.052359384,0.3426784,0.77301115,-0.04433549,peace
0.32547095,0.9078176,4.5702467e-07,0.39138067,0.87585306,-0.02221847,0.4289091,0.7919606,-0.025792295,0.4153126,0.71009725,-0.029502483,0.38574237,0.6625907,-0.03179051,0.41349357,0.72952664,-0.00644129,0.44561243,0.6429813,-0.018764907,0.46115538,0.5925309,-0.025125422,0.47280863,0.54766476,-0.029527122,0.37838084,0.71230835,-0.008326905,0.3969976,0.60301954,-0.02598079,0.41125572,0.54509735,-0.034543555,0.4185719,0.49952853,-0.037794404,0.3422747,0.7161096,-0.013400847,0.35983878,0.6265224,-0.04934712,0.37304428,0.6917913,-0.050859757,0.37399295,0.7459123,-0.040440924,0.30605593,0.73612976,-0.019560874,0.3272993,0.6794467,-0.05297996,0.34419128,0.7262711,-0.05304749,0.34685194,0.77278906,-0.04490323,peace
0.32753885,0.91105235,4.5964237e-07,0.39261478,0.87808776,-0.02172609,0.43090585,0.7956341,-0.026498996,0.41777393,0.71313584,-0.03169175,0.3898287,0.66428393,-0.035247047,0.41565952,0.7342884,-0.007926182,0.44950148,0.64529777,-0.021531917,0.46635512,0.59300375,-0.02868032,0.47865394,0.54665303,-0.033668846,0.38146147,0.7163406,-0.010405376,0.40214676,0.6058532,-0.029777287,0.41709003,0.54871136,-0.03939097,0.42487085,0.50287616,-0.043282263,0.34571338,0.71817964,-0.015826259,0.36675766,0.6252047,-0.051875383,0.3780448,0.6926393,-0.052005466,0.3768632,0.7480786,-0.04072331,0.3096011,0.73640937,-0.022432275,0.33193782,0.6801297,-0.05544522,0.34875157,0.7275472,-0.05478358,0.3508541,0.77485645,-0.046056755,peace
0.3304562,0.91367996,4.7139062e-07,0.39542794,0.8805948,-0.021665454,0.43330973,0.7974437,-0.026138015,0.42186764,0.71480024,-0.03118072,0.39469197,0.6646744,-0.034495644,0.4179567,0.73455036,-0.006158175,0.45234996,0.64708304,-0.019778315,0.4700891,0.5959713,-0.027025804,0.48335537,0.5503273,-0.0320992,0.3841284,0.7158009,-0.008745006,0.4053859,0.6065135,-0.028279472,0.42107472,0.55026567,-0.037881397,0.42986026,0.50468296,-0.04167006,0.34829915,0.71731275,-0.014491773,0.36979458,0.6255014,-0.05107918,0.38069046,0.69478756,-0.050998695,0.3795897,0.7504227,-0.039336566,0.31204993,0.7356946,-0.021447804,0.33469403,0.6803323,-0.05493399,0.35097498,0.7290995,-0.05424795,0.3528133,0.7762058,-0.04537442,peace
0.33095223,0.9136394,4.7444414e-07,0.39680624,0.88141197,-0.021867564,0.4350652,0.79941696,-0.026744718,0.4239211,0.7172761,-0.032165352,0.3975125,0.6672098,-0.035981372,0.41940546,0.73718303,-0.0069164853,0.45437843,0.65202767,-0.021308362,0.47267085,0.6025143,-0.028995153,0.48649395,0.5576807,-0.034126963,0.3860019,0.7178816,-0.009385848,0.4093335,0.6094063,-0.029440247,0.42534393,0.5527466,-0.039221283,0.4341607,0.50677407,-0.043041423,0.35036814,0.7183412,-0.01506086,0.37224525,0.6281837,-0.05229483,0.3827467,0.6956923,-0.05312104,0.38147885,0.7509752,-0.041958336,0.31415635,0.7352832,-0.021865036,0.33757862,0.6811404,-0.05548607,0.35342765,0.72987425,-0.055081382,0.35492808,0.77716756,-0.046442274,peace
0.33293515,0.9128308,4.823462e-07,0.39851832,0.88232505,-0.022228962,0.4374042,0.80104715,-0.027057013,0.42734605,0.7188641,-0.03231826,0.4014358,0.66824794,-0.035870034,0.4223941,0.73826396,-0.0071160896,0.45806068,0.65331465,-0.021420952,0.47658786,0.6042781,-0.028851718,0.49059016,0.5602344,-0.033686083,0.3889036,0.71839696,-0.009195837,0.4131348,0.6103559,-0.029521354,0.42981133,0.5537523,-0.039355297,0.43946502,0.5072777,-0.04303637,0.3531862,0.7181895,-0.014468601,0.37531027,0.6289376,-0.05223342,0.38488492,0.69731814,-0.053283446,0.38344732,0.75287306,-0.041977305,0.31678128,0.7345873,-0.020849086,0.34047565,0.6820751,-0.055060428,0.35604075,0.73106384,-0.055069372,0.35759777,0.77794504,-0.046501957,peace
0.3337554,0.91399854,4.849907e-07,0.40003404,0.88415724,-0.022734609,0.4395672,0.80323106,-0.027841764,0.42978805,0.7206161,-0.03325226,0.40466493,0.66920155,-0.036890622,0.4243655,0.7411613,-0.00783965,0.46114323,0.6561968,-0.022008587,0.4799867,0.6075972,-0.02920243,0.49397382,0.56367123,-0.033834733,0.3912122,0.72073,-0.009601951,0.41654935,0.61226445,-0.029433098,0.4338755,0.55569184,-0.038848337,0.44369102,0.50903195,-0.042321716,0.35584596,0.7198102,-0.014605466,0.3782807,0.62963885,-0.051908623,0.3880805,0.69718707,-0.053014845,0.38636371,0.75258183,-0.0418941,0.31956235,0.7353153,-0.020752763,0.34382507,0.68204826,-0.054516464,0.35945162,0.73077327,-0.05446021,0.36064115,0.7780202,-0.045945466,peace
0.3357334,0.9135569,4.787061e-07,0.401376,0.8849195,-0.022282468,0.44136545,0.8049209,-0.027185405,0.43226835,0.72255725,-0.03247352,0.407713,0.6700854,-0.036083024,0.42672578,0.7419957,-0.007357121,0.46385935,0.65794796,-0.021257332,0.48311555,0.6097837,-0.028366355,0.49777025,0.5662886,-0.032966703,0.39374775,0.72142696,-0.009286533,0.41947597,0.613777,-0.028432384,0.4375565,0.55794,-0.037439916,0.44840252,0.5120149,-0.040846083,0.35847774,0.7203321,-0.014458907,0.3813453,0.63059276,-0.051447403,0.39111516,0.69795007,-0.052691434,0.3894636,0.7533911,-0.04186023,0.3222063,0.7353895,-0.020715121,0.34655365,0.68242294,-0.0545305,0.36186653,0.7313955,-0.05462526,0.36284068,0.77898103,-0.046287175,peace
0.33705133,0.9142128,4.7868235e-07,0.40180776,0.8867609,-0.022276001,0.44203255,0.8056924,-0.026958022,0.4331453,0.72292924,-0.03200484,0.40892884,0.67026466,-0.035277802,0.42878342,0.74241394,-0.0067925444,0.466283,0.6585858,-0.020680634,0.48599467,0.6110156,-0.02777583,0.5010395,0.5680173,-0.032369155,0.39604676,0.721553,-0.008682105,0.4217578,0.6143619,-0.02780906,0.4399358,0.55918854,-0.036726322,0.45114273,0.513304,-0.039975997,0.36105937,0.72021496,-0.013868822,0.38315997,0.6305424,-0.05054041,0.39238182,0.69868106,-0.051172227,0.39085284,0.75406855,-0.03996707,0.32512203,0.7352247,-0.020220459,0.3488397,0.6837356,-0.05382573,0.362991,0.7334649,-0.053677253,0.36347467,0.7802893,-0.045155093,peace
0.33701253,0.91416967,4.7657525e-07,0.40158668,0.8866341,-0.021648701,0.442219,0.80564225,-0.026040958,0.43293607,0.72309494,-0.03108317,0.4071679,0.6718288,-0.03437343,0.42854938,0.7412888,-0.005220169,0.4660092,0.65791893,-0.018938467,0.48596275,0.6098501,-0.026228528,0.5014672,0.5665337,-0.031246796,0.3964531,0.7208729,-0.0076759146,0.42159262,0.6146089,-0.027011415,0.43976182,0.55939037,-0.036333036,0.45096016,0.5141366,-0.040010683,0.36201346,0.7202352,-0.013466013,0.38432592,0.62945765,-0.04992976,0.39354774,0.69795793,-0.049999896,0.391973,0.753655,-0.038635682,0.3262273,0.7358909,-0.02048564,0.34942228,0.68415594,-0.053903196,0.36289233,0.73400927,-0.053494673,0.3628,0.78053975,-0.044944607,peace
0.34002814,0.9152942,4.87267e-07,0.40240195,0.887866,-0.021490416,0.4419248,0.80715555,-0.026182618,0.4338044,0.7253771,-0.031605974,0.40941566,0.6732806,-0.03514945,0.42906418,0.7406717,-0.0060546,0.4675052,0.6566387,-0.020103507,0.48766595,0.6077566,-0.027301269,0.502656,0.5636748,-0.03227424,0.3968397,0.7206101,-0.00877488,0.42213997,0.61393803,-0.028861737,0.43997523,0.55810046,-0.0383988,0.45072946,0.5118755,-0.042159613,0.36247134,0.7204384,-0.014739701,0.38409284,0.62939835,-0.05140069,0.3932734,0.69772875,-0.051276356,0.39230254,0.75300884,-0.039800745,0.32722697,0.73651326,-0.021948818,0.34833387,0.686365,-0.05550187,0.36234477,0.735799,-0.055407222,0.36371675,0.7815296,-0.047055025,peace
0.3421775,0.9163393,4.929639e-07,0.40286028,0.8866324,-0.021698631,0.441552,0.8045666,-0.026692703,0.4324605,0.72412246,-0.03230351,0.40718904,0.67286545,-0.036014784,0.42931956,0.73860157,-0.0065890057,0.4671297,0.6546037,-0.020998413,0.48669055,0.6068854,-0.028312799,0.5013432,0.5635146,-0.033188365,0.3966591,0.7191763,-0.009325159,0.42174888,0.61287886,-0.029526731,0.43941253,0.55753845,-0.03882045,0.4500807,0.51129377,-0.04228079,0.36197534,0.71964806,-0.015385682,0.3829102,0.6301004,-0.052406847,0.39241228,0.699275,-0.052298576,0.39178637,0.75469464,-0.040664874,0.32693663,0.73632455,-0.02268305,0.3480968,0.687035,-0.05648137,0.36206406,0.73695874,-0.056339893,0.36348897,0.78222346,-0.04787155,peace
0.3444326,0.91650933,4.854245e-07,0.4033528,0.88317555,-0.020636126,0.44021362,0.8026409,-0.025952348,0.4324909,0.7245865,-0.032191224,0.40842175,0.6748446,-0.0365016,0.42749715,0.73481935,-0.007261939,0.46424484,0.64874065,-0.022052385,0.48315507,0.5998835,-0.029537689,0.4966278,0.5559604,-0.034381572,0.3950442,0.7168578,-0.010506111,0.41775316,0.6100644,-0.030860629,0.43365708,0.55400217,-0.040147092,0.44278505,0.50693256,-0.043599725,0.36065385,0.7188187,-0.016880972,0.38048685,0.63041043,-0.052726,0.39103353,0.6986031,-0.052003983,0.39150625,0.7533758,-0.04024883,0.32658118,0.7373196,-0.024558757,0.3461685,0.6899659,-0.056953672,0.36161226,0.7373974,-0.05656553,0.36470065,0.78095275,-0.04806842,peace
0.3448532,0.916833,4.5595448e-07,0.40194958,0.8836415,-0.019309072,0.43725565,0.79690003,-0.02276263,0.42627266,0.71965045,-0.02764025,0.39643618,0.67326397,-0.030650504,0.4219657,0.72500396,-0.0022444332,0.45384663,0.6389191,-0.016352154,0.4701666,0.5889754,-0.02393061,0.4810505,0.544342,-0.02922682,0.38901782,0.7094809,-0.006930898,0.4063422,0.6039032,-0.027443334,0.418356,0.5449584,-0.03828006,0.4236749,0.49577934,-0.042720497,0.35480496,0.7147057,-0.014919608,0.36981258,0.6294431,-0.052975286,0.38346022,0.6993412,-0.054175287,0.3867456,0.753688,-0.043044053,0.32129914,0.73657066,-0.024044346,0.33797404,0.6914328,-0.0590822,0.3543365,0.739835,-0.060277466,0.35933357,0.78226346,-0.052444186,peace
0.3449603,0.9187013,4.5756033e-07,0.40201163,0.8813375,-0.019637104,0.43457866,0.79321975,-0.022945805,0.42018518,0.71822923,-0.027473629,0.39038613,0.6734751,-0.029976727,0.41901883,0.71860766,-0.0020133941,0.44730303,0.63147193,-0.015465287,0.46194696,0.5812228,-0.022941446,0.47114664,0.53655016,-0.02820081,0.38438234,0.7051681,-0.0064775962,0.39813375,0.5991781,-0.025671132,0.40817463,0.5404831,-0.0358777,0.411851,0.4925701,-0.040015347,0.34966668,0.7136731,-0.014311053,0.36091006,0.6286051,-0.050763365,0.3764751,0.6966511,-0.051817577,0.38190815,0.75078857,-0.04091983,0.31681058,0.73955,-0.023369726,0.33034983,0.6933236,-0.0571825,0.34830096,0.7398411,-0.05799728,0.35536864,0.78207195,-0.05004139,peace
0.34410262,0.9192104,4.4331324e-07,0.40083715,0.8799702,-0.019523868,0.4309119,0.7900338,-0.021788126,0.41385922,0.7154037,-0.02530092,0.38325506,0.6729345,-0.026910046,0.4152328,0.7150242,-0.0010695662,0.44056445,0.6255742,-0.013542785,0.45369428,0.57322747,-0.020069698,0.461417,0.52853405,-0.02443795,0.3791981,0.70349765,-0.005097846,0.3886024,0.59606993,-0.023652395,0.39576077,0.5357567,-0.033574075,0.3975679,0.48690104,-0.03720659,0.344504,0.71403146,-0.012481678,0.34945908,0.6301876,-0.04878925,0.36500984,0.69748753,-0.05102185,0.37169537,0.75149953,-0.04055916,0.3122314,0.74138826,-0.021020824,0.32061338,0.6933388,-0.054323602,0.33869645,0.73750293,-0.055790953,0.3479736,0.77829033,-0.0482496,peace
0.34188867,0.9188966,4.3716946e-07,0.39932457,0.8773945,-0.019545691,0.4278118,0.78577125,-0.021402089,0.40767753,0.7111319,-0.024522254,0.37460792,0.6713738,-0.025818277,0.41021505,0.71372867,-0.000300257,0.43300274,0.6224157,-0.011868006,0.44431293,0.56869334,-0.01789565,0.45053145,0.5232898,-0.0221293,0.3736583,0.7032217,-0.004174519,0.38052544,0.5949912,-0.02198579,0.38524663,0.5334115,-0.0318661,0.38481653,0.48383948,-0.03567568,0.33917838,0.71460634,-0.011402345,0.34070045,0.6281004,-0.04752715,0.35766163,0.6954861,-0.04999159,0.3657769,0.75010467,-0.03975891,0.30722865,0.74287826,-0.01980325,0.31269562,0.6924318,-0.05316082,0.3324135,0.73435766,-0.05509171,0.3440934,0.7741782,-0.048023712,peace
0.3397305,0.9173808,4.3817712e-07,0.39784315,0.872632,-0.0195951,0.42364505,0.7803787,-0.020862734,0.4012371,0.70625925,-0.023308467,0.36741477,0.6673988,-0.024032991,0.4058643,0.7125864,0.00091252296,0.42665586,0.6199651,-0.009450224,0.4367927,0.5652281,-0.014790204,0.44205192,0.5193395,-0.018585162,0.36919147,0.70277756,-0.0022625425,0.37448904,0.59465724,-0.0185683,0.3778023,0.53269225,-0.02749038,0.3761963,0.4829959,-0.030781709,0.33489895,0.7143189,-0.008880806,0.33309174,0.6249119,-0.0441167,0.34918284,0.6906443,-0.046651114,0.35698476,0.7448193,-0.036548737,0.30294776,0.7427233,-0.01663471,0.3062543,0.6889437,-0.04958605,0.32585296,0.7305602,-0.051494714,0.33762538,0.7712096,-0.044460718,peace
0.3392022,0.91381836,4.59685e-07,0.39830083,0.8678482,-0.020260278,0.4237596,0.7769078,-0.022187248,0.39988065,0.7038483,-0.02487989,0.36676717,0.66423786,-0.025717283,0.40655175,0.7098423,-0.0010303482,0.42677918,0.61692315,-0.011693593,0.4366078,0.5627915,-0.017222002,0.44209844,0.5170145,-0.021144303,0.3683311,0.70023227,-0.0038453639,0.3735096,0.5911467,-0.019914469,0.37814113,0.5304791,-0.027829768,0.37822744,0.48306262,-0.030498464,0.33262303,0.71183497,-0.010151798,0.33189806,0.6226086,-0.04543619,0.34978947,0.6898097,-0.047034178,0.3590253,0.74468464,-0.036376785,0.2995944,0.74065596,-0.017617993,0.30657083,0.68871003,-0.051485196,0.3281206,0.73366576,-0.053014304,0.3400449,0.7760824,-0.045529738,peace
0.33840778,0.9129685,3.8953237e-07,0.39807004,0.8650003,-0.017334722,0.4199072,0.76989126,-0.016481662,0.39395443,0.6955069,-0.017203737,0.358499,0.6572298,-0.016468568,0.40010428,0.71040976,0.0052628913,0.4181277,0.61837256,-0.002991201,0.42638338,0.5637785,-0.0071616704,0.4305461,0.51751244,-0.010859409,0.36328125,0.7013021,0.0014667828,0.36396846,0.5956697,-0.013089461,0.3658425,0.535794,-0.02131639,0.36331892,0.48770344,-0.024796398,0.32912648,0.7131508,-0.0057909414,0.3245656,0.6239893,-0.040480994,0.34421524,0.68861157,-0.04349738,0.35401878,0.7411735,-0.034393992,0.29722682,0.74157345,-0.013926546,0.30123174,0.68738216,-0.047650773,0.32214314,0.73092073,-0.05036423,0.3340844,0.77248645,-0.044313233,peace
0.33494818,0.90570796,3.7956156e-07,0.39436126,0.8591531,-0.018773805,0.41582555,0.76240796,-0.017672608,0.38834608,0.685588,-0.017280318,0.3506691,0.6484673,-0.015368384,0.39611557,0.7056071,0.005725281,0.41183883,0.616243,-0.00078962505,0.41857612,0.5623822,-0.003914483,0.42143866,0.5175234,-0.006957739,0.35885242,0.6971993,0.0039213975,0.35833415,0.59423506,-0.008520394,0.35964152,0.538272,-0.015073563,0.356945,0.49373817,-0.017436322,0.324608,0.7086618,-0.0015231953,0.32059968,0.6184231,-0.035486292,0.34058043,0.6808806,-0.038797606,0.350319,0.7334958,-0.030001724,0.29178998,0.7356669,-0.007778065,0.29634804,0.6817356,-0.042144865,0.317424,0.7257946,-0.045660496,0.3291101,0.76902175,-0.04008352,peace
0.32944041,0.9034509,3.8114297e-07,0.39170825,0.8564789,-0.01994203,0.4136405,0.7623072,-0.019310018,0.3856682,0.6845793,-0.019283833,0.3492916,0.64545256,-0.01782041,0.39393616,0.71044075,0.0057754833,0.41020393,0.62156093,-0.00045823824,0.41689408,0.56748337,-0.0033994126,0.41986683,0.5226568,-0.006484241,0.35687774,0.70122147,0.004547698,0.3567209,0.5978367,-0.0076021063,0.35793203,0.5410602,-0.01366537,0.3550553,0.49669558,-0.015911493,0.32327577,0.71112645,-0.0006718653,0.31915155,0.61709493,-0.035365976,0.33876532,0.67820525,-0.039232578,0.34793222,0.7309684,-0.030843457,0.29030362,0.73620284,-0.0067514153,0.29530293,0.6790936,-0.042590432,0.31632924,0.7234392,-0.047168784,0.3276542,0.7681258,-0.042351674,peace
0.32869944,0.90014386,3.7045902e-07,0.39114738,0.8512505,-0.018914182,0.41304287,0.7582449,-0.018444343,0.3849335,0.6823366,-0.018761598,0.3476392,0.64510214,-0.017644065,0.39308485,0.7125748,0.0067980075,0.4093796,0.62613136,0.00159709,0.4158489,0.57356083,-0.0005164035,0.4186055,0.5306099,-0.003172931,0.35654727,0.7031798,0.005106078,0.35620552,0.6013161,-0.0060498794,0.35889602,0.5477005,-0.011663673,0.35672054,0.5054871,-0.013804845,0.32276687,0.712269,-0.0005200855,0.32018694,0.61867833,-0.03389674,0.34189317,0.67759895,-0.03826125,0.350727,0.7286002,-0.03073943,0.28863832,0.73471785,-0.006894849,0.2956445,0.6755611,-0.040934432,0.31717128,0.71702915,-0.04549875,0.3272415,0.76046455,-0.04131995,peace
0.3282599,0.8989997,3.641983e-07,0.39160767,0.84848666,-0.019513158,0.41221485,0.75540966,-0.019924236,0.38422275,0.6780956,-0.020851197,0.3476373,0.63887966,-0.020528631,0.39445952,0.7192288,0.005545591,0.41209394,0.6363038,0.0018407962,0.41872022,0.5846222,0.0009682144,0.42138213,0.5423945,-0.0010422504,0.3580703,0.7077575,0.004524697,0.3590695,0.6080424,-0.0030786644,0.36323982,0.5569134,-0.005811242,0.36238033,0.51588094,-0.006802865,0.32392448,0.714296,-0.00062495953,0.3234662,0.6205443,-0.031233288,0.3455146,0.6751115,-0.03624225,0.35338613,0.7244406,-0.030475723,0.28896618,0.73323387,-0.0065625883,0.29829738,0.67436254,-0.039545678,0.3211326,0.715019,-0.045376666,0.33177227,0.7595595,-0.04297429,peace
0.32706657,0.8986969,3.6605806e-07,0.391244,0.85049707,-0.019070601,0.4133057,0.75637275,-0.018976294,0.3869681,0.6783412,-0.019693,0.3501661,0.6416887,-0.019397173,0.39629376,0.7228556,0.008196762,0.41339105,0.6431688,0.0063111475,0.42047313,0.59193563,0.0069834692,0.4236247,0.5510239,0.0060031964,0.36067852,0.71071047,0.0072179106,0.36218628,0.612906,0.0019456776,0.36755446,0.5655423,0.0015131043,0.36776125,0.52645046,0.002199346,0.32676342,0.7158089,0.0018669703,0.32780185,0.62442815,-0.02678609,0.34795222,0.6808831,-0.030308317,0.35310745,0.7295343,-0.023744965,0.2906657,0.7318399,-0.0044114795,0.30025473,0.6732805,-0.035639897,0.3215627,0.7150068,-0.040529836,0.32924283,0.75870025,-0.037836596,peace
0.33084008,0.8966763,3.4398326e-07,0.3940747,0.84716374,-0.016983828,0.4169816,0.75860876,-0.018555306,0.3906067,0.682279,-0.021650068,0.3542062,0.6488557,-0.024124293,0.3980551,0.7281666,0.006882057,0.41429454,0.6517203,0.0047454527,0.42128763,0.6032939,0.0052925386,0.42593968,0.56535774,0.0044506486,0.3632269,0.716162,0.0051310533,0.3643711,0.6220948,0.001425129,0.3703982,0.57761645,0.002074182,0.37222674,0.54253733,0.0027620515,0.33054936,0.7206724,-0.00060653203,0.33145192,0.63070345,-0.024623161,0.35156173,0.68075496,-0.027411986,0.35766375,0.7299695,-0.021994267,0.29567254,0.7357304,-0.0073436424,0.30257055,0.675426,-0.03312103,0.32547337,0.7098673,-0.036812793,0.3352719,0.7536603,-0.034472443,peace
0.33244082,0.8941476,3.4158714e-07,0.39556095,0.8465523,-0.016614959,0.41818708,0.75993353,-0.017950637,0.39353412,0.68418723,-0.020781416,0.35871908,0.6490249,-0.023083989,0.3989016,0.7350793,0.0065676374,0.41503605,0.6610538,0.0028402978,0.4218996,0.61232036,0.0018646262,0.4267309,0.57311606,-0.00012294526,0.36494538,0.723012,0.0044941436,0.36606297,0.63058853,-0.0017212068,0.37248173,0.58567846,-0.0034340597,0.3747492,0.55011874,-0.0043892064,0.33223858,0.7262356,-0.0014784342,0.33449066,0.63819206,-0.027663479,0.35622436,0.68394834,-0.031973127,0.36256537,0.7311669,-0.027357714,0.29671657,0.73879224,-0.008271359,0.30625466,0.6781403,-0.03534272,0.32861638,0.71142334,-0.03947285,0.33656943,0.7551959,-0.03737787,peace
0.33262426,0.8923281,3.913464e-07,0.39598972,0.8469781,-0.017187452,0.41778702,0.7594713,-0.016350785,0.39386895,0.6852847,-0.016863508,0.3596673,0.6474618,-0.016584273,0.39879167,0.73258585,0.01221665,0.41529685,0.6606962,0.011512485,0.42191648,0.61160153,0.012132165,0.42568147,0.573135,0.01098381,0.3643556,0.7207186,0.010788553,0.36670327,0.6299935,0.00634394,0.37290615,0.58341146,0.004715866,0.37373954,0.5475789,0.004199884,0.33174366,0.724674,0.004923042,0.33412066,0.6359148,-0.022060353,0.3551329,0.68244916,-0.028521731,0.36093113,0.7297761,-0.024565188,0.2953379,0.73765725,-0.0016921056,0.30508193,0.67835546,-0.031325534,0.32652843,0.71179926,-0.03830438,0.33400482,0.7545802,-0.03760492,peace
0.33382842,0.8928141,3.9269898e-07,0.396825,0.84589195,-0.01693227,0.4186118,0.76129997,-0.017942347,0.39513448,0.6877521,-0.020500395,0.3619038,0.64989936,-0.022496268,0.39912486,0.7355075,0.010120244,0.41577047,0.6648757,0.008669719,0.42289758,0.61671114,0.009337258,0.4275306,0.5793139,0.008461795,0.3652191,0.7238829,0.008416121,0.36776707,0.63318956,0.004196001,0.37457478,0.58762383,0.0036101728,0.37642327,0.5517232,0.0036136145,0.33275065,0.7270314,0.0023407107,0.33624852,0.63860786,-0.0236793,0.35872403,0.68325794,-0.029757412,0.36518377,0.730462,-0.026069755,0.29677135,0.7385238,-0.004475445,0.30670676,0.67848986,-0.03305044,0.32938874,0.711319,-0.039678015,0.33746898,0.7553236,-0.039102748,peace
0.33500534,0.8911657,4.1077828e-07,0.39818808,0.8471052,-0.017463997,0.4189535,0.7627293,-0.017115327,0.39685166,0.68934226,-0.018332422,0.36434704,0.6505396,-0.01893483,0.40066248,0.7339872,0.014971883,0.4173138,0.66547406,0.017243935,0.42479125,0.6185623,0.02071891,0.42926738,0.5832617,0.02167416,0.36737877,0.7225613,0.014415292,0.37028602,0.6340047,0.014076563,0.377321,0.5895536,0.016104344,0.3790337,0.55455196,0.017957367,0.33587602,0.7255395,0.008858572,0.33966523,0.63976693,-0.015508552,0.3611681,0.68632895,-0.02263279,0.36693418,0.7335167,-0.0196018,0.30060738,0.73451596,0.0024752605,0.30905503,0.6777039,-0.026331948,0.33055902,0.71123224,-0.03535099,0.3386543,0.75411534,-0.03653212,peace
0.33671704,0.8901333,3.910482e-07,0.39856896,0.8467332,-0.017313328,0.41971302,0.7630329,-0.016589846,0.3984797,0.68940324,-0.017254964,0.36651132,0.64917135,-0.017204607,0.4034421,0.7334249,0.013138764,0.42028835,0.66326475,0.013882925,0.42770618,0.6157547,0.015897147,0.4322589,0.5796311,0.01584205,0.36974847,0.7212898,0.012259852,0.37339035,0.63269055,0.009696639,0.3795935,0.5870969,0.009539477,0.38113454,0.55067563,0.010035546,0.3383285,0.7244822,0.006778933,0.3404131,0.63889205,-0.018994603,0.3599417,0.6862114,-0.025767412,0.36566892,0.73348904,-0.022102641,0.30314562,0.73602885,0.0004981062,0.3089854,0.6788697,-0.029462274,0.33059308,0.71202457,-0.03791013,0.3407162,0.75529534,-0.03813244,peace
0.33816957,0.88763213,3.6772792e-07,0.3980505,0.84684134,-0.01799718,0.42074928,0.7622095,-0.017520817,0.39895153,0.6873832,-0.017468259,0.36732966,0.6474297,-0.016565653,0.40541247,0.7313494,0.004880128,0.42341563,0.65726954,0.0017457099,0.43102068,0.60924685,0.00073100487,0.43603718,0.5706416,-0.0012497253,0.3716577,0.71820456,0.004204355,0.37565744,0.6276069,-0.0026277534,0.38131773,0.5786404,-0.00617915,0.383014,0.5404675,-0.00790295,0.3399667,0.7217344,-0.00012140207,0.34145194,0.63708687,-0.027499773,0.35838646,0.6854442,-0.033259936,0.36359817,0.732752,-0.028693197,0.30503651,0.7361009,-0.005158189,0.31046638,0.6796773,-0.034929488,0.3307218,0.7130737,-0.040915173,0.34072077,0.7554577,-0.039033566,peace
0.338684,0.8900909,3.9248357e-07,0.39825818,0.8515259,-0.021230455,0.421709,0.7630575,-0.022148104,0.39900237,0.68672204,-0.022679731,0.367051,0.6421915,-0.021987537,0.40918338,0.7304605,0.0010317892,0.4276784,0.6524188,-0.003691686,0.43613428,0.6021989,-0.005680927,0.44193798,0.5614772,-0.008193136,0.3744473,0.71682346,0.0012548208,0.37882406,0.6230387,-0.0067577874,0.38497445,0.57147115,-0.0108893905,0.3866829,0.53116184,-0.012940352,0.34135586,0.7200974,-0.0023601404,0.34264976,0.6334019,-0.031655714,0.359493,0.68401945,-0.037047826,0.36417055,0.7312231,-0.031747628,0.30557773,0.7345084,-0.0068803323,0.31304717,0.6767878,-0.038372826,0.3320029,0.7142096,-0.04358716,0.33947012,0.75784695,-0.040718634,peace
0.33837205,0.8917948,4.1603235e-07,0.3987281,0.85488397,-0.022228763,0.4233889,0.7647151,-0.023824725,0.4004476,0.68592966,-0.024711063,0.36776054,0.6401048,-0.024188835,0.4122796,0.7294498,-0.0010777612,0.43290642,0.64851135,-0.0075575677,0.44250965,0.59742725,-0.010634074,0.4491113,0.5546049,-0.013794284,0.37688208,0.71474993,-0.00082249317,0.3841104,0.61816466,-0.010759944,0.39128357,0.5656483,-0.015611678,0.39338776,0.5240667,-0.017828975,0.34292296,0.71786827,-0.0043124165,0.34523737,0.6290391,-0.035323653,0.36052948,0.68384105,-0.039262097,0.36422175,0.7325809,-0.032410037,0.30668196,0.73346096,-0.008763236,0.3167147,0.6769058,-0.0412255,0.33399364,0.7179968,-0.044909976,0.33930033,0.7618188,-0.040527504,peace
0.33750862,0.8941107,3.9857397e-07,0.3991379,0.8586708,-0.021436863,0.4245793,0.76672083,-0.022368094,0.40166664,0.68627155,-0.022899672,0.36933059,0.63961124,-0.021890452,0.41563368,0.7287988,0.0008931813,0.43793577,0.64644814,-0.0062516187,0.44790557,0.594555,-0.009929126,0.45430678,0.550007,-0.013766848,0.38013524,0.71361315,0.00015279898,0.38896188,0.61572343,-0.0115839755,0.3962819,0.56394833,-0.017642168,0.39819294,0.52145064,-0.020406801,0.34573522,0.7167106,-0.00436234,0.3500246,0.62680644,-0.037466154,0.36393544,0.68602896,-0.040794477,0.36664626,0.7354173,-0.032967716,0.30901483,0.7330809,-0.009813783,0.3209517,0.67856437,-0.043792535,0.3365846,0.72216636,-0.047183458,0.34050685,0.76496005,-0.042308446,peace
0.3370086,0.8969453,4.0252405e-07,0.3997518,0.86359674,-0.02119753,0.42665046,0.7716835,-0.02145719,0.40586472,0.68967307,-0.021300573,0.37447104,0.64176685,-0.019585399,0.41890964,0.7293416,0.0011514901,0.44341266,0.64493597,-0.0059269727,0.4546643,0.5931159,-0.009469981,0.46177822,0.5481484,-0.013092461,0.3830402,0.71292186,0.00045935478,0.39431697,0.61297894,-0.0115972115,0.40272328,0.5600251,-0.017715104,0.4055527,0.516871,-0.020219665,0.34835348,0.7158397,-0.0039353957,0.35401794,0.624488,-0.037488353,0.36627606,0.6863206,-0.040689413,0.36848947,0.7370483,-0.03234528,0.31166357,0.7332119,-0.00921427,0.32371438,0.6777997,-0.043747105,0.33871123,0.72335553,-0.047078166,0.34295896,0.767554,-0.041782793,peace
0.33824247,0.9014758,4.2241996e-07,0.39948282,0.87200904,-0.022094112,0.42866638,0.77938753,-0.023249138,0.4067986,0.69649786,-0.024083696,0.37321573,0.6497407,-0.023337914,0.41974628,0.72579104,0.00026228215,0.44514942,0.64059526,-0.008667422,0.45761317,0.5877082,-0.013794735,0.46552598,0.5416505,-0.018280914,0.3839899,0.70999116,-0.0014183648,0.39638793,0.6068684,-0.01528987,0.4050246,0.55134505,-0.023350354,0.40778345,0.50527763,-0.026785983,0.34904972,0.71455806,-0.0067274254,0.35588807,0.62554204,-0.04236312,0.36695218,0.69076747,-0.04538789,0.36791244,0.7422776,-0.036134124,0.31229863,0.7344077,-0.013038151,0.3233091,0.67959416,-0.0490052,0.33735928,0.7287824,-0.051133323,0.34058368,0.77436334,-0.04423181,peace
0.3407033,0.90783834,4.232323e-07,0.4004601,0.8752254,-0.022432774,0.42941087,0.7823127,-0.024358565,0.40650544,0.6993991,-0.026149329,0.37457877,0.6505668,-0.026289633,0.4196303,0.7261133,-0.002520705,0.44539928,0.635396,-0.013628244,0.45801455,0.58146715,-0.019361962,0.46582913,0.53429925,-0.023729872,0.38403475,0.7108423,-0.004677536,0.39696956,0.60231,-0.021152947,0.40488604,0.5449769,-0.02991472,0.4069265,0.49696502,-0.033144385,0.34900156,0.7162142,-0.010351792,0.35495147,0.62746054,-0.048239082,0.36605468,0.6981398,-0.049988132,0.36786908,0.7517788,-0.038879972,0.31228343,0.737698,-0.017068597,0.32068887,0.68330944,-0.0542217,0.33626884,0.73405105,-0.055469763,0.3419151,0.77936196,-0.04723591,peace
0.3414735,0.91371894,4.5540705e-07,0.4018566,0.8771471,-0.021936353,0.4305715,0.7853486,-0.024062224,0.4076191,0.70591795,-0.026703997,0.37660587,0.65853494,-0.0277255,0.4213818,0.7179274,-0.0006736968,0.44622573,0.62846756,-0.013192042,0.45836592,0.5745809,-0.020488454,0.46555877,0.52684796,-0.025771063,0.3844582,0.70511305,-0.0038063799,0.39833876,0.5991948,-0.022688514,0.4057102,0.5403155,-0.03336728,0.40748763,0.4910782,-0.037261873,0.34766048,0.71424097,-0.0105385985,0.3529777,0.6288583,-0.050469793,0.36214426,0.701485,-0.052408684,0.36355513,0.756044,-0.04051583,0.31052324,0.7411155,-0.018272582,0.31917354,0.69018275,-0.056531828,0.3341526,0.7427676,-0.05718473,0.33936137,0.7877992,-0.04786817,peace
0.34085816,0.9189533,4.667936e-07,0.400493,0.8803814,-0.020135425,0.42955467,0.78903884,-0.021881156,0.4076962,0.7140106,-0.024873205,0.37500077,0.6701901,-0.026524698,0.42130688,0.7130654,-0.00046674733,0.44538954,0.6242132,-0.013750249,0.4572345,0.56966865,-0.021641286,0.46420798,0.5218874,-0.027260264,0.38271546,0.7018107,-0.0050641694,0.395562,0.5970526,-0.025565226,0.4021692,0.5354692,-0.037509497,0.40373728,0.4847061,-0.04202026,0.34474027,0.71416944,-0.013020494,0.34605235,0.63454306,-0.05393026,0.35806122,0.70673573,-0.057003126,0.36282048,0.76147467,-0.04559525,0.30753225,0.74476767,-0.021838166,0.31539372,0.696538,-0.06022947,0.33170727,0.74899864,-0.06106035,0.33886132,0.7936418,-0.05178588,peace
0.34028736,0.9214641,4.9024237e-07,0.3991885,0.8812659,-0.020946495,0.42807066,0.7924047,-0.024374506,0.40476507,0.71961004,-0.029243177,0.37081915,0.67564106,-0.032852095,0.42062345,0.7088545,-0.0026651472,0.4435621,0.61982965,-0.017896704,0.4549626,0.56547785,-0.027121408,0.46177995,0.5174325,-0.03345229,0.3811548,0.69894314,-0.00798022,0.39311567,0.5937498,-0.03007346,0.3990163,0.5316876,-0.04279533,0.40022194,0.47984624,-0.04766532,0.34251037,0.7141709,-0.016758902,0.3427669,0.63709176,-0.058824696,0.35585532,0.71073246,-0.06167136,0.36178577,0.7655763,-0.049861357,0.30492753,0.74859834,-0.026535051,0.31289184,0.7013042,-0.0651869,0.33030614,0.75365496,-0.065308854,0.3384313,0.79776835,-0.055397864,peace
0.3395388,0.9263963,5.074222e-07,0.3968182,0.88573587,-0.021305501,0.42693135,0.7978725,-0.025947057,0.40179145,0.72762233,-0.032106318,0.3667763,0.6840136,-0.037016653,0.41889408,0.7045137,-0.0034607071,0.44171947,0.61651427,-0.01923824,0.45279336,0.5625646,-0.028967114,0.4593829,0.5150608,-0.035460465,0.3789874,0.6964255,-0.009237959,0.3897683,0.5919821,-0.031655468,0.3951398,0.52916515,-0.0451275,0.39609963,0.47642818,-0.050480958,0.34011644,0.71439177,-0.018472122,0.34052286,0.6413219,-0.06056078,0.35414484,0.71467626,-0.06402738,0.36029303,0.76934355,-0.0525987,0.30278495,0.75181955,-0.028724508,0.3104831,0.70715004,-0.06685822,0.3285693,0.75909597,-0.066709206,0.33732,0.8027558,-0.0565137,peace
0.33885154,0.9308736,5.238542e-07,0.3940734,0.8921169,-0.023445958,0.42391506,0.8057524,-0.029780125,0.39911744,0.7364121,-0.03763247,0.36358082,0.69003737,-0.043984123,0.41663218,0.7026468,-0.00435807,0.43833208,0.615757,-0.021488378,0.44890717,0.56257385,-0.032464832,0.4549476,0.5143204,-0.04006614,0.37678957,0.6947843,-0.010314362,0.3865089,0.5915071,-0.034512922,0.3911492,0.5292213,-0.04941882,0.39151844,0.4753692,-0.055824924,0.33755192,0.71407175,-0.020087572,0.33736053,0.6423633,-0.064411044,0.3517789,0.7168371,-0.06903384,0.3590006,0.7711503,-0.058220908,0.30008224,0.7532724,-0.031104112,0.30832827,0.7142232,-0.07206295,0.32791737,0.76775193,-0.073789194,0.3383197,0.8110825,-0.0646069,peace
0.33787477,0.9329699,5.460733e-07,0.39292344,0.8936833,-0.024338245,0.42321998,0.8076102,-0.031287313,0.3976115,0.7383228,-0.039726473,0.36198452,0.69125456,-0.046487063,0.41562834,0.70276153,-0.004729859,0.43763244,0.6160562,-0.022649184,0.44859374,0.56310856,-0.03402949,0.45496204,0.5145879,-0.041803174,0.375134,0.6950407,-0.010647134,0.38438943,0.590686,-0.036076993,0.38970825,0.5277945,-0.051381193,0.39095348,0.47336665,-0.05773891,0.33540344,0.7149959,-0.020549865,0.3359387,0.6452329,-0.06602552,0.34997886,0.7217896,-0.07047418,0.3567037,0.77611583,-0.059142806,0.29783452,0.7547281,-0.031755682,0.3071949,0.7181527,-0.073154695,0.32677865,0.7727006,-0.07454792,0.3368351,0.815243,-0.06496444,peace
0.33670914,0.9329159,5.4476794e-07,0.3917088,0.89495397,-0.025029108,0.4220751,0.808857,-0.032353807,0.3969719,0.73975414,-0.041050527,0.36178902,0.69207054,-0.048035204,0.41440716,0.70130694,-0.0059472052,0.4368667,0.6153215,-0.024569253,0.44793656,0.56238353,-0.03637769,0.45417923,0.51346296,-0.044412185,0.37374067,0.69374084,-0.011589543,0.38295496,0.58976555,-0.037628487,0.3885417,0.52732265,-0.053146087,0.39003462,0.4731661,-0.05959599,0.3337278,0.71392334,-0.021255124,0.33508193,0.6469724,-0.06724071,0.34958372,0.72347385,-0.07219972,0.3564961,0.7776758,-0.061232567,0.29638422,0.7536417,-0.03227749,0.3063394,0.7216197,-0.07444745,0.32663548,0.7769315,-0.07668303,0.3373497,0.8190776,-0.0676104,peace
0.33561745,0.93504983,5.5235125e-07,0.38976157,0.89665395,-0.02566821,0.42142758,0.8110318,-0.034001015,0.3972959,0.74183804,-0.043629277,0.36196056,0.69286895,-0.051437598,0.41297367,0.70035595,-0.0071827723,0.43542314,0.61496186,-0.026721528,0.44664776,0.5622951,-0.0393186,0.45292217,0.5131407,-0.047793534,0.37203714,0.6929063,-0.012906545,0.38065436,0.58900774,-0.03975469,0.3864255,0.52668357,-0.055848565,0.38825408,0.472401,-0.062645495,0.33180672,0.7133915,-0.022654038,0.33472663,0.64849186,-0.06887863,0.349602,0.7246029,-0.07392271,0.3563661,0.77848774,-0.06303973,0.29422343,0.7531717,-0.03384852,0.30586088,0.7229966,-0.075811714,0.3263571,0.7783218,-0.07787702,0.33680546,0.82030267,-0.06869238,peace
0.33575267,0.9345182,5.659242e-07,0.39014527,0.89606905,-0.02544829,0.42343315,0.81239134,-0.034030885,0.39968657,0.7464729,-0.04395126,0.36272514,0.7003954,-0.05190581,0.41406763,0.69756234,-0.0070454334,0.43615368,0.61353457,-0.026301946,0.44777817,0.56138456,-0.038665768,0.45447513,0.51335156,-0.04682002,0.37278673,0.6905416,-0.012776878,0.37969285,0.58639336,-0.03906505,0.38668075,0.5238874,-0.054655902,0.3894111,0.47091627,-0.06117168,0.33201894,0.71188754,-0.022558369,0.3366814,0.649838,-0.067406654,0.35355222,0.72521657,-0.0721825,0.36051306,0.77893937,-0.06139126,0.29413128,0.75170064,-0.03386131,0.30871025,0.72347444,-0.07353722,0.32965657,0.77783144,-0.07485681,0.338841,0.81900567,-0.06561299,peace
0.3356547,0.9341061,5.624517e-07,0.38944224,0.8962073,-0.025279246,0.42425796,0.8114183,-0.033946745,0.40225977,0.7442007,-0.04385522,0.36493704,0.6990652,-0.051648147,0.4133044,0.69773394,-0.007903097,0.4365011,0.61282206,-0.027485164,0.44872984,0.5610284,-0.039722316,0.45582286,0.5130252,-0.04769093,0.37226975,0.6902332,-0.01357431,0.37948808,0.58538616,-0.04048812,0.38734502,0.5229448,-0.056063667,0.39063936,0.47004846,-0.06234668,0.33169815,0.71031845,-0.02317565,0.33966962,0.6497077,-0.06810255,0.35696068,0.7249587,-0.072870426,0.36347255,0.77823323,-0.0620317,0.29443198,0.7480418,-0.034323193,0.3123836,0.72606725,-0.073689155,0.33320054,0.7799857,-0.075527534,0.3416295,0.8191945,-0.06670891,peace
0.3365667,0.93340313,5.6146587e-07,0.3909036,0.89428926,-0.024180412,0.42553902,0.8108854,-0.032676194,0.4074284,0.74619865,-0.042572983,0.3736782,0.7011583,-0.0502244,0.4133917,0.6961837,-0.007913904,0.43689075,0.61114776,-0.02785921,0.44958827,0.5594219,-0.04011732,0.45682845,0.51185197,-0.047762092,0.37261963,0.6889566,-0.013900775,0.38061,0.58278775,-0.040787272,0.38879853,0.5203087,-0.05592818,0.39193478,0.4681908,-0.06171812,0.3320854,0.7089732,-0.023733726,0.34219408,0.64749575,-0.06768134,0.3611876,0.7215334,-0.07175177,0.36878365,0.77482986,-0.060477562,0.2955988,0.7468363,-0.035097152,0.3165917,0.7230647,-0.07227684,0.33708623,0.7755112,-0.07298755,0.3446047,0.814166,-0.06364574,peace
0.33629557,0.93159604,5.557528e-07,0.39188853,0.8933995,-0.024041899,0.42869335,0.80945736,-0.03238897,0.41280282,0.74313277,-0.041868385,0.38065,0.6985313,-0.04896197,0.41355678,0.6956443,-0.009078386,0.43857205,0.6108305,-0.029040102,0.4523894,0.5597677,-0.040892653,0.46078235,0.5133732,-0.047893587,0.37333462,0.68763196,-0.014431861,0.3832217,0.5811653,-0.040549193,0.39210096,0.51860213,-0.054847736,0.39549813,0.4674843,-0.060062528,0.33350852,0.70642084,-0.023524404,0.3467114,0.64846486,-0.06562026,0.36716172,0.71826816,-0.0697044,0.37531844,0.7700251,-0.05890906,0.2978378,0.74265945,-0.034208536,0.32260105,0.72158736,-0.06872527,0.34326872,0.77185285,-0.0690068,0.34993842,0.80938846,-0.059886828,peace
0.33787414,0.93205106,5.351705e-07,0.39415053,0.892056,-0.02215861,0.43064258,0.8085838,-0.029448472,0.4178684,0.7434876,-0.038385343,0.38726863,0.69983697,-0.045173626,0.41304642,0.69682753,-0.006704675,0.43950868,0.6130034,-0.025906662,0.4536526,0.56127006,-0.0376079,0.46238768,0.51468134,-0.04443555,0.37420326,0.6888789,-0.012761948,0.38540483,0.58193475,-0.037343115,0.3952819,0.5199524,-0.050994348,0.39946443,0.46969712,-0.056018345,0.3354284,0.70754325,-0.022454688,0.35037565,0.64824617,-0.063110024,0.3702173,0.7164876,-0.06713237,0.37737456,0.7680366,-0.056694917,0.30068025,0.7442166,-0.03360307,0.32599974,0.7184091,-0.06647572,0.34614107,0.7679873,-0.06585829,0.35202152,0.806989,-0.0564576,peace
0.34103334,0.9298134,5.4592135e-07,0.39663416,0.8881645,-0.02172205,0.43229485,0.80600446,-0.029389728,0.42312053,0.74033475,-0.038669948,0.3941611,0.69607365,-0.04557984,0.41213712,0.6972908,-0.0069748797,0.44034913,0.61288893,-0.026254585,0.45518765,0.5610207,-0.037569974,0.46368164,0.51499176,-0.043914903,0.3742737,0.68939173,-0.012854715,0.38692677,0.5811412,-0.037453845,0.39817274,0.51972437,-0.050546434,0.4030761,0.4706458,-0.054908235,0.33652046,0.7070656,-0.022312982,0.35482046,0.6476649,-0.062135145,0.37626573,0.7128636,-0.066006914,0.3843737,0.76240224,-0.055525627,0.30330423,0.7423699,-0.03320279,0.3304032,0.71889955,-0.064581566,0.35147473,0.7649751,-0.0639903,0.3579946,0.8014172,-0.054799918,peace
0.34453723,0.9273524,5.726994e-07,0.3984706,0.88680285,-0.020726556,0.4346782,0.8083804,-0.029259862,0.43266764,0.7427714,-0.03985314,0.40671915,0.69901323,-0.04769173,0.41083217,0.7021982,-0.0066222125,0.4412985,0.61763114,-0.027114917,0.4580544,0.5665874,-0.038731627,0.46763057,0.52216744,-0.04468845,0.37534854,0.6915112,-0.013099733,0.39247584,0.58158624,-0.039278775,0.40604606,0.5190517,-0.052575108,0.4124766,0.46916398,-0.056479596,0.33908713,0.7046514,-0.023132075,0.36749333,0.64679646,-0.06378862,0.3875687,0.7126743,-0.06681175,0.39367554,0.7626755,-0.05505841,0.3070011,0.73496896,-0.034547873,0.34165716,0.7119033,-0.0650166,0.36228746,0.75838274,-0.063124605,0.36786887,0.7963396,-0.052685827,peace
0.3477885,0.9269595,5.8052893e-07,0.4006731,0.88597834,-0.019349923,0.43750665,0.8086482,-0.028031006,0.4397762,0.7434849,-0.039296284,0.41684583,0.69884574,-0.04739663,0.4107195,0.70807004,-0.0052047027,0.4410429,0.6204531,-0.026376948,0.4584468,0.56941843,-0.038029857,0.469049,0.5253494,-0.043732006,0.37630758,0.6965163,-0.012530776,0.39401317,0.5829392,-0.039537363,0.41095874,0.52110314,-0.05241874,0.4205981,0.47207516,-0.055757977,0.34169886,0.7065144,-0.023497535,0.37645948,0.64616024,-0.0644092,0.39576423,0.71330553,-0.0658829,0.39971122,0.7634063,-0.053086758,0.31215048,0.73339635,-0.035922706,0.35380328,0.7126977,-0.06627835,0.37267986,0.76221186,-0.063737296,0.3750828,0.80132306,-0.052870885,peace
0.34977484,0.9256354,5.8466406e-07,0.4016759,0.8837187,-0.019826354,0.43730325,0.8069479,-0.029076405,0.4422914,0.74317443,-0.040666252,0.42303804,0.6977609,-0.04886176,0.4097006,0.70680624,-0.0051744953,0.4404184,0.62029123,-0.025895808,0.4582956,0.5703064,-0.03737154,0.4692183,0.5270343,-0.04283783,0.3769112,0.69699985,-0.011954714,0.39423788,0.5825683,-0.038387787,0.413124,0.52296925,-0.050347466,0.42462733,0.47628653,-0.053029105,0.3447964,0.70708895,-0.022570468,0.38480815,0.64914936,-0.06267565,0.4022252,0.71411616,-0.06378226,0.4036805,0.76203877,-0.05106564,0.31850275,0.7326307,-0.034741014,0.36605722,0.7114624,-0.06429732,0.38158083,0.76200026,-0.06135879,0.38025188,0.80120444,-0.050525054,peace
0.35220522,0.92332083,5.727167e-07,0.4040954,0.8781868,-0.019835765,0.4388554,0.8035392,-0.029494772,0.44599783,0.7419893,-0.041674137,0.43365058,0.6926697,-0.050354037,0.41260463,0.70599365,-0.005162927,0.4420311,0.6214436,-0.026146356,0.45860994,0.5723995,-0.037501067,0.46911675,0.5298871,-0.0427088,0.37960353,0.6965668,-0.01209504,0.39805853,0.58395225,-0.039186724,0.41783273,0.52511096,-0.05116736,0.43084386,0.47949094,-0.053445537,0.34810582,0.7060883,-0.023016538,0.39350104,0.6570567,-0.06384261,0.40921417,0.7244085,-0.06477134,0.40947178,0.7712544,-0.0514944,0.3233171,0.7304023,-0.035559606,0.37488788,0.7146582,-0.06493155,0.3877497,0.7664337,-0.061832182,0.38467723,0.80329317,-0.050833184,peace
0.35312486,0.9227761,5.7832295e-07,0.4047285,0.87788415,-0.019490361,0.44001052,0.80412275,-0.029474232,0.44833058,0.7442666,-0.04207674,0.4381541,0.6949794,-0.051207304,0.41300288,0.7077111,-0.0062306756,0.44212237,0.62373877,-0.028036626,0.45906094,0.5750816,-0.039891724,0.47014734,0.532978,-0.04541427,0.3800155,0.69817984,-0.013531996,0.40025204,0.5865903,-0.041602407,0.42163992,0.5290119,-0.05398161,0.4360049,0.48450047,-0.056452785,0.3489645,0.70676535,-0.024770644,0.39760947,0.65961874,-0.06600009,0.41197383,0.72657245,-0.066964015,0.4108966,0.77201355,-0.05385859,0.325647,0.7300146,-0.037658893,0.3806128,0.716774,-0.06716104,0.3921332,0.7689367,-0.064388536,0.38751268,0.80478966,-0.053781085,peace
0.3528233,0.9231355,5.733868e-07,0.4042315,0.8800211,-0.018675987,0.4407713,0.80627525,-0.02836337,0.45060045,0.74582225,-0.04080012,0.44233766,0.6956457,-0.049746998,0.41383287,0.71109974,-0.0069338363,0.44312263,0.62605965,-0.02858535,0.46016598,0.57794785,-0.040040426,0.47136262,0.5360334,-0.04539686,0.38120148,0.7014224,-0.014521515,0.40335298,0.59014434,-0.042810537,0.42535514,0.5328438,-0.055107173,0.44007984,0.4876821,-0.05773471,0.3506101,0.7089704,-0.025844593,0.40188923,0.6596346,-0.06690461,0.4147333,0.7272304,-0.067287944,0.41214347,0.77293235,-0.054093186,0.32801962,0.73130614,-0.038799025,0.3851797,0.71820396,-0.06867453,0.3952519,0.77051604,-0.06634262,0.3890789,0.8064935,-0.056174215,peace
0.35209125,0.9221546,5.812718e-07,0.40428984,0.87871814,-0.017783953,0.4407751,0.80481595,-0.02741988,0.45100456,0.74570346,-0.040017918,0.44297284,0.6962718,-0.04896536,0.41406578,0.7092588,-0.004793855,0.44337568,0.62619,-0.02656898,0.46098092,0.57925045,-0.038394723,0.47251272,0.53836966,-0.044122353,0.38159955,0.6991702,-0.012992088,0.4036758,0.589177,-0.041374378,0.42649755,0.5336736,-0.05387036,0.44175828,0.48943,-0.05665537,0.3510575,0.7071297,-0.02505958,0.4025462,0.6590264,-0.065817416,0.41565397,0.7271271,-0.065825805,0.4128528,0.7715319,-0.05249615,0.32922715,0.7301554,-0.038741495,0.3871608,0.7190339,-0.06780552,0.3969775,0.7708138,-0.06509952,0.38989434,0.80422187,-0.05490851,peace
0.35223395,0.9222418,5.900527e-07,0.40413058,0.8785702,-0.018689938,0.439898,0.8038608,-0.028473035,0.44935626,0.7438784,-0.04097513,0.4398635,0.6944645,-0.05000224,0.41265187,0.70907027,-0.005313162,0.44217676,0.6267944,-0.027024437,0.4602053,0.5799313,-0.0388336,0.4723016,0.5393641,-0.044320736,0.38074458,0.69934154,-0.012937939,0.4030971,0.5897222,-0.040995006,0.42602512,0.5340597,-0.05334215,0.44140592,0.49030685,-0.055901393,0.35018656,0.70739913,-0.02448571,0.40054247,0.6603244,-0.06527522,0.41333723,0.72812784,-0.06534215,0.4106164,0.77277565,-0.05181472,0.32712525,0.7302971,-0.03760288,0.38332173,0.7159188,-0.066056825,0.3934353,0.7683394,-0.06226738,0.38705593,0.80334544,-0.051233176,peace
0.35109413,0.9222629,5.9505567e-07,0.40303263,0.8805281,-0.019852554,0.4391761,0.8053862,-0.029452039,0.44574356,0.74336535,-0.04142218,0.43130702,0.69561154,-0.049916245,0.4112517,0.7102231,-0.0049313633,0.4420965,0.6272493,-0.026095277,0.46028936,0.57939357,-0.037587628,0.47202057,0.53880936,-0.042986754,0.37998122,0.69967663,-0.011771758,0.40056974,0.58869076,-0.03908684,0.42166248,0.5317673,-0.05137466,0.43541726,0.48734796,-0.054140363,0.34907573,0.70773464,-0.02262592,0.39381284,0.65307426,-0.06314646,0.4097159,0.718751,-0.063712075,0.40998393,0.7650134,-0.05065793,0.324134,0.730905,-0.035029143,0.37481448,0.71247226,-0.06434486,0.38820723,0.7634903,-0.06124291,0.38504237,0.80057245,-0.050510354,peace
0.35057843,0.92124903,5.571919e-07,0.402505,0.8798491,-0.016457444,0.43667465,0.80219233,-0.023122136,0.43830043,0.74029446,-0.032481346,0.41450113,0.7019653,-0.039069742,0.4095734,0.706237,-0.0019169208,0.4418046,0.6242994,-0.020388247,0.4595952,0.5757242,-0.030626772,0.4708091,0.53584737,-0.03540324,0.37815732,0.6964471,-0.009367099,0.39643347,0.5892322,-0.033466946,0.41378143,0.5293298,-0.045324557,0.4247677,0.4838202,-0.04836383,0.34589133,0.70721495,-0.020233829,0.38003302,0.6523835,-0.057311524,0.3983171,0.71314406,-0.059112728,0.40215445,0.7594032,-0.047488905,0.3183604,0.73325706,-0.03229055,0.35670304,0.70927066,-0.05903456,0.37373468,0.75410503,-0.0557957,0.37546948,0.79075736,-0.045229733,peace
0.3512107,0.9204719,5.3630197e-07,0.4030712,0.8761819,-0.018190224,0.4341234,0.7965561,-0.02514987,0.4292589,0.730896,-0.034272257,0.40152434,0.6907028,-0.041241933,0.4085618,0.7069545,-0.0051672375,0.43675432,0.6212199,-0.023401998,0.45165747,0.5710375,-0.033689253,0.4605158,0.5276448,-0.03908722,0.37639582,0.69877845,-0.011749319,0.38925913,0.5897582,-0.035303608,0.40155336,0.5281147,-0.047485366,0.40745375,0.479715,-0.05153916,0.34263948,0.71213484,-0.021580128,0.36444408,0.64579177,-0.05967901,0.3869249,0.7056181,-0.062484488,0.39455396,0.75251544,-0.051827133,0.31260958,0.74059,-0.0324587,0.3412505,0.7059782,-0.062066816,0.3611289,0.7493166,-0.060047124,0.36547145,0.7871072,-0.050290875,peace
0.35040128,0.9220407,5.0602637e-07,0.40450755,0.8754534,-0.018854389,0.43231118,0.788784,-0.02458128,0.4184112,0.72268146,-0.03194845,0.38864544,0.68397343,-0.037408993,0.4071004,0.70718247,-0.0061920076,0.4305545,0.61979747,-0.023233514,0.44273782,0.56779665,-0.033094198,0.44936752,0.5214363,-0.039018,0.37222788,0.6999511,-0.01222616,0.37874907,0.58923066,-0.03466222,0.38758484,0.52698576,-0.046381447,0.39033985,0.47733286,-0.05080886,0.33775625,0.7150903,-0.021387175,0.3529935,0.6405794,-0.059380524,0.37783903,0.7002498,-0.062190358,0.38692218,0.7486637,-0.052177314,0.3077272,0.74532413,-0.031600907,0.33404878,0.7063016,-0.06322779,0.3544593,0.75108427,-0.06241943,0.35864887,0.79064745,-0.053749435,peace
0.3508,0.9220576,4.8590823e-07,0.40479267,0.8720863,-0.019123862,0.4286351,0.7816582,-0.024228262,0.41065913,0.7136122,-0.030809393,0.37818497,0.6771042,-0.035571724,0.4028634,0.708754,-0.0066823903,0.42367715,0.6170409,-0.02265035,0.4339024,0.5643984,-0.031545736,0.43879992,0.51728195,-0.037136443,0.36751798,0.7030585,-0.012243163,0.3712419,0.5904892,-0.033662952,0.37730095,0.52734274,-0.044554725,0.37738174,0.47607526,-0.048815355,0.33343884,0.719121,-0.020878157,0.34382623,0.6392048,-0.058559008,0.3694449,0.7005377,-0.060464963,0.3795992,0.75052655,-0.050026994,0.30370808,0.7504169,-0.030597745,0.32531053,0.70632833,-0.06293868,0.34715417,0.7508479,-0.062196128,0.35364652,0.79122233,-0.053626858,peace
0.35279578,0.9197703,4.7915523e-07,0.40692335,0.8647624,-0.019152118,0.4265931,0.7726632,-0.023606993,0.4040931,0.7027307,-0.029781355,0.3701795,0.6650999,-0.034156714,0.39907575,0.7055278,-0.0026979183,0.41677108,0.6137584,-0.01810835,0.42529714,0.5605385,-0.026889395,0.42897338,0.5127213,-0.032675494,0.3640002,0.7014073,-0.007938177,0.3641693,0.5909106,-0.030029837,0.36725616,0.52820784,-0.041621465,0.3647995,0.47742063,-0.046351325,0.33028716,0.7188785,-0.016506933,0.3367386,0.6349318,-0.0555807,0.36313125,0.6974156,-0.05698946,0.37397018,0.7481803,-0.04568011,0.30016065,0.7515766,-0.026062839,0.31792846,0.69976014,-0.05961755,0.34076726,0.7443249,-0.058456283,0.3479472,0.7860161,-0.049243465,peace
0.35206664,0.9174853,4.796423e-07,0.407559,0.86103415,-0.019816635,0.42582878,0.7686828,-0.024084462,0.4000009,0.69910353,-0.029828468,0.3645196,0.66269445,-0.03393871,0.3979822,0.7033806,-0.0028574232,0.41361415,0.6104619,-0.017679695,0.4205194,0.55632156,-0.02600542,0.42337155,0.5076481,-0.03158244,0.36186132,0.70039374,-0.0073996587,0.3610506,0.59148526,-0.02885402,0.36284631,0.5298187,-0.039872684,0.35970387,0.48128468,-0.0442734,0.3278515,0.71880966,-0.015304414,0.3323348,0.6333182,-0.0537694,0.35816228,0.6956386,-0.054827906,0.36924866,0.74718946,-0.043401863,0.29774767,0.7526399,-0.024249358,0.31238887,0.69720507,-0.057895266,0.33645457,0.74113256,-0.056676183,0.34568736,0.7841703,-0.047361992,peace
0.3537953,0.9176582,4.4816275e-07,0.40770286,0.85750663,-0.018322555,0.42345896,0.76459223,-0.021656234,0.39748338,0.694989,-0.026699176,0.36149082,0.66060364,-0.030248443,0.3945442,0.7043737,-0.00031279912,0.40795258,0.6123288,-0.014164444,0.41379198,0.5583184,-0.022264246,0.4161741,0.5101109,-0.027691744,0.35930797,0.7021966,-0.0049793688,0.35476124,0.59356797,-0.025044244,0.35497776,0.5320609,-0.035789676,0.3510991,0.4832688,-0.040240314,0.32653344,0.72051793,-0.012917407,0.32863125,0.63468033,-0.050329935,0.35494697,0.6939344,-0.05183283,0.36638603,0.7449046,-0.040870033,0.29714704,0.7536825,-0.0217205,0.3089359,0.69553703,-0.054006435,0.33339188,0.73675835,-0.052558415,0.3430997,0.7795476,-0.04332826,peace
0.35446402,0.9146015,4.365819e-07,0.40760285,0.8521912,-0.017661544,0.42131716,0.75898933,-0.020412702,0.39405757,0.6899393,-0.025004916,0.35549575,0.65961266,-0.02821391,0.38864636,0.7038479,0.0017231484,0.39965346,0.6127895,-0.011083158,0.403802,0.5591952,-0.018610315,0.4052639,0.51200694,-0.023854554,0.3544259,0.7025296,-0.0029559229,0.34739226,0.595835,-0.022143055,0.3462416,0.53466547,-0.032915644,0.34147814,0.48649198,-0.037667125,0.32286587,0.72104484,-0.010971532,0.3234087,0.6344875,-0.048270624,0.35159338,0.69045377,-0.050923463,0.36452395,0.74016017,-0.040919088,0.29434535,0.7542638,-0.019723484,0.30560035,0.69414353,-0.0523101,0.33125624,0.73374087,-0.051903993,0.3423338,0.7769356,-0.043578688,peace
0.35396808,0.91298014,4.207215e-07,0.4068202,0.8499742,-0.018775336,0.41899982,0.7544011,-0.020804506,0.3885562,0.6850792,-0.024192417,0.34907442,0.6567573,-0.02621319,0.38384676,0.7036151,0.0025928565,0.3927016,0.6138884,-0.0086554745,0.39531645,0.56114876,-0.015395397,0.39530846,0.5153843,-0.02042163,0.34905267,0.7028399,-0.0008050142,0.3393121,0.59906083,-0.018208893,0.33686817,0.5395274,-0.028416041,0.3310101,0.49340874,-0.03313816,0.317985,0.72157073,-0.0077842004,0.31587848,0.6344012,-0.04419176,0.34643838,0.6859036,-0.048509497,0.3614662,0.7344555,-0.040125426,0.29000556,0.7548311,-0.015532379,0.30034268,0.6947736,-0.048757017,0.32829046,0.73085403,-0.05052352,0.34194458,0.7729002,-0.0439519,peace
0.3533436,0.9089167,3.9215695e-07,0.40594313,0.84389263,-0.0196763,0.41396648,0.74762434,-0.02090355,0.38006347,0.680654,-0.023029216,0.3387822,0.6545841,-0.024006775,0.37709975,0.7020583,0.0043803835,0.3837027,0.6170191,-0.004043683,0.38488597,0.5659537,-0.009100715,0.38364524,0.5224771,-0.013357439,0.34244895,0.7024594,0.0020021321,0.3281461,0.6023099,-0.01212403,0.32476962,0.54648614,-0.020337658,0.31799012,0.5041853,-0.024006424,0.31233504,0.72198194,-0.004319671,0.30690187,0.63685316,-0.039542746,0.34035897,0.6849618,-0.04533253,0.35672295,0.73094404,-0.03839481,0.28472602,0.7547932,-0.0113769565,0.29259133,0.6940336,-0.044938236,0.32209525,0.72898936,-0.048394267,0.33694312,0.76982176,-0.043414574,peace
0.35110036,0.90503,4.0465693e-07,0.40372434,0.83796006,-0.019895682,0.40946943,0.74277055,-0.020990962,0.37357625,0.6790736,-0.023088861,0.332531,0.6555232,-0.023996128,0.37295124,0.7022674,0.0052501797,0.37688884,0.61780095,-0.002877566,0.37719458,0.5679191,-0.007104117,0.3746627,0.52606106,-0.010472478,0.33897293,0.703249,0.0034176244,0.32511777,0.6050213,-0.010798779,0.3202093,0.550513,-0.0183437,0.31152016,0.51046365,-0.021088503,0.30892736,0.7222781,-0.002611272,0.30340254,0.6391126,-0.03797128,0.33626842,0.68869275,-0.043601364,0.35206965,0.7349197,-0.036017094,0.28060442,0.7540407,-0.00937967,0.288001,0.6934712,-0.042410076,0.31831288,0.7276811,-0.045775183,0.33420053,0.7680055,-0.0406043,peace
0.34827527,0.9040193,4.0269904e-07,0.40133289,0.83626914,-0.01993124,0.40582645,0.7417094,-0.020710303,0.37053904,0.6762345,-0.022467973,0.33205673,0.6474064,-0.02309366,0.37131196,0.7039471,0.0052079977,0.37483966,0.6199655,-0.0031525518,0.37482813,0.5701492,-0.0075550056,0.37210545,0.5279316,-0.01110008,0.33720073,0.7046613,0.0036843494,0.32377476,0.6078676,-0.0104501415,0.3195239,0.5539478,-0.017741892,0.3120066,0.51396406,-0.020490142,0.30696478,0.72318417,-0.0021343722,0.30069375,0.638802,-0.037253898,0.3333222,0.6878049,-0.042752925,0.34995398,0.73465014,-0.03531188,0.27854225,0.7548492,-0.008728634,0.2855599,0.6939991,-0.042314902,0.315829,0.7271525,-0.0463223,0.33246803,0.76781106,-0.0416081,peace
0.3478879,0.902331,3.939941e-07,0.40050662,0.83457375,-0.01852516,0.40559596,0.7410999,-0.019363921,0.37079883,0.67600816,-0.021372233,0.33259296,0.6489691,-0.022394117,0.37233794,0.7062772,0.0038626064,0.37556714,0.6223383,-0.0053472575,0.37511274,0.572405,-0.010598455,0.37252116,0.52922964,-0.014804022,0.33792385,0.7065269,0.0016823183,0.3245573,0.6100321,-0.013459924,0.32140476,0.5563509,-0.021572469,0.31498015,0.51610476,-0.025115114,0.30702585,0.72433907,-0.0042998465,0.30005258,0.6389089,-0.03873827,0.3324439,0.6869593,-0.043129586,0.34866968,0.73453134,-0.035325836,0.27766597,0.755987,-0.011009778,0.28361467,0.6926951,-0.042959187,0.3137113,0.72387993,-0.04542746,0.3298468,0.76470816,-0.039939824,peace
0.3451365,0.90146506,4.0330713e-07,0.39807698,0.83472764,-0.018034795,0.40398833,0.7419958,-0.0185179,0.36944747,0.6764568,-0.020307502,0.33146763,0.649428,-0.021190168,0.3722572,0.70834786,0.0045043784,0.3760485,0.6234576,-0.004833096,0.37551087,0.5728228,-0.010247058,0.37279844,0.52915365,-0.0146793565,0.33780444,0.7085003,0.0019931826,0.32538006,0.6114929,-0.013590612,0.32194242,0.5574215,-0.022170758,0.31533155,0.5168354,-0.026026849,0.30677342,0.7261981,-0.0042709326,0.2985231,0.63838595,-0.039335806,0.33002496,0.6868471,-0.043851785,0.34625018,0.73526525,-0.036040306,0.27683485,0.7583783,-0.011211202,0.2818712,0.6957022,-0.044296216,0.3118116,0.7267411,-0.047342088,0.3284085,0.76774865,-0.042080756,peace
0.34371027,0.9008777,3.8837908e-07,0.39558718,0.8342264,-0.018306438,0.4014962,0.7417756,-0.018882284,0.36652765,0.67594993,-0.020343019,0.32767552,0.6484809,-0.020945573,0.3742398,0.7105407,0.003835891,0.3788325,0.62563187,-0.0049359486,0.37766442,0.57422924,-0.010038038,0.37419802,0.5305186,-0.014302285,0.33867463,0.7102117,0.0016356341,0.32583225,0.6131399,-0.012923947,0.32100087,0.5598826,-0.020899853,0.31346473,0.52040195,-0.024424762,0.30676308,0.7273214,-0.0042392304,0.29632685,0.63952774,-0.038926046,0.32594693,0.68625104,-0.04433553,0.34172702,0.73365015,-0.037424434,0.2753765,0.75869554,-0.010665227,0.27885038,0.69809914,-0.044443212,0.308035,0.7299863,-0.048297264,0.32519308,0.7710999,-0.043601718,peace
0.34342375,0.89921534,3.8673633e-07,0.39468434,0.83244896,-0.018366113,0.39906973,0.7399738,-0.018891672,0.36152512,0.67558223,-0.020230472,0.32108256,0.6489098,-0.020740664,0.37512836,0.7105869,0.0040661036,0.38064015,0.626193,-0.003644508,0.37968358,0.5739779,-0.0077011376,0.37616754,0.5300064,-0.01139308,0.33812115,0.7099532,0.001955067,0.32579774,0.61506665,-0.011305677,0.32089272,0.56363136,-0.017963922,0.31281784,0.5245393,-0.020641854,0.30533463,0.72704244,-0.0038715128,0.29334778,0.64260036,-0.037914902,0.322279,0.69196033,-0.042752046,0.33703333,0.73874694,-0.035567626,0.27272594,0.75862724,-0.010268055,0.27281246,0.7001262,-0.043756265,0.30167955,0.73278034,-0.047520276,0.31924295,0.7726302,-0.042911734,peace
0.34484577,0.8978219,3.8335298e-07,0.39352128,0.82983375,-0.017625878,0.3955381,0.7375046,-0.017793903,0.35676774,0.67482835,-0.018880177,0.31580138,0.6494123,-0.018964324,0.37443247,0.7117529,0.004907616,0.37965447,0.6269829,-0.003078958,0.37812284,0.57374287,-0.007427291,0.3737735,0.5294545,-0.011312374,0.3374114,0.71112853,0.0025351779,0.3237177,0.61761564,-0.011151857,0.3176588,0.5661846,-0.018486066,0.30865526,0.52719855,-0.02157286,0.30405656,0.72834784,-0.0034209865,0.29181334,0.645519,-0.03751667,0.32004693,0.695349,-0.042224832,0.33423144,0.7418436,-0.03488471,0.27128688,0.76002795,-0.009887343,0.27162176,0.70514005,-0.043423697,0.2994868,0.73751014,-0.04711908,0.3160482,0.7762632,-0.042311266,peace
0.34384558,0.89682233,3.945701e-07,0.39143035,0.8277854,-0.018074194,0.3918229,0.7355022,-0.018214537,0.3514993,0.67373323,-0.019233117,0.30958244,0.64960706,-0.019219749,0.37278152,0.7087205,0.0053481134,0.37747625,0.62400067,-0.0026629085,0.37614462,0.57059216,-0.0074160164,0.3722478,0.52578545,-0.011698301,0.33557525,0.70937854,0.0032087793,0.32038075,0.6189627,-0.010118242,0.31420878,0.5675869,-0.0174735,0.30535492,0.52780473,-0.020792175,0.30277887,0.72822744,-0.0026563755,0.28774342,0.6474652,-0.036577865,0.31581002,0.6962676,-0.041309636,0.3304723,0.7418372,-0.034074612,0.27090943,0.7618006,-0.00913547,0.2686745,0.70807403,-0.042844098,0.29561216,0.7394347,-0.04675464,0.31167814,0.77702355,-0.042118337,peace
0.3455458,0.89768887,4.0711038e-07,0.391293,0.8290562,-0.01809697,0.38884,0.73690754,-0.017798755,0.34756887,0.6765545,-0.01850367,0.30530524,0.6501309,-0.017984618,0.3723709,0.7068628,0.0076786564,0.3751796,0.6201281,-0.00042933717,0.37242174,0.5655727,-0.005097507,0.36679542,0.520232,-0.009236738,0.33503115,0.7090727,0.0050551835,0.3184356,0.6186081,-0.009280812,0.30997634,0.5672712,-0.017512307,0.29901263,0.52650166,-0.02087772,0.30263206,0.7292219,-0.0014711324,0.28335503,0.6513312,-0.03745464,0.3112204,0.70303524,-0.042278647,0.32669476,0.74784064,-0.034179788,0.27164468,0.76437974,-0.008590781,0.26535705,0.7132385,-0.044537917,0.29207605,0.74736536,-0.04863929,0.30921286,0.7842024,-0.043354202,peace
0.34325483,0.8984525,3.9332173e-07,0.389292,0.83401954,-0.018985836,0.3865981,0.74014294,-0.018069072,0.34492058,0.67894757,-0.017775184,0.30204916,0.6524291,-0.016076535,0.37134355,0.70202917,0.008557966,0.3716338,0.61498535,0.0014517324,0.36768132,0.56110317,-0.0029792974,0.36089316,0.51647013,-0.0073177633,0.3340931,0.7056583,0.006718128,0.31627718,0.617384,-0.00663362,0.3063308,0.5666987,-0.015162811,0.2941672,0.5264783,-0.019006383,0.30218416,0.7274414,0.0008533085,0.27924365,0.6516489,-0.034698796,0.3077428,0.7021699,-0.04071133,0.3251825,0.74523824,-0.033766758,0.2720527,0.7642494,-0.0056878263,0.263027,0.7182117,-0.0430747,0.28909212,0.7532549,-0.049169164,0.30713493,0.7887775,-0.04524999,peace
0.3464271,0.9001906,3.9225787e-07,0.3886207,0.8353874,-0.018914469,0.38569197,0.7428429,-0.01925319,0.3426152,0.68584377,-0.020433523,0.2986797,0.65987337,-0.020241464,0.36854675,0.6949688,0.006925609,0.36481988,0.60834676,-0.0021780883,0.35879648,0.55438775,-0.0084046135,0.3507988,0.5094668,-0.013735323,0.33071724,0.70157766,0.0041496586,0.31072843,0.6153207,-0.010779294,0.29804763,0.56581134,-0.021277318,0.28391334,0.5251476,-0.026293386,0.29846123,0.7274557,-0.0023705014,0.2741633,0.6577813,-0.03834376,0.30249098,0.7109455,-0.04382883,0.3205617,0.75333077,-0.036321215,0.26898527,0.7691617,-0.009609279,0.2589415,0.72540617,-0.046013758,0.2848551,0.76104635,-0.050305683,0.30329016,0.7945399,-0.04492476,peace
0.34962702,0.90267426,3.9623754e-07,0.3907981,0.83881366,-0.019118095,0.3851,0.74500394,-0.019371256,0.3389916,0.69057345,-0.020508159,0.29441082,0.6665655,-0.020262063,0.36689427,0.6921067,0.0061196885,0.3597486,0.60267705,-0.0034078031,0.35205343,0.5487258,-0.0096261725,0.34241572,0.5044904,-0.014536937,0.32862082,0.7017022,0.0027878867,0.30475,0.61134064,-0.013094626,0.29018158,0.5610658,-0.023946956,0.2740846,0.520207,-0.028432367,0.29671824,0.73045963,-0.0042084716,0.27163953,0.6615355,-0.041242998,0.3011895,0.7181632,-0.04579144,0.31887653,0.76059824,-0.03667094,0.26848546,0.77505857,-0.011957713,0.25584435,0.72844726,-0.048247464,0.2826926,0.7653487,-0.05071073,0.3016035,0.7986806,-0.043503076,peace
0.35115176,0.9082096,4.045612e-07,0.39086574,0.84049237,-0.019408887,0.38401532,0.7466746,-0.019775184,0.33843488,0.6928613,-0.02127948,0.2930542,0.66951716,-0.021358157,0.3655289,0.6925309,0.007400685,0.35727218,0.6037288,-0.0027507185,0.3482619,0.54989976,-0.009625659,0.3375077,0.5050818,-0.014918663,0.32679948,0.70240194,0.0038628434,0.30252677,0.6115501,-0.013154215,0.28776518,0.5600549,-0.024316028,0.27200195,0.5183104,-0.028689694,0.29409677,0.7320154,-0.0035609351,0.26982245,0.66345763,-0.041809347,0.29953116,0.72180927,-0.045732696,0.31697014,0.7652903,-0.03567751,0.26604834,0.777246,-0.011834755,0.25474048,0.73015165,-0.04839927,0.28183377,0.76878107,-0.04983736,0.30002278,0.8029895,-0.041686237,peace
0.35064614,0.9101525,4.0890072e-07,0.39071092,0.8416765,-0.020465706,0.3823314,0.74750286,-0.021204976,0.33564574,0.6932276,-0.022927225,0.2898213,0.66820836,-0.023205247,0.36262527,0.689981,0.0063709924,0.354532,0.60167694,-0.0044912845,0.34548217,0.54811853,-0.01185649,0.33430088,0.50363594,-0.017362112,0.3239255,0.70176786,0.0029947234,0.29947084,0.6103456,-0.014614354,0.2845979,0.5592547,-0.025820984,0.26827577,0.5181817,-0.029989704,0.29184794,0.73348844,-0.004448141,0.26870707,0.6673505,-0.04326825,0.30019274,0.724233,-0.047394715,0.31836593,0.7660874,-0.037259087,0.26465976,0.7809881,-0.012829974,0.25457302,0.7339217,-0.049560934,0.28318155,0.77134645,-0.05087478,0.3023832,0.80470437,-0.04255526,peace
0.35012951,0.91105336,4.0571194e-07,0.39063537,0.8411991,-0.019670159,0.38211328,0.7470277,-0.019608429,0.33619988,0.6928762,-0.020698335,0.29050222,0.6687139,-0.02037267,0.36121655,0.6877585,0.0077740024,0.35251427,0.59950054,-0.0024839856,0.3427327,0.54585284,-0.009400305,0.3309901,0.5014791,-0.014629156,0.32210127,0.69986576,0.00414048,0.29649597,0.60826313,-0.01354839,0.27991557,0.5567829,-0.025015665,0.2626194,0.51577634,-0.029232204,0.29007658,0.7322706,-0.0034464365,0.26668382,0.665703,-0.042859577,0.29811645,0.7233332,-0.047678348,0.31699666,0.7658388,-0.037733056,0.2633516,0.7806836,-0.011820776,0.2530687,0.7351039,-0.04976516,0.28263444,0.77293813,-0.052023374,0.3033272,0.80612487,-0.04401982,peace
0.34919524,0.9130426,3.9848206e-07,0.39006323,0.84003514,-0.018467309,0.38221416,0.7471213,-0.017717233,0.33698434,0.6927318,-0.018620146,0.2921896,0.6696186,-0.018119736,0.3589061,0.68832034,0.010641004,0.35034764,0.5991875,0.0011758978,0.34028178,0.5449181,-0.005367853,0.32871744,0.50032264,-0.010509229,0.3199822,0.70052487,0.0068237237,0.29399532,0.60964245,-0.0108229,0.27622822,0.5588708,-0.022935284,0.25871107,0.519155,-0.027692007,0.28797865,0.73290825,-0.0008993781,0.26356733,0.6655042,-0.04081064,0.29503274,0.72253346,-0.047145452,0.3154213,0.7664231,-0.038142007,0.2610415,0.78153014,-0.00923168,0.24987127,0.73819894,-0.048455663,0.28073108,0.7745936,-0.052663025,0.30376947,0.8073696,-0.04583095,peace
0.3493272,0.9126998,3.9774045e-07,0.389097,0.83996177,-0.018525008,0.38137555,0.74740005,-0.018020812,0.3356408,0.6941707,-0.01913616,0.29067284,0.67115855,-0.01888985,0.3565558,0.68618304,0.010271588,0.3471334,0.59772635,0.00042579183,0.33643556,0.54386985,-0.006330423,0.32414144,0.49962434,-0.011450725,0.31759048,0.6996273,0.0061348164,0.28927273,0.6084541,-0.011912285,0.27013054,0.558313,-0.0243545,0.25128525,0.5180609,-0.029062007,0.28610018,0.73323596,-0.001842931,0.26246393,0.66762894,-0.042235058,0.29457054,0.7249353,-0.04871479,0.31485632,0.76748544,-0.039549217,0.25958368,0.7832027,-0.010384602,0.24870789,0.7412779,-0.04965165,0.28043666,0.77763414,-0.053508878,0.30410415,0.8088906,-0.04625215,peace
0.34894243,0.91194177,4.012564e-07,0.3897703,0.84025884,-0.020221442,0.38154873,0.74715984,-0.02010609,0.3361617,0.6937639,-0.021155257,0.29201004,0.66856927,-0.02067058,0.35527653,0.6842769,0.008486766,0.34553444,0.5960125,-0.0013607001,0.33440715,0.5421214,-0.0077960733,0.3217856,0.49796423,-0.012779525,0.31573066,0.6980182,0.005120003,0.2867369,0.60633886,-0.013366485,0.2675018,0.55672765,-0.025490846,0.24877015,0.51782995,-0.029840669,0.28390908,0.731916,-0.0022268628,0.25983486,0.6646273,-0.04364776,0.2932352,0.722504,-0.05025167,0.3142523,0.7653572,-0.040962327,0.25738555,0.7819585,-0.010185549,0.24767041,0.7396301,-0.051019143,0.28083998,0.77685213,-0.05565276,0.30475992,0.8084057,-0.048728514,peace
0.34843472,0.9114289,4.008128e-07,0.38940552,0.8391475,-0.021052133,0.3818638,0.74462485,-0.021747874,0.3375669,0.69009954,-0.023340352,0.29299426,0.6661529,-0.02328874,0.35471046,0.68160594,0.0061935773,0.34551492,0.59443855,-0.00451771,0.33473828,0.5419267,-0.011471398,0.3222289,0.49828336,-0.016812423,0.31472972,0.69438714,0.0033016745,0.2874866,0.60405,-0.0156162325,0.26972649,0.5545277,-0.027315496,0.2520109,0.5156678,-0.03147827,0.28261375,0.7281622,-0.0035976518,0.25863022,0.66206515,-0.044339262,0.29289055,0.7201773,-0.049890112,0.31463403,0.7632472,-0.040218413,0.25665796,0.77818567,-0.0112717515,0.24833483,0.73638856,-0.050854094,0.2812243,0.77302897,-0.05464278,0.30411178,0.80405843,-0.04747295,peace
0.34690917,0.9100477,3.997891e-07,0.38865224,0.83526653,-0.020470783,0.38337046,0.74253756,-0.022008322,0.3410769,0.6871862,-0.0243774,0.29802096,0.66515493,-0.025393521,0.35550484,0.6842104,0.0020718994,0.3493076,0.5962901,-0.009433177,0.3405589,0.54373884,-0.016792918,0.33001515,0.49929184,-0.02218176,0.3156773,0.6952543,-0.00048051737,0.29096246,0.6040714,-0.018104395,0.27551633,0.55202407,-0.02840271,0.26026696,0.5112432,-0.03242903,0.2834199,0.7274173,-0.006723451,0.26422727,0.6581861,-0.0437553,0.29731178,0.7104169,-0.048489165,0.31822678,0.7527502,-0.039754774,0.2573993,0.77548677,-0.013834119,0.25294742,0.73119265,-0.049301647,0.2845444,0.76290023,-0.052011877,0.3059015,0.7939543,-0.04519459,peace
0.34210247,0.90655005,3.8261075e-07,0.38830692,0.83575934,-0.019439178,0.38583753,0.74291164,-0.019605272,0.3458397,0.68329114,-0.020452797,0.30456856,0.65903705,-0.02035715,0.3615323,0.6872,0.0019391685,0.35932964,0.59998286,-0.008566337,0.35265872,0.5480861,-0.015485734,0.3442414,0.5031163,-0.020792484,0.32166827,0.6948807,-0.00042616267,0.30147153,0.60155725,-0.016438063,0.28856492,0.5482608,-0.025945667,0.275669,0.50611794,-0.029925324,0.28891206,0.72393423,-0.006228948,0.27245376,0.6492495,-0.042007584,0.30141568,0.6970552,-0.047664665,0.3191971,0.7378477,-0.04047179,0.2618658,0.7695693,-0.012712482,0.26182058,0.72141874,-0.048460446,0.29129922,0.7546206,-0.05212354,0.31047308,0.78830844,-0.046400674,peace
0.3395861,0.90480024,3.9218924e-07,0.39000106,0.8375112,-0.020138595,0.39088023,0.74440783,-0.01995454,0.3528409,0.6818536,-0.020105677,0.31266502,0.6548496,-0.019342467,0.36899304,0.6919822,0.0012267301,0.3707117,0.6046978,-0.008084721,0.36640227,0.551836,-0.014136355,0.35999346,0.50593585,-0.019009013,0.33000487,0.6956173,-0.00026169003,0.31404248,0.60068154,-0.015169302,0.3047552,0.54557306,-0.02410517,0.2943912,0.50242645,-0.027996302,0.29630503,0.7210503,-0.0052168374,0.28365397,0.64318585,-0.040433705,0.31045365,0.69190776,-0.04655557,0.32537544,0.73455316,-0.039833322,0.2667042,0.76254034,-0.010855361,0.26905474,0.71040505,-0.04625421,0.297048,0.7449792,-0.050493117,0.3140592,0.78119785,-0.045494024,peace
0.33967867,0.9050927,3.989407e-07,0.39238697,0.8415682,-0.020567054,0.3967248,0.7482701,-0.020879583,0.35926875,0.68215793,-0.021617813,0.3193974,0.65283227,-0.021319188,0.37578028,0.6981475,0.0014255411,0.38003364,0.61015046,-0.008516891,0.37734652,0.55583316,-0.014720124,0.37263113,0.50920737,-0.01972647,0.3368488,0.6995081,-0.00029894942,0.32323042,0.6015974,-0.016909735,0.31533977,0.5433382,-0.02704916,0.30615467,0.49834794,-0.031647366,0.30241647,0.7221312,-0.0055479677,0.29330856,0.6403778,-0.04206966,0.31824443,0.6922667,-0.047928866,0.3309518,0.73738706,-0.0406193,0.27121156,0.7604679,-0.011487292,0.27472627,0.7055919,-0.047263633,0.301062,0.742353,-0.051118035,0.3162037,0.78102815,-0.045710534,peace
0.34440595,0.9058112,4.1990046e-07,0.3966836,0.84382385,-0.020313904,0.4032098,0.75001216,-0.022370936,0.36566767,0.684053,-0.024934037,0.3253932,0.65740967,-0.02635254,0.37823054,0.7007504,-0.0022711656,0.38213286,0.61036247,-0.014090111,0.37986386,0.5539257,-0.020899115,0.37500662,0.50638366,-0.025975581,0.3394901,0.7022948,-0.004929241,0.3246242,0.6008568,-0.023032598,0.31755745,0.5421115,-0.033110466,0.30848998,0.49750346,-0.037313465,0.30518547,0.7242179,-0.0107757505,0.29709223,0.6400552,-0.047909554,0.32363248,0.6952947,-0.051908948,0.33692342,0.74386007,-0.04284237,0.2740015,0.76185966,-0.017331086,0.27814117,0.7057712,-0.0522795,0.30537096,0.7422905,-0.054254774,0.32035002,0.78219765,-0.04722232,peace
0.34542045,0.9057588,4.3302285e-07,0.3979397,0.845217,-0.021253472,0.4057479,0.7516007,-0.023723317,0.3702262,0.6840496,-0.02640885,0.33099082,0.65368974,-0.027984403,0.38190255,0.6998398,-0.003842479,0.38864776,0.60918945,-0.015974803,0.38737187,0.5530711,-0.022873089,0.3835313,0.5053388,-0.027861279,0.3421699,0.7009715,-0.0059346156,0.32848063,0.59842885,-0.024019193,0.32133293,0.53890264,-0.033787042,0.31252754,0.49307114,-0.037757006,0.30741513,0.7229945,-0.011223177,0.3013862,0.63830006,-0.048703164,0.3270524,0.692296,-0.053179927,0.33985707,0.74050605,-0.04443964,0.27636883,0.7607948,-0.017198265,0.28219068,0.70464605,-0.052925706,0.30897605,0.741448,-0.055224646,0.32394028,0.782047,-0.048233178,peace
0.34320274,0.9058254,4.3599763e-07,0.39804047,0.8473901,-0.02151298,0.40865758,0.7545281,-0.02342988,0.37485796,0.68513453,-0.02542434,0.3370972,0.65117824,-0.026242495,0.38795307,0.69831073,-0.0028328558,0.3974201,0.6086615,-0.014514097,0.3980599,0.5534017,-0.021398827,0.3961378,0.5056756,-0.026508722,0.34815025,0.6974761,-0.0046030823,0.33818278,0.5954741,-0.022399984,0.3321292,0.53543806,-0.03252196,0.32417062,0.48847806,-0.036828205,0.31284863,0.7186048,-0.009682583,0.30839297,0.6351767,-0.046771187,0.33208108,0.6884046,-0.05189234,0.3435806,0.7348965,-0.043882247,0.28107154,0.7561416,-0.01549872,0.2887736,0.70137864,-0.05131962,0.31409314,0.7394236,-0.054281026,0.32770342,0.7790581,-0.047946855,peace
0.34170383,0.9073066,4.3121736e-07,0.39873838,0.85240024,-0.020738678,0.4129381,0.75986606,-0.023135701,0.38242847,0.6883911,-0.025870586,0.34597716,0.65332913,-0.027505863,0.39316216,0.7026538,-0.004271203,0.40616372,0.6113888,-0.016923565,0.4089871,0.55515516,-0.024308309,0.4088434,0.50654936,-0.029707525,0.35341722,0.69959813,-0.006731732,0.3472066,0.59524095,-0.025350781,0.34373346,0.53434664,-0.035696562,0.33756185,0.48735327,-0.040160242,0.3175554,0.7183874,-0.012256369,0.31564656,0.6328496,-0.04904513,0.33891064,0.6873061,-0.053011585,0.34991154,0.735633,-0.044342455,0.28537613,0.7535945,-0.01857017,0.2941767,0.6983482,-0.05356735,0.31887048,0.736969,-0.055526175,0.3315411,0.7781039,-0.04853707,peace
0.342063,0.9076697,4.339076e-07,0.39922255,0.85759115,-0.020047935,0.4175223,0.7635147,-0.022246562,0.3922747,0.6905648,-0.02473934,0.35682094,0.6561997,-0.025993513,0.39830604,0.70326567,-0.0049964394,0.41497636,0.6128069,-0.017237252,0.4204907,0.55781037,-0.024112549,0.4224131,0.5103779,-0.029047655,0.35927635,0.69847983,-0.0076190135,0.35633478,0.5936165,-0.025606025,0.35554415,0.53264105,-0.035463776,0.3511187,0.48505726,-0.039599795,0.32329395,0.7158447,-0.013077784,0.32503408,0.6314808,-0.048541293,0.34740815,0.68595374,-0.052329887,0.35706532,0.73414433,-0.043888442,0.29110873,0.74922425,-0.019315897,0.30341318,0.69694996,-0.052850902,0.32678983,0.73646426,-0.05453134,0.3373393,0.77752274,-0.047637783,peace
0.33935043,0.90833783,4.2234777e-07,0.3999904,0.85990274,-0.019011626,0.42267117,0.7674787,-0.020943297,0.40065223,0.6923999,-0.02336555,0.36591062,0.65870893,-0.02477377,0.40403253,0.7108841,-0.0048913034,0.42529085,0.62188566,-0.016673367,0.43307948,0.5683881,-0.023366937,0.43742466,0.5211568,-0.028197417,0.36644652,0.70194584,-0.0075587793,0.3686856,0.5962742,-0.024593297,0.37234193,0.5353371,-0.03378044,0.37118134,0.48732257,-0.037771333,0.33076358,0.7151725,-0.012920273,0.33539158,0.63077253,-0.04722751,0.35754082,0.6846792,-0.051148467,0.36592564,0.7341045,-0.043153796,0.29710916,0.74479276,-0.018976005,0.31113178,0.6909618,-0.05079306,0.33368477,0.7294994,-0.05205925,0.3421447,0.7711956,-0.045377854,peace
0.33766446,0.90920484,4.262067e-07,0.3996334,0.8658242,-0.01845486,0.42748195,0.7752703,-0.021049282,0.41032216,0.6973755,-0.024136117,0.37692633,0.6605138,-0.026279392,0.40957788,0.7225204,-0.0070595774,0.43597794,0.6322017,-0.018962229,0.44769636,0.57976776,-0.025177127,0.45577312,0.53285116,-0.029614279,0.37394118,0.7096463,-0.00996182,0.38232496,0.5999526,-0.02674619,0.39077267,0.53934574,-0.035278115,0.39270276,0.49045405,-0.03896646,0.3387305,0.71824396,-0.015261898,0.34806767,0.6303451,-0.049260933,0.36917362,0.6873082,-0.052080058,0.37531516,0.73785555,-0.043440457,0.3042779,0.7433217,-0.021179752,0.3218376,0.68700826,-0.052398805,0.34327856,0.7279038,-0.05273991,0.34943298,0.77089024,-0.04557754,peace
0.3380991,0.9098514,4.3742165e-07,0.40206683,0.86965156,-0.019294119,0.43242085,0.7796138,-0.02181716,0.41789907,0.7005423,-0.02489844,0.3864993,0.6602009,-0.026766237,0.41404408,0.72622156,-0.0061005903,0.44313204,0.6366946,-0.018283755,0.45680428,0.58462906,-0.024554402,0.46636763,0.5382675,-0.029013757,0.37903306,0.71213216,-0.0086537115,0.3909825,0.60229117,-0.026268287,0.40192708,0.5425755,-0.035151906,0.40568295,0.4937175,-0.038890433,0.34367648,0.7188956,-0.013882745,0.3573129,0.6305229,-0.048813272,0.37616813,0.6924735,-0.050985504,0.38011748,0.74473524,-0.041383557,0.309192,0.7417272,-0.019888893,0.3295283,0.6854383,-0.051767617,0.3500929,0.7287098,-0.052167483,0.3551345,0.77271175,-0.044773318,peace
0.3396156,0.9101759,4.4179723e-07,0.4032782,0.87246907,-0.020700257,0.43594033,0.7839601,-0.024306487,0.42280522,0.7038357,-0.028115345,0.3920553,0.6600506,-0.030573595,0.41757077,0.72912765,-0.0080904635,0.4476206,0.63845474,-0.020352328,0.46186584,0.58617604,-0.026367806,0.47207695,0.53981644,-0.030607793,0.38268688,0.7143741,-0.010001049,0.39597225,0.6034734,-0.027104858,0.40771756,0.54401296,-0.03539097,0.4121206,0.4959858,-0.038928468,0.34753162,0.7198334,-0.014695387,0.362978,0.6297453,-0.049250733,0.38162583,0.6915516,-0.051454388,0.38503802,0.7444874,-0.04221462,0.31320828,0.7407225,-0.020275207,0.33506283,0.68467814,-0.05237205,0.35506454,0.7284598,-0.053129647,0.3592282,0.7733474,-0.046070557,peace
0.34204194,0.9097955,4.4458173e-07,0.40548348,0.87283504,-0.020623798,0.43905914,0.78615224,-0.024788728,0.42693782,0.70638096,-0.029349355,0.39739215,0.6610745,-0.032558125,0.420177,0.7304009,-0.007984593,0.4517201,0.64165413,-0.020712748,0.4670006,0.59056014,-0.027108725,0.47808576,0.54487383,-0.031594146,0.38604078,0.7152973,-0.010137446,0.4008357,0.6049069,-0.02778452,0.41373694,0.54667234,-0.036449067,0.41887337,0.49888295,-0.0402503,0.35120964,0.7201365,-0.015101059,0.3685715,0.6303623,-0.04980925,0.38721973,0.69336057,-0.051688824,0.38989088,0.7465352,-0.042220965,0.3169319,0.74039996,-0.020967212,0.3401184,0.68408084,-0.05270014,0.3602698,0.7282376,-0.05297659,0.3638162,0.77337027,-0.045626573,peace
0.344007,0.90995085,4.4539803e-07,0.40758556,0.8740761,-0.0208244,0.44188923,0.7885664,-0.024946613,0.4308126,0.7089165,-0.029442746,0.4025315,0.6624649,-0.032489657,0.4231296,0.73152405,-0.0071770777,0.45520124,0.64456207,-0.019733131,0.4708985,0.5944217,-0.026027683,0.48225883,0.54955584,-0.030391302,0.3895671,0.7154905,-0.009180275,0.40507314,0.6059402,-0.0267393,0.41847378,0.5481472,-0.035295572,0.42414767,0.5010648,-0.038872164,0.35498527,0.7196645,-0.014112847,0.37341076,0.6310835,-0.048733514,0.39141557,0.69438136,-0.05057283,0.3936697,0.7476359,-0.04100004,0.32090288,0.7394904,-0.019976377,0.34474295,0.6845846,-0.05154593,0.364163,0.72893244,-0.051785078,0.3672249,0.77377194,-0.04435927,peace
0.34537348,0.9103246,4.4930846e-07,0.40972263,0.8751893,-0.021398379,0.44397283,0.79062724,-0.025869748,0.43229315,0.71028066,-0.0307683,0.4045302,0.66158265,-0.03425224,0.42528307,0.73342544,-0.0071083186,0.45804143,0.6468813,-0.020336052,0.47430855,0.5965515,-0.027149184,0.4862268,0.55130905,-0.031828225,0.391886,0.71679115,-0.009035839,0.40847093,0.60730004,-0.027224809,0.42246437,0.5502274,-0.036183085,0.42849123,0.50343364,-0.03993827,0.35747755,0.7202981,-0.014046742,0.37716466,0.63219476,-0.04962559,0.39463195,0.6968559,-0.05158301,0.39618567,0.7503183,-0.041766807,0.3232344,0.7395651,-0.020022461,0.347516,0.6842033,-0.05241528,0.3670399,0.7295003,-0.052814268,0.37019023,0.7751524,-0.045269016,peace
0.34702468,0.91078603,4.5942068e-07,0.4112933,0.87706226,-0.021180809,0.4467412,0.7939281,-0.025630942,0.43627238,0.71457106,-0.030582976,0.40907633,0.6660897,-0.03409242,0.4279206,0.7339019,-0.0066333367,0.4610194,0.6489035,-0.019848295,0.47794726,0.59956133,-0.026692476,0.49034727,0.55524576,-0.031306658,0.39488506,0.71711135,-0.0087409485,0.41264352,0.6081314,-0.026982304,0.4274088,0.55075735,-0.035996806,0.4338025,0.50357664,-0.039637424,0.36051172,0.7207273,-0.013947617,0.38089117,0.63359714,-0.049936663,0.39797014,0.6986693,-0.052155457,0.39918455,0.7518816,-0.042263262,0.32615754,0.74014354,-0.02004077,0.35117692,0.6862737,-0.052667655,0.37018967,0.7320192,-0.05311347,0.37259138,0.77697414,-0.045469668,peace
0.34908634,0.9118636,4.761171e-07,0.41327947,0.8789001,-0.021576282,0.44858736,0.79607636,-0.026106767,0.43884403,0.7175386,-0.031154498,0.41336077,0.6681437,-0.034491513,0.4302865,0.7334714,-0.006154889,0.4643851,0.6494063,-0.019608023,0.48207933,0.6008041,-0.026561692,0.49481538,0.5569996,-0.031229418,0.3975218,0.7161473,-0.008087066,0.4159514,0.6086321,-0.027269775,0.43100122,0.5517761,-0.036849752,0.4379512,0.5041989,-0.040645637,0.36290565,0.7191364,-0.0132212825,0.38532108,0.634121,-0.049923543,0.40123996,0.7011825,-0.051925097,0.40161738,0.75393987,-0.04166765,0.32854748,0.73824614,-0.019310556,0.35580653,0.68898124,-0.05250326,0.37368226,0.73605573,-0.05318117,0.37476102,0.7792859,-0.045526933,peace
0.35004047,0.91241527,4.842675e-07,0.41380423,0.8799899,-0.02167853,0.45056653,0.79913205,-0.026733583,0.44203457,0.7205716,-0.032328352,0.41758567,0.6704598,-0.036244754,0.43132696,0.7355956,-0.0068221297,0.4657564,0.6517074,-0.020993134,0.48402727,0.60362583,-0.028332938,0.49768847,0.5607283,-0.033005886,0.398998,0.71797544,-0.008698736,0.41871703,0.60972106,-0.028032813,0.4343186,0.5529221,-0.037444532,0.44218665,0.50516266,-0.041078,0.36472508,0.7202978,-0.013792705,0.38803872,0.6349084,-0.050696634,0.403253,0.701806,-0.052462537,0.40336046,0.7551411,-0.041985173,0.33017805,0.73904705,-0.019837778,0.35809442,0.6901221,-0.053106297,0.37570155,0.7372308,-0.053519413,0.37652448,0.7808462,-0.045576826,peace
0.3504206,0.9128388,4.8519814e-07,0.4145798,0.8809603,-0.021551821,0.45148528,0.7998071,-0.026098786,0.44337124,0.72141564,-0.03114699,0.41882896,0.6717545,-0.03449933,0.43322462,0.7365577,-0.006215841,0.46803358,0.65340996,-0.0200929,0.48668793,0.60648537,-0.02707111,0.50059354,0.5645637,-0.03137275,0.40119997,0.7181197,-0.00805183,0.42296347,0.6109666,-0.027053531,0.43965062,0.55506146,-0.03591675,0.44825426,0.50794506,-0.038966656,0.3668465,0.7201663,-0.013198951,0.39037004,0.636264,-0.050230358,0.40407172,0.7042806,-0.052007914,0.40339014,0.7574992,-0.041291937,0.3320726,0.73889154,-0.019263465,0.36003023,0.69100356,-0.052636787,0.37659568,0.7382985,-0.05310668,0.37682807,0.7810315,-0.045124944,peace
0.3492216,0.91273034,4.883874e-07,0.41428444,0.88131475,-0.022483332,0.45175928,0.80100894,-0.027346838,0.4435192,0.7214766,-0.032453317,0.41865906,0.67088175,-0.03591139,0.4345514,0.73987454,-0.0070386776,0.47016135,0.6576608,-0.020902876,0.48936874,0.61167353,-0.027747931,0.5038398,0.57047737,-0.031776197,0.4026429,0.7203244,-0.0082046725,0.4270882,0.6135702,-0.026610486,0.44549614,0.55886304,-0.034598447,0.45550364,0.51357174,-0.0370089,0.36848518,0.7210823,-0.012843981,0.3915312,0.6379655,-0.049525086,0.40412456,0.7048614,-0.05137318,0.4030021,0.758123,-0.040686414,0.33366036,0.7379538,-0.018502712,0.3612854,0.68884045,-0.051469017,0.377664,0.73571974,-0.051896777,0.37829992,0.7792606,-0.04395238,peace
0.3473706,0.91218764,4.820197e-07,0.41425216,0.8825877,-0.02152893,0.45334032,0.80202997,-0.025716329,0.44535416,0.72262156,-0.03033805,0.41894677,0.67573315,-0.03339141,0.43573076,0.74297863,-0.006789571,0.4721039,0.6622451,-0.0205135,0.49217743,0.61736476,-0.027434945,0.5075542,0.57698154,-0.031457916,0.40432683,0.7224644,-0.0081335725,0.4310945,0.61781496,-0.02635424,0.45136073,0.5644257,-0.034281865,0.46293306,0.52076924,-0.03675879,0.37032798,0.7213193,-0.012839681,0.39410087,0.64055395,-0.04867251,0.40521395,0.70554066,-0.050692864,0.40272298,0.7586002,-0.040368192,0.335323,0.7355249,-0.01858071,0.3641447,0.68589187,-0.04998695,0.38010198,0.7318175,-0.049964774,0.37990165,0.7760258,-0.042100493,peace
0.3484185,0.91439205,4.7983997e-07,0.4136248,0.88537806,-0.021743713,0.45309678,0.803349,-0.026070029,0.44530421,0.72344416,-0.030691547,0.41830054,0.6756346,-0.033626117,0.4366235,0.7443128,-0.0070329877,0.47334436,0.6630009,-0.02014637,0.49329552,0.6183142,-0.026657306,0.5083936,0.5773926,-0.030581847,0.40548676,0.72325927,-0.008353959,0.4329537,0.6196345,-0.025900701,0.45405263,0.5679493,-0.03346581,0.4658604,0.524883,-0.035801243,0.37154603,0.7216373,-0.012998194,0.3965042,0.64103687,-0.04801563,0.40708178,0.7080255,-0.04951791,0.40373552,0.7614424,-0.03902851,0.3365962,0.7356538,-0.01873321,0.3659929,0.68682146,-0.049485236,0.38171822,0.7335387,-0.049196366,0.38117656,0.77779007,-0.041261937,peace
0.3496005,0.9138129,4.7274466e-07,0.41451266,0.8862653,-0.02215095,0.45430642,0.80400825,-0.026421249,0.4463643,0.72386444,-0.030899301,0.4187116,0.675889,-0.033696678,0.4374541,0.7443466,-0.0068455413,0.47316694,0.6637371,-0.019693188,0.49294016,0.6192866,-0.026194884,0.5080616,0.57868326,-0.0302513,0.40642038,0.7234099,-0.007971462,0.43333122,0.6204776,-0.025091676,0.4546494,0.5687947,-0.03266214,0.4666682,0.52595556,-0.03526687,0.37256438,0.7218377,-0.012528677,0.3971222,0.64147943,-0.047225773,0.40907946,0.7075281,-0.04905742,0.40665913,0.7605125,-0.039078996,0.33789444,0.7354211,-0.0182349,0.3673686,0.6863902,-0.048763327,0.38321003,0.7326163,-0.048724353,0.38255903,0.77666116,-0.0412461,peace
0.3507535,0.91284984,4.6792061e-07,0.4151384,0.8849189,-0.022270024,0.45460856,0.80253434,-0.026254505,0.4460822,0.7225123,-0.03033748,0.41844472,0.67438996,-0.032686535,0.43886802,0.74305725,-0.0060567716,0.47429678,0.6629084,-0.018310089,0.49339795,0.6182275,-0.024433853,0.50779665,0.5774038,-0.028315548,0.40751904,0.7223633,-0.0070170052,0.4334275,0.6200178,-0.023679392,0.45417714,0.56846434,-0.030984113,0.46576,0.5258376,-0.033386942,0.37367496,0.7213902,-0.011480428,0.39773753,0.6419103,-0.0460129,0.40957013,0.70814687,-0.047938287,0.40715283,0.76054883,-0.038019914,0.33905798,0.7355663,-0.017082555,0.36808378,0.687359,-0.04767184,0.38366628,0.73378384,-0.04779222,0.38302335,0.77708066,-0.04041309,peace
0.35141444,0.91323054,4.6595346e-07,0.415954,0.8846513,-0.021908145,0.45491967,0.80292565,-0.025787707,0.44723532,0.7232888,-0.02989843,0.42047825,0.67551714,-0.0322491,0.43873584,0.74349487,-0.0057460326,0.47458947,0.6630234,-0.01825351,0.4938089,0.61824805,-0.02442285,0.50809675,0.5777302,-0.02830146,0.40751785,0.72288424,-0.0068454365,0.4327224,0.61928254,-0.023981031,0.45313185,0.56815284,-0.031400267,0.4647383,0.5257354,-0.033737533,0.37383872,0.72202593,-0.011422658,0.39811635,0.64100397,-0.046072494,0.40978187,0.70757806,-0.047669288,0.40737543,0.760452,-0.037461992,0.33946717,0.73658,-0.017146174,0.36820608,0.68860376,-0.04798299,0.38389957,0.7346801,-0.048245054,0.38350937,0.77787256,-0.04084899,peace
0.35143453,0.91179943,4.654313e-07,0.41606832,0.88365734,-0.02295585,0.4553373,0.8034043,-0.027496973,0.44753644,0.7234131,-0.032082923,0.421101,0.6743687,-0.034869306,0.43832,0.7429548,-0.0067621875,0.47405034,0.66208947,-0.01942231,0.49309143,0.6169023,-0.025602115,0.50750595,0.5761083,-0.029489968,0.40703124,0.7229019,-0.007469385,0.43115035,0.6185289,-0.024843384,0.4509543,0.56724817,-0.032340333,0.46228024,0.5248491,-0.03473901,0.37354833,0.72224456,-0.011726677,0.39855382,0.64095384,-0.047173608,0.41027883,0.70800936,-0.0488956,0.40769508,0.7608104,-0.038599387,0.33954826,0.73666525,-0.017152984,0.36890274,0.6882815,-0.04883098,0.38448638,0.73512095,-0.049262814,0.3836926,0.77859455,-0.04182844,peace
